
> wedding-rsvp@0.0.0 server
> node server/index.js

Server running on http://localhost:3000
MongoDB Connected: 127.0.0.1
Seeding Check Complete.
[2026-03-28T10:40:05.314Z] GET /api/users
[2026-03-28T10:40:05.318Z] GET /api/guests
[2026-03-28T10:40:05.327Z] GET /api/rsvps
[2026-03-28T10:40:37.478Z] GET /api/content/events
[2026-03-28T10:40:37.486Z] GET /api/content/moments
[2026-03-28T10:40:37.487Z] GET /api/content/gallery
[2026-03-28T10:40:37.488Z] GET /api/content/home_data
[2026-03-28T10:40:37.489Z] GET /api/content/contact_data
[2026-03-28T10:40:37.490Z] GET /api/content/stories
[2026-03-28T10:40:37.504Z] GET /api/content/family_people
[2026-03-28T10:40:37.505Z] GET /api/content/family_families
[2026-03-28T10:40:37.506Z] GET /api/content/family_links
[2026-03-28T10:40:37.507Z] GET /api/rsvps
[2026-03-28T10:40:37.508Z] GET /api/content/groom_family_people
[2026-03-28T10:40:37.511Z] GET /api/content/groom_family_families
[2026-03-28T10:40:37.511Z] GET /api/content/groom_family_links
[2026-03-28T10:40:37.512Z] GET /api/content/gallery
[2026-03-28T10:40:37.513Z] GET /api/content/events
[2026-03-28T10:40:37.514Z] GET /api/content/stories
[2026-03-28T10:40:37.514Z] GET /api/content/moments
[2026-03-28T10:40:37.516Z] GET /api/content/contact_data
[2026-03-28T10:40:37.516Z] GET /api/content/home_data
[2026-03-28T10:40:37.516Z] GET /api/content/family_people
[2026-03-28T10:40:37.517Z] GET /api/content/family_families
[2026-03-28T10:40:37.518Z] GET /api/content/family_links
[2026-03-28T10:40:37.519Z] GET /api/content/groom_family_people
[2026-03-28T10:40:37.520Z] GET /api/content/groom_family_families
[2026-03-28T10:40:37.520Z] GET /api/content/groom_family_links
[2026-03-28T10:40:37.526Z] GET /api/rsvps
[2026-03-28T10:40:42.201Z] GET /api/rsvps
[2026-03-28T10:40:42.207Z] GET /api/users
[2026-03-28T10:40:42.210Z] GET /api/guests
[2026-03-28T10:40:44.656Z] GET /api/users
[2026-03-28T10:40:44.657Z] GET /api/guests
[2026-03-28T10:40:44.659Z] GET /api/rsvps
[2026-03-28T10:40:47.289Z] POST /api/guests
[2026-03-28T10:40:47.319Z] GET /api/guests
[2026-03-28T10:40:47.319Z] GET /api/users
[2026-03-28T10:40:47.320Z] GET /api/rsvps
[2026-03-28T10:40:48.553Z] POST /api/users
[2026-03-28T10:40:48.562Z] GET /api/users
[2026-03-28T10:40:48.563Z] GET /api/guests
[2026-03-28T10:40:48.564Z] GET /api/rsvps
[2026-03-28T10:40:49.656Z] GET /api/users
[2026-03-28T10:40:49.657Z] GET /api/guests
[2026-03-28T10:40:49.659Z] GET /api/rsvps
[2026-03-28T10:40:55.296Z] GET /api/users
[2026-03-28T10:40:55.297Z] GET /api/guests
[2026-03-28T10:40:55.300Z] GET /api/rsvps
[2026-03-28T10:40:56.875Z] POST /api/login
[2026-03-28T10:41:00.296Z] GET /api/users
[2026-03-28T10:41:00.298Z] GET /api/guests
[2026-03-28T10:41:00.300Z] GET /api/rsvps
[2026-03-28T10:41:05.295Z] GET /api/users
[2026-03-28T10:41:05.297Z] GET /api/guests
[2026-03-28T10:41:05.299Z] GET /api/rsvps
[2026-03-28T10:41:10.296Z] GET /api/users
[2026-03-28T10:41:10.298Z] GET /api/guests
[2026-03-28T10:41:10.299Z] GET /api/rsvps
[2026-03-28T10:41:15.295Z] GET /api/users
[2026-03-28T10:41:15.296Z] GET /api/guests
[2026-03-28T10:41:15.298Z] GET /api/rsvps
[2026-03-28T10:41:16.104Z] POST /api/rsvp
[2026-03-28T10:41:20.296Z] GET /api/users
[2026-03-28T10:41:20.298Z] GET /api/guests
[2026-03-28T10:41:20.300Z] GET /api/rsvps
[2026-03-28T10:41:21.371Z] POST /api/login
[2026-03-28T10:41:25.295Z] GET /api/users
[2026-03-28T10:41:25.296Z] GET /api/guests
[2026-03-28T10:41:25.299Z] GET /api/rsvps
[2026-03-28T10:41:30.295Z] GET /api/users
[2026-03-28T10:41:30.297Z] GET /api/guests
[2026-03-28T10:41:30.299Z] GET /api/rsvps
[2026-03-28T10:41:35.296Z] GET /api/users
[2026-03-28T10:41:35.298Z] GET /api/guests
[2026-03-28T10:41:35.300Z] GET /api/rsvps
[2026-03-28T10:41:40.296Z] GET /api/users
[2026-03-28T10:41:40.297Z] GET /api/guests
[2026-03-28T10:41:40.300Z] GET /api/rsvps
[2026-03-28T10:41:45.297Z] GET /api/users
[2026-03-28T10:41:45.300Z] GET /api/guests
[2026-03-28T10:41:45.304Z] GET /api/rsvps
[2026-03-28T10:41:49.657Z] GET /api/users
[2026-03-28T10:41:49.659Z] GET /api/guests
[2026-03-28T10:41:49.662Z] GET /api/rsvps
[2026-03-28T10:41:55.293Z] GET /api/users
[2026-03-28T10:41:55.294Z] GET /api/guests
[2026-03-28T10:41:55.297Z] GET /api/rsvps
[2026-03-28T10:41:55.588Z] POST /api/login
[2026-03-28T10:42:00.294Z] GET /api/users
[2026-03-28T10:42:00.295Z] GET /api/guests
[2026-03-28T10:42:00.297Z] GET /api/rsvps
[2026-03-28T10:42:05.295Z] GET /api/users
[2026-03-28T10:42:05.297Z] GET /api/guests
[2026-03-28T10:42:05.301Z] GET /api/rsvps
[2026-03-28T10:42:10.293Z] GET /api/users
[2026-03-28T10:42:10.296Z] GET /api/guests
[2026-03-28T10:42:10.298Z] GET /api/rsvps
[2026-03-28T10:42:15.295Z] GET /api/users
[2026-03-28T10:42:15.298Z] GET /api/guests
[2026-03-28T10:42:15.300Z] GET /api/rsvps
[2026-03-28T10:42:19.656Z] GET /api/users
[2026-03-28T10:42:19.657Z] GET /api/guests
[2026-03-28T10:42:19.659Z] GET /api/rsvps
[2026-03-28T10:42:23.619Z] GET /api/content/moments
[2026-03-28T10:42:23.620Z] GET /api/content/home_data
[2026-03-28T10:42:23.621Z] GET /api/content/events
[2026-03-28T10:42:23.623Z] GET /api/content/gallery
[2026-03-28T10:42:23.624Z] GET /api/content/contact_data
[2026-03-28T10:42:23.625Z] GET /api/content/stories
[2026-03-28T10:42:23.626Z] GET /api/content/family_people
[2026-03-28T10:42:23.627Z] GET /api/content/family_families
[2026-03-28T10:42:23.627Z] GET /api/content/family_links
[2026-03-28T10:42:23.627Z] GET /api/rsvps
[2026-03-28T10:42:23.628Z] GET /api/content/groom_family_people
[2026-03-28T10:42:23.631Z] GET /api/content/groom_family_families
[2026-03-28T10:42:23.632Z] GET /api/content/groom_family_links
[2026-03-28T10:42:23.632Z] GET /api/content/moments
[2026-03-28T10:42:23.633Z] GET /api/content/events
[2026-03-28T10:42:23.634Z] GET /api/content/home_data
[2026-03-28T10:42:23.634Z] GET /api/content/gallery
[2026-03-28T10:42:23.635Z] GET /api/content/contact_data
[2026-03-28T10:42:23.635Z] GET /api/content/stories
[2026-03-28T10:42:23.636Z] GET /api/content/family_people
[2026-03-28T10:42:23.637Z] GET /api/content/family_families
[2026-03-28T10:42:23.638Z] GET /api/content/family_links
[2026-03-28T10:42:23.639Z] GET /api/content/groom_family_people
[2026-03-28T10:42:23.639Z] GET /api/rsvps
[2026-03-28T10:42:23.639Z] GET /api/content/groom_family_families
[2026-03-28T10:42:23.640Z] GET /api/content/groom_family_links
[2026-03-28T10:42:33.821Z] POST /api/login
[2026-03-28T10:42:33.854Z] GET /api/users
[2026-03-28T10:42:33.855Z] GET /api/guests
[2026-03-28T10:42:33.857Z] GET /api/rsvps
[2026-03-28T10:42:33.861Z] GET /api/users
[2026-03-28T10:42:33.864Z] GET /api/guests
[2026-03-28T10:42:33.868Z] GET /api/rsvps
[2026-03-28T10:42:38.855Z] GET /api/guests
[2026-03-28T10:42:38.856Z] GET /api/users
[2026-03-28T10:42:38.858Z] GET /api/rsvps
[2026-03-28T10:42:43.303Z] POST /api/guests
[2026-03-28T10:42:43.311Z] GET /api/guests
[2026-03-28T10:42:43.312Z] GET /api/users
[2026-03-28T10:42:43.314Z] GET /api/rsvps
[2026-03-28T10:42:43.855Z] GET /api/users
[2026-03-28T10:42:43.856Z] GET /api/guests
[2026-03-28T10:42:43.858Z] GET /api/rsvps
[2026-03-28T10:42:44.587Z] POST /api/users
[2026-03-28T10:42:44.594Z] GET /api/users
[2026-03-28T10:42:44.595Z] GET /api/guests
[2026-03-28T10:42:44.597Z] GET /api/rsvps
[2026-03-28T10:42:47.421Z] DELETE /api/users/user_1774694564588_nbai
[2026-03-28T10:42:47.433Z] GET /api/users
[2026-03-28T10:42:47.434Z] GET /api/guests
[2026-03-28T10:42:47.435Z] GET /api/rsvps
[2026-03-28T10:42:48.858Z] GET /api/users
[2026-03-28T10:42:48.859Z] GET /api/guests
[2026-03-28T10:42:48.861Z] GET /api/rsvps
[2026-03-28T10:42:49.503Z] POST /api/users
[2026-03-28T10:42:49.512Z] GET /api/users
[2026-03-28T10:42:49.513Z] GET /api/guests
[2026-03-28T10:42:49.515Z] GET /api/rsvps
[2026-03-28T10:42:53.637Z] DELETE /api/rsvp/rsvp_1774694202891
[2026-03-28T10:42:53.642Z] GET /api/users
[2026-03-28T10:42:53.642Z] GET /api/guests
[2026-03-28T10:42:53.645Z] GET /api/rsvps
[2026-03-28T10:42:53.854Z] GET /api/users
[2026-03-28T10:42:53.855Z] GET /api/guests
[2026-03-28T10:42:53.857Z] GET /api/rsvps
[2026-03-28T10:42:58.858Z] GET /api/users
[2026-03-28T10:42:58.859Z] GET /api/guests
[2026-03-28T10:42:58.861Z] GET /api/rsvps
[2026-03-28T10:43:01.854Z] DELETE /api/rsvp/rsvp_1774694476108
[2026-03-28T10:43:01.859Z] GET /api/users
[2026-03-28T10:43:01.860Z] GET /api/guests
[2026-03-28T10:43:01.862Z] GET /api/rsvps
[2026-03-28T10:43:03.856Z] GET /api/users
[2026-03-28T10:43:03.857Z] GET /api/guests
[2026-03-28T10:43:03.858Z] GET /api/rsvps
[2026-03-28T10:43:06.037Z] DELETE /api/guests/69c7b02fa1406870de2638d2
[2026-03-28T10:43:06.046Z] GET /api/users
[2026-03-28T10:43:06.047Z] GET /api/guests
[2026-03-28T10:43:06.049Z] GET /api/rsvps
[2026-03-28T10:43:07.871Z] DELETE /api/guests/69c7ab724aea729cc49b9549
[2026-03-28T10:43:07.880Z] GET /api/users
[2026-03-28T10:43:07.881Z] GET /api/guests
[2026-03-28T10:43:07.883Z] GET /api/rsvps
[2026-03-28T10:43:08.857Z] GET /api/users
[2026-03-28T10:43:08.858Z] GET /api/guests
[2026-03-28T10:43:08.859Z] GET /api/rsvps
[2026-03-28T10:43:14.173Z] POST /api/login
[2026-03-28T10:43:14.297Z] GET /api/users
[2026-03-28T10:43:14.299Z] GET /api/guests
[2026-03-28T10:43:14.301Z] GET /api/rsvps
[2026-03-28T10:43:19.295Z] GET /api/users
[2026-03-28T10:43:19.297Z] GET /api/guests
[2026-03-28T10:43:19.299Z] GET /api/rsvps
[2026-03-28T10:43:24.295Z] GET /api/users
[2026-03-28T10:43:24.297Z] GET /api/guests
[2026-03-28T10:43:24.299Z] GET /api/rsvps
[2026-03-28T10:43:29.296Z] GET /api/users
[2026-03-28T10:43:29.298Z] GET /api/guests
[2026-03-28T10:43:29.301Z] GET /api/rsvps
[2026-03-28T10:43:34.297Z] GET /api/users
[2026-03-28T10:43:34.299Z] GET /api/guests
[2026-03-28T10:43:34.301Z] GET /api/rsvps
[2026-03-28T10:43:39.296Z] GET /api/users
[2026-03-28T10:43:39.297Z] GET /api/guests
[2026-03-28T10:43:39.299Z] GET /api/rsvps
[2026-03-28T10:43:44.296Z] GET /api/users
[2026-03-28T10:43:44.297Z] GET /api/guests
[2026-03-28T10:43:44.299Z] GET /api/rsvps
[2026-03-28T10:43:49.297Z] GET /api/users
[2026-03-28T10:43:49.299Z] GET /api/guests
[2026-03-28T10:43:49.300Z] GET /api/rsvps
[2026-03-28T10:43:54.298Z] GET /api/users
[2026-03-28T10:43:54.299Z] GET /api/guests
[2026-03-28T10:43:54.301Z] GET /api/rsvps
[2026-03-28T10:43:59.296Z] GET /api/users
[2026-03-28T10:43:59.297Z] GET /api/guests
[2026-03-28T10:43:59.299Z] GET /api/rsvps
[2026-03-28T10:44:04.298Z] GET /api/users
[2026-03-28T10:44:04.300Z] GET /api/guests
[2026-03-28T10:44:04.302Z] GET /api/rsvps
[2026-03-28T10:44:09.297Z] GET /api/users
[2026-03-28T10:44:09.298Z] GET /api/guests
[2026-03-28T10:44:09.300Z] GET /api/rsvps
[2026-03-28T10:44:38.882Z] GET /api/users
[2026-03-28T10:44:38.886Z] GET /api/guests
[2026-03-28T10:44:38.895Z] GET /api/rsvps
[2026-03-28T10:51:22.016Z] GET /api/content/events
[2026-03-28T10:51:22.020Z] GET /api/content/gallery
[2026-03-28T10:51:22.021Z] GET /api/content/moments
[2026-03-28T10:51:22.021Z] GET /api/content/home_data
[2026-03-28T10:51:22.022Z] GET /api/content/contact_data
[2026-03-28T10:51:22.022Z] GET /api/content/family_people
[2026-03-28T10:51:22.100Z] GET /api/content/stories
[2026-03-28T10:51:22.101Z] GET /api/content/family_families
[2026-03-28T10:51:22.101Z] GET /api/content/family_links
[2026-03-28T10:51:22.102Z] GET /api/content/groom_family_families
[2026-03-28T10:51:22.103Z] GET /api/content/groom_family_people
[2026-03-28T10:51:22.105Z] GET /api/content/groom_family_links
[2026-03-28T10:51:22.105Z] GET /api/rsvps
[2026-03-28T10:51:22.109Z] GET /api/content/home_data
[2026-03-28T10:51:22.110Z] GET /api/content/contact_data
[2026-03-28T10:51:22.111Z] GET /api/content/events
[2026-03-28T10:51:22.113Z] GET /api/content/moments
[2026-03-28T10:51:22.115Z] GET /api/content/family_people
[2026-03-28T10:51:22.116Z] GET /api/content/gallery
[2026-03-28T10:51:22.117Z] GET /api/content/family_families
[2026-03-28T10:51:22.120Z] GET /api/content/groom_family_families
[2026-03-28T10:51:22.121Z] GET /api/content/family_links
[2026-03-28T10:51:22.123Z] GET /api/content/groom_family_people
[2026-03-28T10:51:22.127Z] GET /api/content/groom_family_links
[2026-03-28T10:51:22.130Z] GET /api/rsvps
[2026-03-28T10:51:22.136Z] GET /api/content/stories
[2026-03-28T10:51:22.940Z] GET /api/content/events
[2026-03-28T10:51:22.941Z] GET /api/content/gallery
[2026-03-28T10:51:22.942Z] GET /api/content/moments
[2026-03-28T10:51:22.944Z] GET /api/content/home_data
[2026-03-28T10:51:22.948Z] GET /api/content/stories
[2026-03-28T10:51:22.950Z] GET /api/content/contact_data
[2026-03-28T10:51:22.952Z] GET /api/content/family_people
[2026-03-28T10:51:22.952Z] GET /api/content/family_families
[2026-03-28T10:51:22.953Z] GET /api/content/family_links
[2026-03-28T10:51:22.954Z] GET /api/content/groom_family_people
[2026-03-28T10:51:22.955Z] GET /api/content/groom_family_families
[2026-03-28T10:51:22.956Z] GET /api/content/groom_family_links
[2026-03-28T10:51:22.957Z] GET /api/rsvps
[2026-03-28T10:51:22.960Z] GET /api/content/events
[2026-03-28T10:51:22.961Z] GET /api/content/gallery
[2026-03-28T10:51:22.962Z] GET /api/content/moments
[2026-03-28T10:51:22.962Z] GET /api/content/home_data
[2026-03-28T10:51:22.963Z] GET /api/content/stories
[2026-03-28T10:51:22.964Z] GET /api/content/contact_data
[2026-03-28T10:51:22.965Z] GET /api/content/family_people
[2026-03-28T10:51:22.965Z] GET /api/content/family_families
[2026-03-28T10:51:22.966Z] GET /api/content/family_links
[2026-03-28T10:51:22.967Z] GET /api/content/groom_family_people
[2026-03-28T10:51:22.968Z] GET /api/content/groom_family_families
[2026-03-28T10:51:22.969Z] GET /api/content/groom_family_links
[2026-03-28T10:51:22.969Z] GET /api/rsvps
[2026-03-28T10:51:23.107Z] GET /api/content/events
[2026-03-28T10:51:23.107Z] GET /api/content/gallery
[2026-03-28T10:51:23.108Z] GET /api/content/moments
[2026-03-28T10:51:23.108Z] GET /api/content/home_data
[2026-03-28T10:51:23.109Z] GET /api/content/stories
[2026-03-28T10:51:23.113Z] GET /api/content/contact_data
[2026-03-28T10:51:23.116Z] GET /api/content/family_people
[2026-03-28T10:51:23.117Z] GET /api/content/family_families
[2026-03-28T10:51:23.118Z] GET /api/content/family_links
[2026-03-28T10:51:23.119Z] GET /api/content/groom_family_people
[2026-03-28T10:51:23.120Z] GET /api/content/groom_family_families
[2026-03-28T10:51:23.120Z] GET /api/content/groom_family_links
[2026-03-28T10:51:23.121Z] GET /api/rsvps
[2026-03-28T10:51:23.122Z] GET /api/content/events
[2026-03-28T10:51:23.123Z] GET /api/content/gallery
[2026-03-28T10:51:23.125Z] GET /api/content/moments
[2026-03-28T10:51:23.125Z] GET /api/content/home_data
[2026-03-28T10:51:23.126Z] GET /api/content/stories
[2026-03-28T10:51:23.127Z] GET /api/content/contact_data
[2026-03-28T10:51:23.128Z] GET /api/content/family_people
[2026-03-28T10:51:23.128Z] GET /api/content/family_links
[2026-03-28T10:51:23.129Z] GET /api/content/family_families
[2026-03-28T10:51:23.130Z] GET /api/content/groom_family_people
[2026-03-28T10:51:23.130Z] GET /api/content/groom_family_families
[2026-03-28T10:51:23.131Z] GET /api/content/groom_family_links
[2026-03-28T10:51:23.131Z] GET /api/rsvps
[2026-03-28T10:51:23.294Z] GET /api/content/events
[2026-03-28T10:51:23.295Z] GET /api/content/gallery
[2026-03-28T10:51:23.296Z] GET /api/content/moments
[2026-03-28T10:51:23.296Z] GET /api/content/stories
[2026-03-28T10:51:23.297Z] GET /api/content/contact_data
[2026-03-28T10:51:23.297Z] GET /api/content/family_people
[2026-03-28T10:51:23.304Z] GET /api/content/home_data
[2026-03-28T10:51:23.305Z] GET /api/content/family_families
[2026-03-28T10:51:23.305Z] GET /api/content/family_links
[2026-03-28T10:51:23.306Z] GET /api/content/groom_family_people
[2026-03-28T10:51:23.307Z] GET /api/content/groom_family_families
[2026-03-28T10:51:23.308Z] GET /api/content/groom_family_links
[2026-03-28T10:51:23.309Z] GET /api/rsvps
[2026-03-28T10:51:23.310Z] GET /api/content/events
[2026-03-28T10:51:23.310Z] GET /api/content/gallery
[2026-03-28T10:51:23.311Z] GET /api/content/moments
[2026-03-28T10:51:23.312Z] GET /api/content/stories
[2026-03-28T10:51:23.312Z] GET /api/content/contact_data
[2026-03-28T10:51:23.313Z] GET /api/content/family_people
[2026-03-28T10:51:23.314Z] GET /api/content/home_data
[2026-03-28T10:51:23.314Z] GET /api/content/family_families
[2026-03-28T10:51:23.315Z] GET /api/content/family_links
[2026-03-28T10:51:23.315Z] GET /api/content/groom_family_people
[2026-03-28T10:51:23.316Z] GET /api/content/groom_family_families
[2026-03-28T10:51:23.317Z] GET /api/content/groom_family_links
[2026-03-28T10:51:23.317Z] GET /api/rsvps
[2026-03-28T11:06:51.770Z] POST /api/rsvp
[2026-03-28T11:06:56.371Z] POST /api/login
[2026-03-28T11:07:02.682Z] POST /api/login
[2026-03-28T11:07:02.712Z] GET /api/guests
[2026-03-28T11:07:02.714Z] GET /api/rsvps
[2026-03-28T11:07:02.715Z] GET /api/users
[2026-03-28T11:07:02.726Z] GET /api/users
[2026-03-28T11:07:02.731Z] GET /api/guests
[2026-03-28T11:07:02.732Z] GET /api/rsvps
[2026-03-28T11:07:07.712Z] GET /api/users
[2026-03-28T11:07:07.714Z] GET /api/guests
[2026-03-28T11:07:07.715Z] GET /api/rsvps
[2026-03-28T11:07:12.715Z] GET /api/users
[2026-03-28T11:07:12.717Z] GET /api/guests
[2026-03-28T11:07:12.719Z] GET /api/rsvps
[2026-03-28T11:07:17.713Z] GET /api/users
[2026-03-28T11:07:17.714Z] GET /api/guests
[2026-03-28T11:07:17.715Z] GET /api/rsvps
[2026-03-28T11:07:19.053Z] POST /api/guests
[2026-03-28T11:07:19.061Z] GET /api/guests
[2026-03-28T11:07:19.062Z] GET /api/users
[2026-03-28T11:07:19.063Z] GET /api/rsvps
[2026-03-28T11:07:22.713Z] GET /api/users
[2026-03-28T11:07:22.714Z] GET /api/guests
[2026-03-28T11:07:22.716Z] GET /api/rsvps
[2026-03-28T11:07:27.713Z] GET /api/users
[2026-03-28T11:07:27.714Z] GET /api/guests
[2026-03-28T11:07:27.717Z] GET /api/rsvps
[2026-03-28T11:07:29.965Z] POST /api/guests
[2026-03-28T11:07:29.977Z] GET /api/guests
[2026-03-28T11:07:29.978Z] GET /api/users
[2026-03-28T11:07:29.979Z] GET /api/rsvps
[2026-03-28T11:07:32.712Z] GET /api/users
[2026-03-28T11:07:32.713Z] GET /api/guests
[2026-03-28T11:07:32.714Z] GET /api/rsvps
[2026-03-28T11:07:37.713Z] GET /api/users
[2026-03-28T11:07:37.715Z] GET /api/guests
[2026-03-28T11:07:37.716Z] GET /api/rsvps
[2026-03-28T11:07:42.712Z] GET /api/users
[2026-03-28T11:07:42.713Z] GET /api/guests
[2026-03-28T11:07:42.715Z] GET /api/rsvps
[2026-03-28T11:07:44.785Z] POST /api/users
[2026-03-28T11:07:44.793Z] GET /api/users
[2026-03-28T11:07:44.794Z] GET /api/guests
[2026-03-28T11:07:44.795Z] GET /api/rsvps
[2026-03-28T11:07:47.712Z] GET /api/users
[2026-03-28T11:07:47.713Z] GET /api/rsvps
[2026-03-28T11:07:47.715Z] GET /api/guests
[2026-03-28T11:07:53.299Z] GET /api/guests
[2026-03-28T11:07:53.304Z] GET /api/users
[2026-03-28T11:07:53.305Z] GET /api/rsvps
[2026-03-28T11:07:53.738Z] POST /api/login
[2026-03-28T11:07:58.297Z] GET /api/users
[2026-03-28T11:07:58.298Z] GET /api/rsvps
[2026-03-28T11:07:58.300Z] GET /api/guests
[2026-03-28T11:08:03.297Z] GET /api/users
[2026-03-28T11:08:03.298Z] GET /api/guests
[2026-03-28T11:08:03.300Z] GET /api/rsvps
[2026-03-28T11:08:08.295Z] GET /api/users
[2026-03-28T11:08:08.296Z] GET /api/guests
[2026-03-28T11:08:08.298Z] GET /api/rsvps
[2026-03-28T11:08:13.297Z] GET /api/users
[2026-03-28T11:08:13.299Z] GET /api/guests
[2026-03-28T11:08:13.301Z] GET /api/rsvps
[2026-03-28T11:08:18.296Z] GET /api/users
[2026-03-28T11:08:18.297Z] GET /api/guests
[2026-03-28T11:08:18.299Z] GET /api/rsvps
[2026-03-28T11:08:23.293Z] GET /api/rsvps
[2026-03-28T11:08:23.294Z] GET /api/users
[2026-03-28T11:08:23.296Z] GET /api/guests
[2026-03-28T11:08:28.299Z] GET /api/users
[2026-03-28T11:08:28.302Z] GET /api/guests
[2026-03-28T11:08:28.305Z] GET /api/rsvps
[2026-03-28T11:08:33.296Z] GET /api/users
[2026-03-28T11:08:33.297Z] GET /api/guests
[2026-03-28T11:08:33.300Z] GET /api/rsvps
[2026-03-28T11:08:38.309Z] GET /api/users
[2026-03-28T11:08:38.311Z] GET /api/guests
[2026-03-28T11:08:38.312Z] GET /api/rsvps
[2026-03-28T11:08:43.297Z] GET /api/users
[2026-03-28T11:08:43.298Z] GET /api/guests
[2026-03-28T11:08:43.300Z] GET /api/rsvps
[2026-03-28T11:08:48.295Z] GET /api/users
[2026-03-28T11:08:48.296Z] GET /api/guests
[2026-03-28T11:08:48.298Z] GET /api/rsvps
[2026-03-28T11:09:05.307Z] GET /api/guests
[2026-03-28T11:09:05.309Z] GET /api/users
[2026-03-28T11:09:05.310Z] GET /api/rsvps
[2026-03-28T11:10:05.330Z] GET /api/users
[2026-03-28T11:10:05.334Z] GET /api/guests
[2026-03-28T11:10:05.334Z] GET /api/rsvps
[2026-03-28T11:11:05.315Z] GET /api/users
[2026-03-28T11:11:05.326Z] GET /api/guests
[2026-03-28T11:11:05.328Z] GET /api/rsvps
[2026-03-28T11:12:05.305Z] GET /api/rsvps
[2026-03-28T11:12:05.307Z] GET /api/users
[2026-03-28T11:12:05.310Z] GET /api/guests
[2026-03-28T11:13:05.317Z] GET /api/rsvps
[2026-03-28T11:13:05.322Z] GET /api/users
[2026-03-28T11:13:05.325Z] GET /api/guests
[2026-03-28T11:14:05.329Z] GET /api/users
[2026-03-28T11:14:05.331Z] GET /api/guests
[2026-03-28T11:14:05.333Z] GET /api/rsvps
[2026-03-28T11:15:05.320Z] GET /api/users
[2026-03-28T11:15:05.325Z] GET /api/guests
[2026-03-28T11:15:05.328Z] GET /api/rsvps
[2026-03-28T11:16:05.351Z] GET /api/users
[2026-03-28T11:16:05.365Z] GET /api/guests
[2026-03-28T11:16:05.368Z] GET /api/rsvps
[2026-03-28T11:17:05.322Z] GET /api/users
[2026-03-28T11:17:05.328Z] GET /api/guests
[2026-03-28T11:17:05.331Z] GET /api/rsvps
[2026-03-28T11:18:05.312Z] GET /api/users
[2026-03-28T11:18:05.316Z] GET /api/guests
[2026-03-28T11:18:05.320Z] GET /api/rsvps
[2026-03-28T11:19:05.306Z] GET /api/users
[2026-03-28T11:19:05.310Z] GET /api/guests
[2026-03-28T11:19:05.311Z] GET /api/rsvps
[2026-03-28T11:19:30.988Z] GET /api/content/moments
[2026-03-28T11:19:30.991Z] GET /api/content/home_data
[2026-03-28T11:19:30.991Z] GET /api/content/events
[2026-03-28T11:19:30.992Z] GET /api/content/contact_data
[2026-03-28T11:19:30.992Z] GET /api/content/gallery
[2026-03-28T11:19:30.992Z] GET /api/content/stories
[2026-03-28T11:19:31.374Z] GET /api/content/family_people
[2026-03-28T11:19:31.377Z] GET /api/content/family_families
[2026-03-28T11:19:31.378Z] GET /api/content/family_links
[2026-03-28T11:19:31.380Z] GET /api/content/groom_family_links
[2026-03-28T11:19:31.380Z] GET /api/content/groom_family_families
[2026-03-28T11:19:31.381Z] GET /api/content/groom_family_people
[2026-03-28T11:19:31.382Z] GET /api/rsvps
[2026-03-28T11:19:31.384Z] GET /api/content/moments
[2026-03-28T11:19:31.384Z] GET /api/content/events
[2026-03-28T11:19:31.384Z] GET /api/content/contact_data
[2026-03-28T11:19:31.385Z] GET /api/content/gallery
[2026-03-28T11:19:31.386Z] GET /api/content/home_data
[2026-03-28T11:19:31.387Z] GET /api/content/stories
[2026-03-28T11:19:31.387Z] GET /api/content/family_people
[2026-03-28T11:19:31.388Z] GET /api/content/family_families
[2026-03-28T11:19:31.389Z] GET /api/content/groom_family_links
[2026-03-28T11:19:31.390Z] GET /api/content/family_links
[2026-03-28T11:19:31.391Z] GET /api/content/groom_family_families
[2026-03-28T11:19:31.391Z] GET /api/content/groom_family_people
[2026-03-28T11:19:31.391Z] GET /api/rsvps
[2026-03-28T11:20:05.300Z] GET /api/rsvps
[2026-03-28T11:20:05.302Z] GET /api/guests
[2026-03-28T11:20:05.304Z] GET /api/users
[2026-03-28T11:21:05.299Z] GET /api/rsvps
[2026-03-28T11:21:05.301Z] GET /api/users
[2026-03-28T11:21:05.303Z] GET /api/guests
[2026-03-28T11:22:05.307Z] GET /api/rsvps
[2026-03-28T11:22:05.312Z] GET /api/users
[2026-03-28T11:22:05.314Z] GET /api/guests
[2026-03-28T11:23:05.321Z] GET /api/users
[2026-03-28T11:23:05.326Z] GET /api/guests
[2026-03-28T11:23:05.328Z] GET /api/rsvps
[2026-03-28T11:24:05.321Z] GET /api/users
[2026-03-28T11:24:05.325Z] GET /api/guests
[2026-03-28T11:24:05.328Z] GET /api/rsvps
[2026-03-28T11:25:05.398Z] GET /api/users
[2026-03-28T11:25:05.410Z] GET /api/guests
[2026-03-28T11:25:05.411Z] GET /api/rsvps
[2026-03-28T11:26:05.318Z] GET /api/users
[2026-03-28T11:26:05.321Z] GET /api/guests
[2026-03-28T11:26:05.322Z] GET /api/rsvps
[2026-03-28T11:27:05.316Z] GET /api/users
[2026-03-28T11:27:05.320Z] GET /api/guests
[2026-03-28T11:27:05.321Z] GET /api/rsvps
[2026-03-28T11:28:05.310Z] GET /api/users
[2026-03-28T11:28:05.314Z] GET /api/guests
[2026-03-28T11:28:05.317Z] GET /api/rsvps
[2026-03-28T11:29:05.348Z] GET /api/users
[2026-03-28T11:29:05.356Z] GET /api/guests
[2026-03-28T11:29:05.357Z] GET /api/rsvps
[2026-03-28T11:30:05.312Z] GET /api/users
[2026-03-28T11:30:05.316Z] GET /api/guests
[2026-03-28T11:30:05.318Z] GET /api/rsvps
[2026-03-28T11:31:05.317Z] GET /api/rsvps
[2026-03-28T11:31:05.327Z] GET /api/users
[2026-03-28T11:31:05.328Z] GET /api/guests
[2026-03-28T11:32:05.307Z] GET /api/users
[2026-03-28T11:32:05.313Z] GET /api/rsvps
[2026-03-28T11:32:05.315Z] GET /api/guests
[2026-03-28T11:33:05.309Z] GET /api/users
[2026-03-28T11:33:05.313Z] GET /api/guests
[2026-03-28T11:33:05.316Z] GET /api/rsvps
[2026-03-28T11:34:05.311Z] GET /api/rsvps
[2026-03-28T11:34:05.315Z] GET /api/users
[2026-03-28T11:34:05.317Z] GET /api/guests
[2026-03-28T11:35:05.305Z] GET /api/users
[2026-03-28T11:35:05.306Z] GET /api/guests
[2026-03-28T11:35:05.308Z] GET /api/rsvps
[2026-03-28T11:36:05.314Z] GET /api/rsvps
[2026-03-28T11:36:05.318Z] GET /api/users
[2026-03-28T11:36:05.319Z] GET /api/guests
[2026-03-28T11:37:05.308Z] GET /api/users
[2026-03-28T11:37:05.314Z] GET /api/guests
[2026-03-28T11:37:05.315Z] GET /api/rsvps
[2026-03-28T11:38:05.304Z] GET /api/users
[2026-03-28T11:38:05.307Z] GET /api/guests
[2026-03-28T11:38:05.310Z] GET /api/rsvps
[2026-03-28T11:39:05.315Z] GET /api/users
[2026-03-28T11:39:05.317Z] GET /api/guests
[2026-03-28T11:39:05.319Z] GET /api/rsvps
[2026-03-28T11:40:05.307Z] GET /api/rsvps
[2026-03-28T11:40:05.309Z] GET /api/users
[2026-03-28T11:40:05.312Z] GET /api/guests
[2026-03-28T11:41:05.310Z] GET /api/guests
[2026-03-28T11:41:05.313Z] GET /api/users
[2026-03-28T11:41:05.313Z] GET /api/rsvps
[2026-03-28T11:42:05.320Z] GET /api/users
[2026-03-28T11:42:05.323Z] GET /api/guests
[2026-03-28T11:42:05.326Z] GET /api/rsvps
[2026-03-28T11:42:12.951Z] GET /api/content/events
[2026-03-28T11:42:12.953Z] GET /api/content/moments
[2026-03-28T11:42:12.953Z] GET /api/content/gallery
[2026-03-28T11:42:12.957Z] GET /api/content/home_data
[2026-03-28T11:42:12.959Z] GET /api/content/contact_data
[2026-03-28T11:42:12.960Z] GET /api/content/family_people
[2026-03-28T11:42:13.120Z] GET /api/content/stories
[2026-03-28T11:42:13.122Z] GET /api/content/family_families
[2026-03-28T11:42:13.122Z] GET /api/content/family_links
[2026-03-28T11:42:13.124Z] GET /api/content/groom_family_people
[2026-03-28T11:42:13.125Z] GET /api/content/groom_family_families
[2026-03-28T11:42:13.126Z] GET /api/content/groom_family_links
[2026-03-28T11:42:13.130Z] GET /api/rsvps
[2026-03-28T11:42:13.132Z] GET /api/content/events
[2026-03-28T11:42:13.132Z] GET /api/content/moments
[2026-03-28T11:42:13.132Z] GET /api/content/contact_data
[2026-03-28T11:42:13.133Z] GET /api/content/family_people
[2026-03-28T11:42:13.135Z] GET /api/content/gallery
[2026-03-28T11:42:13.136Z] GET /api/content/home_data
[2026-03-28T11:42:13.136Z] GET /api/content/family_families
[2026-03-28T11:42:13.137Z] GET /api/content/family_links
[2026-03-28T11:42:13.142Z] GET /api/content/stories
[2026-03-28T11:42:13.142Z] GET /api/content/groom_family_people
[2026-03-28T11:42:13.143Z] GET /api/content/groom_family_families
[2026-03-28T11:42:13.144Z] GET /api/content/groom_family_links
[2026-03-28T11:42:13.145Z] GET /api/rsvps
[2026-03-28T11:43:05.313Z] GET /api/users
[2026-03-28T11:43:05.316Z] GET /api/guests
[2026-03-28T11:43:05.317Z] GET /api/rsvps
[2026-03-28T11:44:05.310Z] GET /api/rsvps
[2026-03-28T11:44:05.313Z] GET /api/users
[2026-03-28T11:44:05.314Z] GET /api/guests
[2026-03-28T11:45:05.302Z] GET /api/users
[2026-03-28T11:45:05.303Z] GET /api/guests
[2026-03-28T11:45:05.304Z] GET /api/rsvps
[2026-03-28T11:46:05.304Z] GET /api/users
[2026-03-28T11:46:05.307Z] GET /api/guests
[2026-03-28T11:46:05.309Z] GET /api/rsvps
[2026-03-28T11:47:05.307Z] GET /api/users
[2026-03-28T11:47:05.309Z] GET /api/guests
[2026-03-28T11:47:05.310Z] GET /api/rsvps
[2026-03-28T11:48:05.317Z] GET /api/users
[2026-03-28T11:48:05.322Z] GET /api/guests
[2026-03-28T11:48:05.323Z] GET /api/rsvps
[2026-03-28T11:49:05.313Z] GET /api/users
[2026-03-28T11:49:05.316Z] GET /api/guests
[2026-03-28T11:49:05.316Z] GET /api/rsvps
[2026-03-28T11:49:37.738Z] GET /api/content/contact_data
[2026-03-28T11:49:37.741Z] GET /api/content/moments
[2026-03-28T11:49:37.742Z] GET /api/content/family_people
[2026-03-28T11:49:37.742Z] GET /api/content/home_data
[2026-03-28T11:49:37.743Z] GET /api/content/gallery
[2026-03-28T11:49:37.743Z] GET /api/content/events
[2026-03-28T11:49:37.772Z] GET /api/content/stories
[2026-03-28T11:49:37.773Z] GET /api/content/family_families
[2026-03-28T11:49:37.773Z] GET /api/content/family_links
[2026-03-28T11:49:37.776Z] GET /api/content/groom_family_people
[2026-03-28T11:49:37.780Z] GET /api/content/groom_family_families
[2026-03-28T11:49:37.781Z] GET /api/rsvps
[2026-03-28T11:49:37.781Z] GET /api/content/groom_family_links
[2026-03-28T11:49:37.784Z] GET /api/content/family_people
[2026-03-28T11:49:37.785Z] GET /api/content/events
[2026-03-28T11:49:37.786Z] GET /api/content/gallery
[2026-03-28T11:49:37.788Z] GET /api/content/contact_data
[2026-03-28T11:49:37.790Z] GET /api/content/stories
[2026-03-28T11:49:37.790Z] GET /api/content/family_families
[2026-03-28T11:49:37.795Z] GET /api/content/family_links
[2026-03-28T11:49:37.796Z] GET /api/content/groom_family_people
[2026-03-28T11:49:37.796Z] GET /api/content/moments
[2026-03-28T11:49:37.796Z] GET /api/content/home_data
[2026-03-28T11:49:37.810Z] GET /api/content/groom_family_families
[2026-03-28T11:49:37.811Z] GET /api/rsvps
[2026-03-28T11:49:37.812Z] GET /api/content/groom_family_links
[2026-03-28T11:49:42.536Z] GET /api/content/events
[2026-03-28T11:49:42.537Z] GET /api/content/gallery
[2026-03-28T11:49:42.537Z] GET /api/content/moments
[2026-03-28T11:49:42.538Z] GET /api/content/home_data
[2026-03-28T11:49:42.542Z] GET /api/content/stories
[2026-03-28T11:49:42.546Z] GET /api/content/contact_data
[2026-03-28T11:49:42.547Z] GET /api/content/family_families
[2026-03-28T11:49:42.548Z] GET /api/content/family_people
[2026-03-28T11:49:42.549Z] GET /api/content/groom_family_people
[2026-03-28T11:49:42.549Z] GET /api/content/family_links
[2026-03-28T11:49:42.555Z] GET /api/content/groom_family_families
[2026-03-28T11:49:42.556Z] GET /api/content/groom_family_links
[2026-03-28T11:49:42.559Z] GET /api/rsvps
[2026-03-28T11:49:42.559Z] GET /api/content/events
[2026-03-28T11:49:42.560Z] GET /api/content/gallery
[2026-03-28T11:49:42.562Z] GET /api/content/moments
[2026-03-28T11:49:42.565Z] GET /api/content/home_data
[2026-03-28T11:49:42.566Z] GET /api/content/family_people
[2026-03-28T11:49:42.569Z] GET /api/content/contact_data
[2026-03-28T11:49:42.570Z] GET /api/content/stories
[2026-03-28T11:49:42.571Z] GET /api/content/family_families
[2026-03-28T11:49:42.572Z] GET /api/content/groom_family_people
[2026-03-28T11:49:42.573Z] GET /api/content/family_links
[2026-03-28T11:49:42.573Z] GET /api/content/groom_family_families
[2026-03-28T11:49:42.574Z] GET /api/content/groom_family_links
[2026-03-28T11:49:42.574Z] GET /api/rsvps
[2026-03-28T11:49:43.306Z] GET /api/content/events
[2026-03-28T11:49:43.308Z] GET /api/content/gallery
[2026-03-28T11:49:43.309Z] GET /api/content/stories
[2026-03-28T11:49:43.310Z] GET /api/content/moments
[2026-03-28T11:49:43.312Z] GET /api/content/contact_data
[2026-03-28T11:49:43.314Z] GET /api/content/home_data
[2026-03-28T11:49:43.317Z] GET /api/content/family_people
[2026-03-28T11:49:43.318Z] GET /api/content/family_families
[2026-03-28T11:49:43.319Z] GET /api/content/family_links
[2026-03-28T11:49:43.320Z] GET /api/content/groom_family_people
[2026-03-28T11:49:43.322Z] GET /api/content/groom_family_families
[2026-03-28T11:49:43.323Z] GET /api/content/groom_family_links
[2026-03-28T11:49:43.323Z] GET /api/rsvps
[2026-03-28T11:49:43.324Z] GET /api/content/events
[2026-03-28T11:49:43.324Z] GET /api/content/gallery
[2026-03-28T11:49:43.329Z] GET /api/content/stories
[2026-03-28T11:49:43.330Z] GET /api/content/moments
[2026-03-28T11:49:43.330Z] GET /api/content/contact_data
[2026-03-28T11:49:43.332Z] GET /api/content/home_data
[2026-03-28T11:49:43.333Z] GET /api/content/family_families
[2026-03-28T11:49:43.333Z] GET /api/content/family_people
[2026-03-28T11:49:43.333Z] GET /api/content/family_links
[2026-03-28T11:49:43.334Z] GET /api/content/groom_family_families
[2026-03-28T11:49:43.334Z] GET /api/content/groom_family_people
[2026-03-28T11:49:43.338Z] GET /api/content/groom_family_links
[2026-03-28T11:49:43.338Z] GET /api/rsvps
[2026-03-28T11:49:43.498Z] GET /api/content/events
[2026-03-28T11:49:43.500Z] GET /api/content/gallery
[2026-03-28T11:49:43.500Z] GET /api/content/moments
[2026-03-28T11:49:43.501Z] GET /api/content/home_data
[2026-03-28T11:49:43.501Z] GET /api/content/stories
[2026-03-28T11:49:43.504Z] GET /api/content/contact_data
[2026-03-28T11:49:43.507Z] GET /api/content/family_people
[2026-03-28T11:49:43.508Z] GET /api/content/family_families
[2026-03-28T11:49:43.508Z] GET /api/content/family_links
[2026-03-28T11:49:43.509Z] GET /api/content/groom_family_people
[2026-03-28T11:49:43.510Z] GET /api/content/groom_family_families
[2026-03-28T11:49:43.510Z] GET /api/content/groom_family_links
[2026-03-28T11:49:43.511Z] GET /api/rsvps
[2026-03-28T11:49:43.514Z] GET /api/content/events
[2026-03-28T11:49:43.514Z] GET /api/content/gallery
[2026-03-28T11:49:43.516Z] GET /api/content/moments
[2026-03-28T11:49:43.516Z] GET /api/content/home_data
[2026-03-28T11:49:43.517Z] GET /api/content/stories
[2026-03-28T11:49:43.518Z] GET /api/content/contact_data
[2026-03-28T11:49:43.519Z] GET /api/content/family_people
[2026-03-28T11:49:43.520Z] GET /api/content/family_families
[2026-03-28T11:49:43.521Z] GET /api/content/family_links
[2026-03-28T11:49:43.521Z] GET /api/content/groom_family_people
[2026-03-28T11:49:43.521Z] GET /api/content/groom_family_families
[2026-03-28T11:49:43.522Z] GET /api/content/groom_family_links
[2026-03-28T11:49:43.523Z] GET /api/rsvps
[2026-03-28T11:49:43.670Z] GET /api/content/events
[2026-03-28T11:49:43.671Z] GET /api/content/gallery
[2026-03-28T11:49:43.672Z] GET /api/content/home_data
[2026-03-28T11:49:43.675Z] GET /api/content/moments
[2026-03-28T11:49:43.679Z] GET /api/content/contact_data
[2026-03-28T11:49:43.683Z] GET /api/content/stories
[2026-03-28T11:49:43.684Z] GET /api/content/family_people
[2026-03-28T11:49:43.687Z] GET /api/content/family_families
[2026-03-28T11:49:43.689Z] GET /api/content/family_links
[2026-03-28T11:49:43.689Z] GET /api/content/groom_family_people
[2026-03-28T11:49:43.690Z] GET /api/rsvps
[2026-03-28T11:49:43.693Z] GET /api/content/groom_family_families
[2026-03-28T11:49:43.695Z] GET /api/content/groom_family_links
[2026-03-28T11:49:43.696Z] GET /api/content/events
[2026-03-28T11:49:43.696Z] GET /api/content/gallery
[2026-03-28T11:49:43.697Z] GET /api/content/home_data
[2026-03-28T11:49:43.698Z] GET /api/content/moments
[2026-03-28T11:49:43.699Z] GET /api/content/contact_data
[2026-03-28T11:49:43.700Z] GET /api/content/stories
[2026-03-28T11:49:43.702Z] GET /api/content/family_people
[2026-03-28T11:49:43.702Z] GET /api/content/family_families
[2026-03-28T11:49:43.703Z] GET /api/content/family_links
[2026-03-28T11:49:43.703Z] GET /api/content/groom_family_people
[2026-03-28T11:49:43.703Z] GET /api/rsvps
[2026-03-28T11:49:43.707Z] GET /api/content/groom_family_families
[2026-03-28T11:49:43.707Z] GET /api/content/groom_family_links
[2026-03-28T11:49:43.895Z] GET /api/content/events
[2026-03-28T11:49:43.895Z] GET /api/content/gallery
[2026-03-28T11:49:43.896Z] GET /api/content/moments
[2026-03-28T11:49:43.896Z] GET /api/content/home_data
[2026-03-28T11:49:43.900Z] GET /api/content/stories
[2026-03-28T11:49:43.902Z] GET /api/content/contact_data
[2026-03-28T11:49:43.904Z] GET /api/content/family_people
[2026-03-28T11:49:43.905Z] GET /api/content/family_families
[2026-03-28T11:49:43.906Z] GET /api/content/family_links
[2026-03-28T11:49:43.907Z] GET /api/content/groom_family_people
[2026-03-28T11:49:43.907Z] GET /api/content/groom_family_families
[2026-03-28T11:49:43.908Z] GET /api/content/groom_family_links
[2026-03-28T11:49:43.908Z] GET /api/rsvps
[2026-03-28T11:49:43.912Z] GET /api/content/moments
[2026-03-28T11:49:43.913Z] GET /api/content/events
[2026-03-28T11:49:43.913Z] GET /api/content/gallery
[2026-03-28T11:49:43.914Z] GET /api/content/home_data
[2026-03-28T11:49:43.915Z] GET /api/content/stories
[2026-03-28T11:49:43.915Z] GET /api/content/contact_data
[2026-03-28T11:49:43.916Z] GET /api/content/family_people
[2026-03-28T11:49:43.917Z] GET /api/content/family_families
[2026-03-28T11:49:43.917Z] GET /api/content/family_links
[2026-03-28T11:49:43.918Z] GET /api/content/groom_family_people
[2026-03-28T11:49:43.918Z] GET /api/content/groom_family_families
[2026-03-28T11:49:43.919Z] GET /api/content/groom_family_links
[2026-03-28T11:49:43.919Z] GET /api/rsvps
[2026-03-28T11:49:44.055Z] GET /api/content/events
[2026-03-28T11:49:44.056Z] GET /api/content/gallery
[2026-03-28T11:49:44.057Z] GET /api/content/moments
[2026-03-28T11:49:44.058Z] GET /api/content/home_data
[2026-03-28T11:49:44.058Z] GET /api/content/stories
[2026-03-28T11:49:44.062Z] GET /api/content/contact_data
[2026-03-28T11:49:44.064Z] GET /api/content/family_people
[2026-03-28T11:49:44.065Z] GET /api/content/family_families
[2026-03-28T11:49:44.066Z] GET /api/content/family_links
[2026-03-28T11:49:44.066Z] GET /api/content/groom_family_people
[2026-03-28T11:49:44.067Z] GET /api/content/groom_family_families
[2026-03-28T11:49:44.067Z] GET /api/content/groom_family_links
[2026-03-28T11:49:44.068Z] GET /api/rsvps
[2026-03-28T11:49:44.072Z] GET /api/content/events
[2026-03-28T11:49:44.074Z] GET /api/content/gallery
[2026-03-28T11:49:44.075Z] GET /api/content/moments
[2026-03-28T11:49:44.075Z] GET /api/content/home_data
[2026-03-28T11:49:44.076Z] GET /api/content/contact_data
[2026-03-28T11:49:44.077Z] GET /api/content/stories
[2026-03-28T11:49:44.078Z] GET /api/content/family_people
[2026-03-28T11:49:44.078Z] GET /api/content/family_families
[2026-03-28T11:49:44.079Z] GET /api/content/family_links
[2026-03-28T11:49:44.079Z] GET /api/content/groom_family_people
[2026-03-28T11:49:44.080Z] GET /api/content/groom_family_families
[2026-03-28T11:49:44.080Z] GET /api/content/groom_family_links
[2026-03-28T11:49:44.081Z] GET /api/rsvps
[2026-03-28T11:49:44.221Z] GET /api/content/events
[2026-03-28T11:49:44.221Z] GET /api/content/moments
[2026-03-28T11:49:44.222Z] GET /api/content/home_data
[2026-03-28T11:49:44.222Z] GET /api/content/gallery
[2026-03-28T11:49:44.222Z] GET /api/content/stories
[2026-03-28T11:49:44.223Z] GET /api/content/contact_data
[2026-03-28T11:49:44.232Z] GET /api/content/family_people
[2026-03-28T11:49:44.232Z] GET /api/content/family_families
[2026-03-28T11:49:44.233Z] GET /api/content/family_links
[2026-03-28T11:49:44.233Z] GET /api/content/groom_family_people
[2026-03-28T11:49:44.234Z] GET /api/content/groom_family_families
[2026-03-28T11:49:44.234Z] GET /api/rsvps
[2026-03-28T11:49:44.235Z] GET /api/content/groom_family_links
[2026-03-28T11:49:44.237Z] GET /api/content/events
[2026-03-28T11:49:44.240Z] GET /api/content/moments
[2026-03-28T11:49:44.240Z] GET /api/content/home_data
[2026-03-28T11:49:44.241Z] GET /api/content/gallery
[2026-03-28T11:49:44.243Z] GET /api/content/stories
[2026-03-28T11:49:44.243Z] GET /api/content/family_people
[2026-03-28T11:49:44.243Z] GET /api/content/contact_data
[2026-03-28T11:49:44.244Z] GET /api/content/family_families
[2026-03-28T11:49:44.245Z] GET /api/content/family_links
[2026-03-28T11:49:44.245Z] GET /api/content/groom_family_people
[2026-03-28T11:49:44.246Z] GET /api/content/groom_family_families
[2026-03-28T11:49:44.246Z] GET /api/content/groom_family_links
[2026-03-28T11:49:44.247Z] GET /api/rsvps
[2026-03-28T11:49:44.404Z] GET /api/content/events
[2026-03-28T11:49:44.405Z] GET /api/content/gallery
[2026-03-28T11:49:44.405Z] GET /api/content/moments
[2026-03-28T11:49:44.406Z] GET /api/content/home_data
[2026-03-28T11:49:44.406Z] GET /api/content/stories
[2026-03-28T11:49:44.406Z] GET /api/content/contact_data
[2026-03-28T11:49:44.411Z] GET /api/content/family_people
[2026-03-28T11:49:44.412Z] GET /api/content/family_families
[2026-03-28T11:49:44.413Z] GET /api/content/family_links
[2026-03-28T11:49:44.413Z] GET /api/content/groom_family_people
[2026-03-28T11:49:44.414Z] GET /api/content/groom_family_families
[2026-03-28T11:49:44.416Z] GET /api/content/groom_family_links
[2026-03-28T11:49:44.419Z] GET /api/rsvps
[2026-03-28T11:49:44.419Z] GET /api/content/events
[2026-03-28T11:49:44.420Z] GET /api/content/gallery
[2026-03-28T11:49:44.420Z] GET /api/content/moments
[2026-03-28T11:49:44.421Z] GET /api/content/home_data
[2026-03-28T11:49:44.421Z] GET /api/content/stories
[2026-03-28T11:49:44.426Z] GET /api/content/contact_data
[2026-03-28T11:49:44.426Z] GET /api/content/family_people
[2026-03-28T11:49:44.427Z] GET /api/content/family_families
[2026-03-28T11:49:44.427Z] GET /api/content/family_links
[2026-03-28T11:49:44.427Z] GET /api/content/groom_family_people
[2026-03-28T11:49:44.428Z] GET /api/content/groom_family_families
[2026-03-28T11:49:44.429Z] GET /api/content/groom_family_links
[2026-03-28T11:49:44.429Z] GET /api/rsvps
[2026-03-28T11:50:05.302Z] GET /api/rsvps
[2026-03-28T11:50:05.302Z] GET /api/guests
[2026-03-28T11:50:05.307Z] GET /api/users
[2026-03-28T11:51:05.324Z] GET /api/users
[2026-03-28T11:51:05.328Z] GET /api/guests
[2026-03-28T11:51:05.330Z] GET /api/rsvps
[2026-03-28T11:52:05.326Z] GET /api/users
[2026-03-28T11:52:05.329Z] GET /api/guests
[2026-03-28T11:52:05.329Z] GET /api/rsvps
[2026-03-28T11:53:05.342Z] GET /api/users
[2026-03-28T11:53:05.348Z] GET /api/rsvps
[2026-03-28T11:53:05.350Z] GET /api/guests
[2026-03-28T11:54:05.345Z] GET /api/users
[2026-03-28T11:54:05.348Z] GET /api/rsvps
[2026-03-28T11:54:05.348Z] GET /api/guests
[2026-03-28T11:55:05.320Z] GET /api/guests
[2026-03-28T11:55:05.327Z] GET /api/rsvps
[2026-03-28T11:55:05.327Z] GET /api/users
[2026-03-28T11:56:05.306Z] GET /api/rsvps
[2026-03-28T11:56:05.308Z] GET /api/users
[2026-03-28T11:56:05.310Z] GET /api/guests
[2026-03-28T11:57:05.339Z] GET /api/users
[2026-03-28T11:57:05.342Z] GET /api/guests
[2026-03-28T11:57:05.343Z] GET /api/rsvps
[2026-03-28T11:58:05.378Z] GET /api/users
[2026-03-28T11:58:05.383Z] GET /api/guests
[2026-03-28T11:58:05.387Z] GET /api/rsvps
[2026-03-28T11:59:05.328Z] GET /api/users
[2026-03-28T11:59:05.330Z] GET /api/guests
[2026-03-28T11:59:05.331Z] GET /api/rsvps
[2026-03-28T12:00:05.318Z] GET /api/users
[2026-03-28T12:00:05.323Z] GET /api/guests
[2026-03-28T12:00:05.328Z] GET /api/rsvps
[2026-03-28T12:01:05.307Z] GET /api/guests
[2026-03-28T12:01:05.313Z] GET /api/rsvps
[2026-03-28T12:01:05.314Z] GET /api/users
[2026-03-28T12:02:05.347Z] GET /api/rsvps
[2026-03-28T12:02:05.356Z] GET /api/users
[2026-03-28T12:02:05.356Z] GET /api/guests
[2026-03-28T12:03:05.321Z] GET /api/rsvps
[2026-03-28T12:03:05.330Z] GET /api/users
[2026-03-28T12:03:05.330Z] GET /api/guests
[2026-03-28T12:04:05.309Z] GET /api/guests
[2026-03-28T12:04:05.316Z] GET /api/users
[2026-03-28T12:04:05.317Z] GET /api/rsvps
[2026-03-28T12:05:05.302Z] GET /api/users
[2026-03-28T12:05:05.303Z] GET /api/guests
[2026-03-28T12:05:05.304Z] GET /api/rsvps
[2026-03-28T12:06:05.387Z] GET /api/rsvps
[2026-03-28T12:06:05.393Z] GET /api/users
[2026-03-28T12:06:05.393Z] GET /api/guests
[2026-03-28T12:07:05.314Z] GET /api/users
[2026-03-28T12:07:05.332Z] GET /api/guests
[2026-03-28T12:07:05.334Z] GET /api/rsvps
[2026-03-28T12:08:05.313Z] GET /api/users
[2026-03-28T12:08:05.317Z] GET /api/guests
[2026-03-28T12:08:05.317Z] GET /api/rsvps
[2026-03-28T12:09:05.315Z] GET /api/users
[2026-03-28T12:09:05.319Z] GET /api/guests
[2026-03-28T12:09:05.320Z] GET /api/rsvps
[2026-03-28T12:10:05.336Z] GET /api/rsvps
[2026-03-28T12:10:05.345Z] GET /api/users
[2026-03-28T12:10:05.346Z] GET /api/guests
[2026-03-28T12:11:05.347Z] GET /api/guests
[2026-03-28T12:11:05.355Z] GET /api/users
[2026-03-28T12:11:05.356Z] GET /api/rsvps
[2026-03-28T12:12:05.348Z] GET /api/users
[2026-03-28T12:12:05.356Z] GET /api/guests
[2026-03-28T12:12:05.357Z] GET /api/rsvps
[2026-03-28T12:13:05.387Z] GET /api/users
[2026-03-28T12:13:05.392Z] GET /api/guests
[2026-03-28T12:13:05.393Z] GET /api/rsvps
[2026-03-28T12:14:05.323Z] GET /api/guests
[2026-03-28T12:14:05.325Z] GET /api/users
[2026-03-28T12:14:05.325Z] GET /api/rsvps
[2026-03-28T12:15:05.310Z] GET /api/users
[2026-03-28T12:15:05.312Z] GET /api/rsvps
[2026-03-28T12:15:05.314Z] GET /api/guests
[2026-03-28T12:16:05.323Z] GET /api/guests
[2026-03-28T12:16:05.328Z] GET /api/users
[2026-03-28T12:16:05.328Z] GET /api/rsvps
[2026-03-28T12:17:05.322Z] GET /api/users
[2026-03-28T12:17:05.327Z] GET /api/guests
[2026-03-28T12:17:05.328Z] GET /api/rsvps
[2026-03-28T12:18:05.333Z] GET /api/users
[2026-03-28T12:18:05.338Z] GET /api/guests
[2026-03-28T12:18:05.346Z] GET /api/rsvps
[2026-03-28T12:19:05.336Z] GET /api/users
[2026-03-28T12:19:05.340Z] GET /api/guests
[2026-03-28T12:19:05.343Z] GET /api/rsvps
[2026-03-28T12:20:05.324Z] GET /api/users
[2026-03-28T12:20:05.327Z] GET /api/guests
[2026-03-28T12:20:05.328Z] GET /api/rsvps
[2026-03-28T12:21:05.311Z] GET /api/rsvps
[2026-03-28T12:21:05.344Z] GET /api/guests
[2026-03-28T12:21:05.346Z] GET /api/users
[2026-03-28T12:22:05.324Z] GET /api/users
[2026-03-28T12:22:05.329Z] GET /api/guests
[2026-03-28T12:22:05.329Z] GET /api/rsvps
[2026-03-28T12:23:05.332Z] GET /api/users
[2026-03-28T12:23:05.340Z] GET /api/guests
[2026-03-28T12:23:05.341Z] GET /api/rsvps
[2026-03-28T12:24:05.345Z] GET /api/users
[2026-03-28T12:24:05.352Z] GET /api/guests
[2026-03-28T12:24:05.356Z] GET /api/rsvps
[2026-03-28T12:25:05.316Z] GET /api/users
[2026-03-28T12:25:05.319Z] GET /api/guests
[2026-03-28T12:25:05.322Z] GET /api/rsvps
[2026-03-28T12:26:05.324Z] GET /api/users
[2026-03-28T12:26:05.327Z] GET /api/guests
[2026-03-28T12:26:05.328Z] GET /api/rsvps
[2026-03-28T12:27:05.335Z] GET /api/users
[2026-03-28T12:27:05.339Z] GET /api/guests
[2026-03-28T12:27:05.341Z] GET /api/rsvps
[2026-03-28T12:28:05.342Z] GET /api/rsvps
[2026-03-28T12:28:05.350Z] GET /api/users
[2026-03-28T12:28:05.350Z] GET /api/guests
[2026-03-28T12:29:05.309Z] GET /api/guests
[2026-03-28T12:29:05.312Z] GET /api/rsvps
[2026-03-28T12:29:05.313Z] GET /api/users
[2026-03-28T12:30:05.346Z] GET /api/users
[2026-03-28T12:30:05.350Z] GET /api/guests
[2026-03-28T12:30:05.357Z] GET /api/rsvps
[2026-03-28T12:31:05.340Z] GET /api/users
[2026-03-28T12:31:05.344Z] GET /api/guests
[2026-03-28T12:31:05.345Z] GET /api/rsvps
[2026-03-28T12:32:05.320Z] GET /api/users
[2026-03-28T12:32:05.322Z] GET /api/guests
[2026-03-28T12:32:05.322Z] GET /api/rsvps
[2026-03-28T12:33:05.322Z] GET /api/users
[2026-03-28T12:33:05.325Z] GET /api/guests
[2026-03-28T12:33:05.325Z] GET /api/rsvps
[2026-03-28T12:34:05.326Z] GET /api/rsvps
[2026-03-28T12:34:05.334Z] GET /api/users
[2026-03-28T12:34:05.334Z] GET /api/guests
[2026-03-28T12:35:05.337Z] GET /api/users
[2026-03-28T12:35:05.340Z] GET /api/guests
[2026-03-28T12:35:05.340Z] GET /api/rsvps
[2026-03-28T12:36:05.322Z] GET /api/users
[2026-03-28T12:36:05.329Z] GET /api/guests
[2026-03-28T12:36:05.329Z] GET /api/rsvps
[2026-03-28T12:37:05.321Z] GET /api/rsvps
[2026-03-28T12:37:05.328Z] GET /api/users
[2026-03-28T12:37:05.328Z] GET /api/guests
[2026-03-28T12:37:38.799Z] GET /api/users
[2026-03-28T12:37:38.800Z] GET /api/guests
[2026-03-28T12:37:38.801Z] GET /api/rsvps
[2026-03-28T12:37:44.349Z] POST /api/login
[2026-03-28T12:37:44.392Z] GET /api/users
[2026-03-28T12:37:44.393Z] GET /api/guests
[2026-03-28T12:37:44.393Z] GET /api/rsvps
[2026-03-28T12:37:44.400Z] GET /api/users
[2026-03-28T12:37:44.403Z] GET /api/guests
[2026-03-28T12:37:44.404Z] GET /api/rsvps
[2026-03-28T12:46:16.156Z] POST /api/rsvp
[2026-03-28T12:46:23.163Z] POST /api/login
[2026-03-28T12:46:23.222Z] GET /api/guests
[2026-03-28T12:46:23.224Z] GET /api/users
[2026-03-28T12:46:23.226Z] GET /api/rsvps
[2026-03-28T12:46:23.290Z] GET /api/users
[2026-03-28T12:46:23.290Z] GET /api/guests
[2026-03-28T12:46:23.440Z] GET /api/rsvps
[2026-03-28T12:46:28.223Z] GET /api/users
[2026-03-28T12:46:28.224Z] GET /api/guests
[2026-03-28T12:46:28.227Z] GET /api/rsvps
[2026-03-28T12:46:33.221Z] GET /api/users
[2026-03-28T12:46:33.222Z] GET /api/guests
[2026-03-28T12:46:33.223Z] GET /api/rsvps
[2026-03-28T12:46:38.219Z] GET /api/users
[2026-03-28T12:46:38.220Z] GET /api/guests
[2026-03-28T12:46:38.221Z] GET /api/rsvps
[2026-03-28T12:46:41.713Z] POST /api/guests
[2026-03-28T12:46:41.723Z] GET /api/guests
[2026-03-28T12:46:41.724Z] GET /api/users
[2026-03-28T12:46:41.725Z] GET /api/rsvps
[2026-03-28T12:46:43.218Z] GET /api/users
[2026-03-28T12:46:43.219Z] GET /api/guests
[2026-03-28T12:46:43.220Z] GET /api/rsvps
[2026-03-28T12:46:43.478Z] POST /api/users
[2026-03-28T12:46:43.487Z] GET /api/users
[2026-03-28T12:46:43.488Z] GET /api/guests
[2026-03-28T12:46:43.489Z] GET /api/rsvps
[2026-03-28T12:46:48.311Z] GET /api/users
[2026-03-28T12:46:48.316Z] GET /api/guests
[2026-03-28T12:46:48.319Z] GET /api/rsvps
[2026-03-28T12:46:50.364Z] POST /api/login
[2026-03-28T12:46:53.302Z] GET /api/guests
[2026-03-28T12:46:53.303Z] GET /api/users
[2026-03-28T12:46:53.304Z] GET /api/rsvps
[2026-03-28T12:46:58.301Z] GET /api/guests
[2026-03-28T12:46:58.302Z] GET /api/users
[2026-03-28T12:46:58.303Z] GET /api/rsvps
[2026-03-28T12:47:03.302Z] GET /api/users
[2026-03-28T12:47:03.303Z] GET /api/guests
[2026-03-28T12:47:03.304Z] GET /api/rsvps
[2026-03-28T12:47:08.307Z] GET /api/users
[2026-03-28T12:47:08.309Z] GET /api/guests
[2026-03-28T12:47:08.311Z] GET /api/rsvps
[2026-03-28T12:47:13.303Z] GET /api/users
[2026-03-28T12:47:13.305Z] GET /api/guests
[2026-03-28T12:47:13.306Z] GET /api/rsvps
[2026-03-28T12:47:18.303Z] GET /api/users
[2026-03-28T12:47:18.306Z] GET /api/guests
[2026-03-28T12:47:18.308Z] GET /api/rsvps
[2026-03-28T12:47:23.303Z] GET /api/users
[2026-03-28T12:47:23.304Z] GET /api/guests
[2026-03-28T12:47:23.306Z] GET /api/rsvps
[2026-03-28T12:47:28.302Z] GET /api/users
[2026-03-28T12:47:28.304Z] GET /api/guests
[2026-03-28T12:47:28.306Z] GET /api/rsvps
[2026-03-28T12:47:33.302Z] GET /api/users
[2026-03-28T12:47:33.304Z] GET /api/guests
[2026-03-28T12:47:33.307Z] GET /api/rsvps
[2026-03-28T12:47:38.302Z] GET /api/users
[2026-03-28T12:47:38.304Z] GET /api/guests
[2026-03-28T12:47:38.306Z] GET /api/rsvps
[2026-03-28T12:47:43.302Z] GET /api/users
[2026-03-28T12:47:43.304Z] GET /api/guests
[2026-03-28T12:47:43.305Z] GET /api/rsvps
[2026-03-28T12:48:05.307Z] GET /api/rsvps
[2026-03-28T12:48:05.310Z] GET /api/users
[2026-03-28T12:48:05.312Z] GET /api/guests
[2026-03-28T12:49:05.310Z] GET /api/guests
[2026-03-28T12:49:05.313Z] GET /api/users
[2026-03-28T12:49:05.313Z] GET /api/rsvps
[2026-03-28T12:50:05.347Z] GET /api/users
[2026-03-28T12:50:05.354Z] GET /api/guests
[2026-03-28T12:50:05.355Z] GET /api/rsvps
[2026-03-28T12:51:05.350Z] GET /api/guests
[2026-03-28T12:51:05.362Z] GET /api/users
[2026-03-28T12:51:05.363Z] GET /api/rsvps
[2026-03-28T12:51:14.556Z] POST /api/rsvp
[2026-03-28T12:52:05.313Z] GET /api/users
[2026-03-28T12:52:05.315Z] GET /api/guests
[2026-03-28T12:52:05.315Z] GET /api/rsvps
[2026-03-28T12:53:05.313Z] GET /api/users
[2026-03-28T12:53:05.315Z] GET /api/guests
[2026-03-28T12:53:05.315Z] GET /api/rsvps
[2026-03-28T12:53:36.677Z] GET /api/users
[2026-03-28T12:53:36.687Z] GET /api/guests
[2026-03-28T12:53:36.690Z] GET /api/rsvps
[2026-03-28T12:53:38.222Z] GET /api/users
[2026-03-28T12:53:38.222Z] GET /api/guests
[2026-03-28T12:53:38.224Z] GET /api/rsvps
[2026-03-28T12:53:43.221Z] GET /api/users
[2026-03-28T12:53:43.221Z] GET /api/guests
[2026-03-28T12:53:43.224Z] GET /api/rsvps
[2026-03-28T12:53:48.222Z] GET /api/users
[2026-03-28T12:53:48.224Z] GET /api/guests
[2026-03-28T12:53:48.225Z] GET /api/rsvps
[2026-03-28T12:53:53.221Z] GET /api/users
[2026-03-28T12:53:53.222Z] GET /api/guests
[2026-03-28T12:53:53.223Z] GET /api/rsvps
[2026-03-28T12:53:58.221Z] GET /api/users
[2026-03-28T12:53:58.222Z] GET /api/guests
[2026-03-28T12:53:58.223Z] GET /api/rsvps
[2026-03-28T12:54:03.219Z] GET /api/users
[2026-03-28T12:54:03.220Z] GET /api/guests
[2026-03-28T12:54:03.221Z] GET /api/rsvps
[2026-03-28T12:54:08.221Z] GET /api/users
[2026-03-28T12:54:08.222Z] GET /api/guests
[2026-03-28T12:54:08.223Z] GET /api/rsvps
[2026-03-28T12:54:13.221Z] GET /api/users
[2026-03-28T12:54:13.222Z] GET /api/guests
[2026-03-28T12:54:13.223Z] GET /api/rsvps
[2026-03-28T12:54:18.221Z] GET /api/guests
[2026-03-28T12:54:18.222Z] GET /api/rsvps
[2026-03-28T12:54:18.223Z] GET /api/users
[2026-03-28T12:54:23.222Z] GET /api/users
[2026-03-28T12:54:23.222Z] GET /api/guests
[2026-03-28T12:54:23.223Z] GET /api/rsvps
[2026-03-28T12:54:28.304Z] GET /api/users
[2026-03-28T12:54:28.309Z] GET /api/guests
[2026-03-28T12:54:28.311Z] GET /api/rsvps
[2026-03-28T12:54:30.482Z] POST /api/login
[2026-03-28T12:54:33.300Z] GET /api/users
[2026-03-28T12:54:33.302Z] GET /api/guests
[2026-03-28T12:54:33.303Z] GET /api/rsvps
[2026-03-28T12:54:38.305Z] GET /api/users
[2026-03-28T12:54:38.307Z] GET /api/guests
[2026-03-28T12:54:38.308Z] GET /api/rsvps
[2026-03-28T12:54:43.300Z] GET /api/users
[2026-03-28T12:54:43.301Z] GET /api/guests
[2026-03-28T12:54:43.303Z] GET /api/rsvps
[2026-03-28T12:54:48.303Z] GET /api/users
[2026-03-28T12:54:48.305Z] GET /api/guests
[2026-03-28T12:54:48.306Z] GET /api/rsvps
[2026-03-28T12:54:53.303Z] GET /api/users
[2026-03-28T12:54:53.305Z] GET /api/guests
[2026-03-28T12:54:53.307Z] GET /api/rsvps
[2026-03-28T12:54:58.302Z] GET /api/users
[2026-03-28T12:54:58.303Z] GET /api/guests
[2026-03-28T12:54:58.305Z] GET /api/rsvps
[2026-03-28T12:55:03.305Z] GET /api/users
[2026-03-28T12:55:03.306Z] GET /api/guests
[2026-03-28T12:55:03.306Z] GET /api/rsvps
[2026-03-28T12:55:08.311Z] GET /api/users
[2026-03-28T12:55:08.314Z] GET /api/guests
[2026-03-28T12:55:08.314Z] GET /api/rsvps
[2026-03-28T12:55:13.301Z] GET /api/users
[2026-03-28T12:55:13.303Z] GET /api/guests
[2026-03-28T12:55:13.306Z] GET /api/rsvps
[2026-03-28T12:55:18.303Z] GET /api/users
[2026-03-28T12:55:18.304Z] GET /api/guests
[2026-03-28T12:55:18.306Z] GET /api/rsvps
[2026-03-28T12:55:23.301Z] GET /api/users
[2026-03-28T12:55:23.302Z] GET /api/guests
[2026-03-28T12:55:23.303Z] GET /api/rsvps
[2026-03-28T12:56:05.309Z] GET /api/users
[2026-03-28T12:56:05.311Z] GET /api/guests
[2026-03-28T12:56:05.314Z] GET /api/rsvps
[2026-03-28T12:57:02.820Z] POST /api/content/moments
PayloadTooLargeError: request entity too large
    at readStream (/Users/raacoon/Desktop/Project/invitation2/node_modules/raw-body/index.js:163:17)
    at getRawBody (/Users/raacoon/Desktop/Project/invitation2/node_modules/raw-body/index.js:116:12)
    at read (/Users/raacoon/Desktop/Project/invitation2/node_modules/body-parser/lib/read.js:114:3)
    at jsonParser (/Users/raacoon/Desktop/Project/invitation2/node_modules/body-parser/lib/types/json.js:90:5)
    at Layer.handleRequest (/Users/raacoon/Desktop/Project/invitation2/node_modules/router/lib/layer.js:152:17)
    at trimPrefix (/Users/raacoon/Desktop/Project/invitation2/node_modules/router/index.js:342:13)
    at /Users/raacoon/Desktop/Project/invitation2/node_modules/router/index.js:297:9
    at processParams (/Users/raacoon/Desktop/Project/invitation2/node_modules/router/index.js:582:12)
    at next (/Users/raacoon/Desktop/Project/invitation2/node_modules/router/index.js:291:5)
    at cors (/Users/raacoon/Desktop/Project/invitation2/node_modules/cors/lib/index.js:188:7)
[2026-03-28T12:57:05.311Z] GET /api/users
[2026-03-28T12:57:05.313Z] GET /api/guests
[2026-03-28T12:57:05.314Z] GET /api/rsvps
[2026-03-28T12:58:03.488Z] GET /api/guests
[2026-03-28T12:58:03.491Z] GET /api/users
[2026-03-28T12:58:03.492Z] GET /api/rsvps
[2026-03-28T12:58:08.218Z] GET /api/users
[2026-03-28T12:58:08.219Z] GET /api/guests
[2026-03-28T12:58:08.221Z] GET /api/rsvps
[2026-03-28T12:58:13.220Z] GET /api/users
[2026-03-28T12:58:13.221Z] GET /api/guests
[2026-03-28T12:58:13.223Z] GET /api/rsvps
[2026-03-28T12:58:18.221Z] GET /api/users
[2026-03-28T12:58:18.221Z] GET /api/guests
[2026-03-28T12:58:18.223Z] GET /api/rsvps
[2026-03-28T12:58:23.220Z] GET /api/users
[2026-03-28T12:58:23.221Z] GET /api/guests
[2026-03-28T12:58:23.224Z] GET /api/rsvps
[2026-03-28T12:58:28.220Z] GET /api/users
[2026-03-28T12:58:28.221Z] GET /api/rsvps
[2026-03-28T12:58:28.222Z] GET /api/guests
[2026-03-28T12:58:33.220Z] GET /api/users
[2026-03-28T12:58:33.221Z] GET /api/guests
[2026-03-28T12:58:33.223Z] GET /api/rsvps
[2026-03-28T12:58:38.220Z] GET /api/users
[2026-03-28T12:58:38.221Z] GET /api/guests
[2026-03-28T12:58:38.223Z] GET /api/rsvps
[2026-03-28T12:58:43.220Z] GET /api/users
[2026-03-28T12:58:43.221Z] GET /api/guests
[2026-03-28T12:58:43.222Z] GET /api/rsvps
[2026-03-28T12:58:48.220Z] GET /api/users
[2026-03-28T12:58:48.221Z] GET /api/guests
[2026-03-28T12:58:48.221Z] GET /api/rsvps
[2026-03-28T12:58:53.218Z] GET /api/users
[2026-03-28T12:58:53.219Z] GET /api/guests
[2026-03-28T12:58:53.220Z] GET /api/rsvps
[2026-03-28T12:58:58.220Z] GET /api/users
[2026-03-28T12:58:58.221Z] GET /api/guests
[2026-03-28T12:58:58.222Z] GET /api/rsvps
[2026-03-28T12:59:03.219Z] GET /api/users
[2026-03-28T12:59:03.220Z] GET /api/guests
[2026-03-28T12:59:03.221Z] GET /api/rsvps
[2026-03-28T12:59:08.221Z] GET /api/users
[2026-03-28T12:59:08.222Z] GET /api/guests
[2026-03-28T12:59:08.224Z] GET /api/rsvps
[2026-03-28T12:59:13.220Z] GET /api/users
[2026-03-28T12:59:13.221Z] GET /api/guests
[2026-03-28T12:59:13.222Z] GET /api/rsvps
[2026-03-28T12:59:18.221Z] GET /api/users
[2026-03-28T12:59:18.222Z] GET /api/guests
[2026-03-28T12:59:18.224Z] GET /api/rsvps
[2026-03-28T12:59:23.220Z] GET /api/users
[2026-03-28T12:59:23.221Z] GET /api/guests
[2026-03-28T12:59:23.223Z] GET /api/rsvps
[2026-03-28T12:59:28.220Z] GET /api/users
[2026-03-28T12:59:28.220Z] GET /api/guests
[2026-03-28T12:59:28.222Z] GET /api/rsvps
[2026-03-28T12:59:33.220Z] GET /api/users
[2026-03-28T12:59:33.222Z] GET /api/guests
[2026-03-28T12:59:33.223Z] GET /api/rsvps
[2026-03-28T12:59:38.220Z] GET /api/users
[2026-03-28T12:59:38.220Z] GET /api/guests
[2026-03-28T12:59:38.223Z] GET /api/rsvps
[2026-03-28T12:59:43.221Z] GET /api/guests
[2026-03-28T12:59:43.221Z] GET /api/users
[2026-03-28T12:59:43.222Z] GET /api/rsvps
[2026-03-28T12:59:48.221Z] GET /api/users
[2026-03-28T12:59:48.222Z] GET /api/guests
[2026-03-28T12:59:48.223Z] GET /api/rsvps
[2026-03-28T12:59:53.220Z] GET /api/users
[2026-03-28T12:59:53.221Z] GET /api/guests
[2026-03-28T12:59:53.222Z] GET /api/rsvps
[2026-03-28T12:59:58.221Z] GET /api/users
[2026-03-28T12:59:58.223Z] GET /api/guests
[2026-03-28T12:59:58.224Z] GET /api/rsvps
[2026-03-28T13:00:03.220Z] GET /api/users
[2026-03-28T13:00:03.220Z] GET /api/guests
[2026-03-28T13:00:03.221Z] GET /api/rsvps
[2026-03-28T13:00:08.221Z] GET /api/users
[2026-03-28T13:00:08.223Z] GET /api/guests
[2026-03-28T13:00:08.225Z] GET /api/rsvps
[2026-03-28T13:00:13.220Z] GET /api/users
[2026-03-28T13:00:13.221Z] GET /api/guests
[2026-03-28T13:00:13.223Z] GET /api/rsvps
[2026-03-28T13:00:18.220Z] GET /api/users
[2026-03-28T13:00:18.221Z] GET /api/guests
[2026-03-28T13:00:18.223Z] GET /api/rsvps
[2026-03-28T13:00:23.220Z] GET /api/users
[2026-03-28T13:00:23.221Z] GET /api/guests
[2026-03-28T13:00:23.223Z] GET /api/rsvps
[2026-03-28T13:00:28.220Z] GET /api/users
[2026-03-28T13:00:28.221Z] GET /api/guests
[2026-03-28T13:00:28.222Z] GET /api/rsvps
[2026-03-28T13:00:33.220Z] GET /api/users
[2026-03-28T13:00:33.221Z] GET /api/guests
[2026-03-28T13:00:33.222Z] GET /api/rsvps
[2026-03-28T13:00:38.220Z] GET /api/users
[2026-03-28T13:00:38.221Z] GET /api/guests
[2026-03-28T13:00:38.223Z] GET /api/rsvps
[2026-03-28T13:00:43.220Z] GET /api/users
[2026-03-28T13:00:43.221Z] GET /api/guests
[2026-03-28T13:00:43.221Z] GET /api/rsvps
[2026-03-28T13:00:48.220Z] GET /api/users
[2026-03-28T13:00:48.221Z] GET /api/guests
[2026-03-28T13:00:48.223Z] GET /api/rsvps
[2026-03-28T13:00:53.219Z] GET /api/users
[2026-03-28T13:00:53.220Z] GET /api/guests
[2026-03-28T13:00:53.222Z] GET /api/rsvps
[2026-03-28T13:00:58.220Z] GET /api/users
[2026-03-28T13:00:58.221Z] GET /api/guests
[2026-03-28T13:00:58.223Z] GET /api/rsvps
[2026-03-28T13:01:03.220Z] GET /api/users
[2026-03-28T13:01:03.221Z] GET /api/guests
[2026-03-28T13:01:03.222Z] GET /api/rsvps
[2026-03-28T13:01:08.220Z] GET /api/users
[2026-03-28T13:01:08.221Z] GET /api/guests
[2026-03-28T13:01:08.224Z] GET /api/rsvps
[2026-03-28T13:01:13.220Z] GET /api/users
[2026-03-28T13:01:13.221Z] GET /api/guests
[2026-03-28T13:01:13.222Z] GET /api/rsvps
[2026-03-28T13:01:18.222Z] GET /api/users
[2026-03-28T13:01:18.222Z] GET /api/guests
[2026-03-28T13:01:18.224Z] GET /api/rsvps
[2026-03-28T13:01:23.221Z] GET /api/users
[2026-03-28T13:01:23.221Z] GET /api/guests
[2026-03-28T13:01:23.223Z] GET /api/rsvps
[2026-03-28T13:01:28.220Z] GET /api/users
[2026-03-28T13:01:28.221Z] GET /api/guests
[2026-03-28T13:01:28.222Z] GET /api/rsvps
[2026-03-28T13:01:33.220Z] GET /api/users
[2026-03-28T13:01:33.221Z] GET /api/guests
[2026-03-28T13:01:33.222Z] GET /api/rsvps
[2026-03-28T13:01:38.220Z] GET /api/users
[2026-03-28T13:01:38.221Z] GET /api/guests
[2026-03-28T13:01:38.223Z] GET /api/rsvps
[2026-03-28T13:01:43.221Z] GET /api/users
[2026-03-28T13:01:43.223Z] GET /api/guests
[2026-03-28T13:01:43.224Z] GET /api/rsvps
[2026-03-28T13:01:48.220Z] GET /api/users
[2026-03-28T13:01:48.221Z] GET /api/guests
[2026-03-28T13:01:48.222Z] GET /api/rsvps
[2026-03-28T13:01:53.219Z] GET /api/guests
[2026-03-28T13:01:53.219Z] GET /api/users
[2026-03-28T13:01:53.221Z] GET /api/rsvps
[2026-03-28T13:01:58.218Z] GET /api/guests
[2026-03-28T13:01:58.219Z] GET /api/users
[2026-03-28T13:01:58.220Z] GET /api/rsvps
[2026-03-28T13:02:03.219Z] GET /api/users
[2026-03-28T13:02:03.220Z] GET /api/guests
[2026-03-28T13:02:03.221Z] GET /api/rsvps
[2026-03-28T13:02:12.152Z] POST /api/login
[2026-03-28T13:02:16.157Z] GET /api/users
[2026-03-28T13:02:16.158Z] GET /api/guests
[2026-03-28T13:02:16.159Z] GET /api/rsvps
[2026-03-28T13:02:16.169Z] GET /api/users
[2026-03-28T13:02:16.170Z] GET /api/guests
[2026-03-28T13:02:16.177Z] GET /api/rsvps
[2026-03-28T13:02:21.302Z] GET /api/users
[2026-03-28T13:02:21.303Z] GET /api/guests
[2026-03-28T13:02:21.304Z] GET /api/rsvps
[2026-03-28T13:02:26.145Z] GET /api/users
[2026-03-28T13:02:26.146Z] GET /api/rsvps
[2026-03-28T13:02:26.147Z] GET /api/guests
[2026-03-28T13:02:29.734Z] POST /api/login
[2026-03-28T13:02:31.303Z] GET /api/users
[2026-03-28T13:02:31.305Z] GET /api/guests
[2026-03-28T13:02:31.306Z] GET /api/rsvps
[2026-03-28T13:02:36.301Z] GET /api/users
[2026-03-28T13:02:36.302Z] GET /api/guests
[2026-03-28T13:02:36.303Z] GET /api/rsvps
[2026-03-28T13:02:41.301Z] GET /api/users
[2026-03-28T13:02:41.302Z] GET /api/guests
[2026-03-28T13:02:41.304Z] GET /api/rsvps
[2026-03-28T13:02:46.146Z] GET /api/users
[2026-03-28T13:02:46.147Z] GET /api/guests
[2026-03-28T13:02:46.149Z] GET /api/rsvps
[2026-03-28T13:02:51.143Z] GET /api/users
[2026-03-28T13:02:51.144Z] GET /api/guests
[2026-03-28T13:02:51.146Z] GET /api/rsvps
[2026-03-28T13:02:56.145Z] GET /api/users
[2026-03-28T13:02:56.145Z] GET /api/guests
[2026-03-28T13:02:56.147Z] GET /api/rsvps
[2026-03-28T13:03:01.145Z] GET /api/users
[2026-03-28T13:03:01.145Z] GET /api/guests
[2026-03-28T13:03:01.147Z] GET /api/rsvps
[2026-03-28T13:03:06.146Z] GET /api/users
[2026-03-28T13:03:06.147Z] GET /api/guests
[2026-03-28T13:03:06.148Z] GET /api/rsvps
[2026-03-28T13:03:11.145Z] GET /api/users
[2026-03-28T13:03:11.146Z] GET /api/guests
[2026-03-28T13:03:11.147Z] GET /api/rsvps
[2026-03-28T13:03:16.145Z] GET /api/users
[2026-03-28T13:03:16.146Z] GET /api/guests
[2026-03-28T13:03:16.147Z] GET /api/rsvps
[2026-03-28T13:03:21.145Z] GET /api/users
[2026-03-28T13:03:21.146Z] GET /api/guests
[2026-03-28T13:03:21.147Z] GET /api/rsvps
[2026-03-28T13:03:26.146Z] GET /api/users
[2026-03-28T13:03:26.147Z] GET /api/guests
[2026-03-28T13:03:26.148Z] GET /api/rsvps
[2026-03-28T13:03:37.289Z] POST /api/login
[2026-03-28T13:03:37.314Z] GET /api/users
[2026-03-28T13:03:37.314Z] GET /api/guests
[2026-03-28T13:03:37.315Z] GET /api/rsvps
[2026-03-28T13:03:37.321Z] GET /api/users
[2026-03-28T13:03:37.322Z] GET /api/guests
[2026-03-28T13:03:37.326Z] GET /api/rsvps
[2026-03-28T13:03:42.309Z] GET /api/users
[2026-03-28T13:03:42.310Z] GET /api/guests
[2026-03-28T13:03:42.312Z] GET /api/rsvps
[2026-03-28T13:03:44.795Z] POST /api/guests
[2026-03-28T13:03:44.806Z] GET /api/guests
[2026-03-28T13:03:44.807Z] GET /api/users
[2026-03-28T13:03:44.809Z] GET /api/rsvps
[2026-03-28T13:03:46.677Z] POST /api/users
[2026-03-28T13:03:46.686Z] GET /api/users
[2026-03-28T13:03:46.686Z] GET /api/guests
[2026-03-28T13:03:46.687Z] GET /api/rsvps
[2026-03-28T13:03:47.306Z] GET /api/rsvps
[2026-03-28T13:03:47.307Z] GET /api/guests
[2026-03-28T13:03:47.309Z] GET /api/users
[2026-03-28T13:03:53.299Z] GET /api/users
[2026-03-28T13:03:53.301Z] GET /api/guests
[2026-03-28T13:03:53.302Z] GET /api/rsvps
[2026-03-28T13:03:53.361Z] POST /api/login
[2026-03-28T13:03:57.310Z] GET /api/users
[2026-03-28T13:03:57.311Z] GET /api/guests
[2026-03-28T13:03:57.312Z] GET /api/rsvps
[2026-03-28T13:04:02.064Z] POST /api/login
[2026-03-28T13:04:03.301Z] GET /api/users
[2026-03-28T13:04:03.302Z] GET /api/guests
[2026-03-28T13:04:03.304Z] GET /api/rsvps
[2026-03-28T13:04:08.302Z] GET /api/users
[2026-03-28T13:04:08.303Z] GET /api/guests
[2026-03-28T13:04:08.306Z] GET /api/rsvps
[2026-03-28T13:04:13.301Z] GET /api/users
[2026-03-28T13:04:13.302Z] GET /api/guests
[2026-03-28T13:04:13.304Z] GET /api/rsvps
[2026-03-28T13:04:18.301Z] GET /api/users
[2026-03-28T13:04:18.302Z] GET /api/guests
[2026-03-28T13:04:18.304Z] GET /api/rsvps
[2026-03-28T13:04:23.298Z] GET /api/users
[2026-03-28T13:04:23.300Z] GET /api/guests
[2026-03-28T13:04:23.300Z] GET /api/rsvps
[2026-03-28T13:04:28.301Z] GET /api/users
[2026-03-28T13:04:28.302Z] GET /api/guests
[2026-03-28T13:04:28.303Z] GET /api/rsvps
[2026-03-28T13:04:33.301Z] GET /api/users
[2026-03-28T13:04:33.302Z] GET /api/guests
[2026-03-28T13:04:33.302Z] GET /api/rsvps
[2026-03-28T13:04:38.301Z] GET /api/users
[2026-03-28T13:04:38.303Z] GET /api/guests
[2026-03-28T13:04:38.305Z] GET /api/rsvps
[2026-03-28T13:04:43.301Z] GET /api/users
[2026-03-28T13:04:43.303Z] GET /api/guests
[2026-03-28T13:04:43.305Z] GET /api/rsvps
[2026-03-28T13:04:48.302Z] GET /api/users
[2026-03-28T13:04:48.303Z] GET /api/guests
[2026-03-28T13:04:48.304Z] GET /api/rsvps
[2026-03-28T13:04:53.302Z] GET /api/users
[2026-03-28T13:04:53.303Z] GET /api/guests
[2026-03-28T13:04:53.305Z] GET /api/rsvps
[2026-03-28T13:04:58.301Z] GET /api/users
[2026-03-28T13:04:58.303Z] GET /api/guests
[2026-03-28T13:04:58.305Z] GET /api/rsvps
[2026-03-28T13:05:05.302Z] GET /api/users
[2026-03-28T13:05:05.304Z] GET /api/guests
[2026-03-28T13:05:05.306Z] GET /api/rsvps
[2026-03-28T13:06:05.319Z] GET /api/rsvps
[2026-03-28T13:06:05.322Z] GET /api/users
[2026-03-28T13:06:05.323Z] GET /api/guests
[2026-03-28T13:07:05.364Z] GET /api/users
[2026-03-28T13:07:05.370Z] GET /api/guests
[2026-03-28T13:07:05.371Z] GET /api/rsvps
[2026-03-28T13:08:05.320Z] GET /api/users
[2026-03-28T13:08:05.323Z] GET /api/guests
[2026-03-28T13:08:05.325Z] GET /api/rsvps
[2026-03-28T13:09:05.363Z] GET /api/rsvps
[2026-03-28T13:09:05.369Z] GET /api/users
[2026-03-28T13:09:05.370Z] GET /api/guests
[2026-03-28T13:10:05.325Z] GET /api/users
[2026-03-28T13:10:05.329Z] GET /api/guests
[2026-03-28T13:10:05.330Z] GET /api/rsvps
[2026-03-28T13:11:05.327Z] GET /api/guests
[2026-03-28T13:11:05.331Z] GET /api/users
[2026-03-28T13:11:05.332Z] GET /api/rsvps
[2026-03-28T13:12:05.317Z] GET /api/users
[2026-03-28T13:12:05.319Z] GET /api/guests
[2026-03-28T13:12:05.320Z] GET /api/rsvps
[2026-03-28T13:13:05.315Z] GET /api/users
[2026-03-28T13:13:05.318Z] GET /api/guests
[2026-03-28T13:13:05.319Z] GET /api/rsvps
[2026-03-28T13:14:05.311Z] GET /api/users
[2026-03-28T13:14:05.317Z] GET /api/guests
[2026-03-28T13:14:05.323Z] GET /api/rsvps
[2026-03-28T13:15:05.326Z] GET /api/rsvps
[2026-03-28T13:15:05.329Z] GET /api/users
[2026-03-28T13:15:05.333Z] GET /api/guests
[2026-03-28T13:16:05.334Z] GET /api/users
[2026-03-28T13:16:05.338Z] GET /api/guests
[2026-03-28T13:16:05.340Z] GET /api/rsvps
[2026-03-28T13:16:54.311Z] GET /api/users
[2026-03-28T13:16:54.312Z] GET /api/rsvps
[2026-03-28T13:16:54.313Z] GET /api/guests
[2026-03-28T13:17:00.301Z] GET /api/users
[2026-03-28T13:17:00.302Z] GET /api/guests
[2026-03-28T13:17:00.305Z] GET /api/rsvps
[2026-03-28T13:17:05.319Z] GET /api/users
[2026-03-28T13:17:05.327Z] GET /api/guests
[2026-03-28T13:17:05.327Z] GET /api/rsvps
[2026-03-28T13:17:10.316Z] GET /api/users
[2026-03-28T13:17:10.317Z] GET /api/guests
[2026-03-28T13:17:10.318Z] GET /api/rsvps
[2026-03-28T13:17:15.303Z] GET /api/users
[2026-03-28T13:17:15.304Z] GET /api/guests
[2026-03-28T13:17:15.307Z] GET /api/rsvps
[2026-03-28T13:17:20.302Z] GET /api/users
[2026-03-28T13:17:20.303Z] GET /api/guests
[2026-03-28T13:17:20.305Z] GET /api/rsvps
[2026-03-28T13:17:40.470Z] GET /api/content/gallery
[2026-03-28T13:17:40.472Z] GET /api/content/moments
[2026-03-28T13:17:40.473Z] GET /api/content/home_data
[2026-03-28T13:17:40.473Z] GET /api/content/contact_data
[2026-03-28T13:17:40.482Z] GET /api/content/events
[2026-03-28T13:17:40.483Z] GET /api/content/stories
[2026-03-28T13:17:40.537Z] GET /api/content/family_people
[2026-03-28T13:17:40.538Z] GET /api/content/family_families
[2026-03-28T13:17:40.539Z] GET /api/content/family_links
[2026-03-28T13:17:40.539Z] GET /api/content/groom_family_people
[2026-03-28T13:17:40.541Z] GET /api/content/groom_family_families
[2026-03-28T13:17:40.545Z] GET /api/content/groom_family_links
[2026-03-28T13:17:40.547Z] GET /api/rsvps
[2026-03-28T13:17:40.551Z] GET /api/content/events
[2026-03-28T13:17:40.552Z] GET /api/content/contact_data
[2026-03-28T13:17:40.553Z] GET /api/content/gallery
[2026-03-28T13:17:40.556Z] GET /api/content/home_data
[2026-03-28T13:17:40.557Z] GET /api/content/moments
[2026-03-28T13:17:40.557Z] GET /api/content/groom_family_people
[2026-03-28T13:17:40.560Z] GET /api/content/family_families
[2026-03-28T13:17:40.563Z] GET /api/content/groom_family_families
[2026-03-28T13:17:40.568Z] GET /api/content/stories
[2026-03-28T13:17:40.568Z] GET /api/content/groom_family_links
[2026-03-28T13:17:40.569Z] GET /api/content/family_people
[2026-03-28T13:17:40.569Z] GET /api/content/family_links
[2026-03-28T13:17:40.577Z] GET /api/rsvps
[2026-03-28T13:18:05.321Z] GET /api/rsvps
[2026-03-28T13:18:05.326Z] GET /api/users
[2026-03-28T13:18:05.327Z] GET /api/guests
[2026-03-28T13:19:05.305Z] GET /api/users
[2026-03-28T13:19:05.306Z] GET /api/guests
[2026-03-28T13:19:05.307Z] GET /api/rsvps
[2026-03-28T13:20:05.317Z] GET /api/users
[2026-03-28T13:20:05.321Z] GET /api/guests
[2026-03-28T13:20:05.322Z] GET /api/rsvps
[2026-03-28T13:21:05.306Z] GET /api/users
[2026-03-28T13:21:05.308Z] GET /api/guests
[2026-03-28T13:21:05.308Z] GET /api/rsvps
[2026-03-28T13:22:05.316Z] GET /api/rsvps
[2026-03-28T13:22:05.320Z] GET /api/users
[2026-03-28T13:22:05.321Z] GET /api/guests
[2026-03-28T13:23:05.324Z] GET /api/users
[2026-03-28T13:23:05.327Z] GET /api/guests
[2026-03-28T13:23:05.328Z] GET /api/rsvps
[2026-03-28T13:24:05.412Z] GET /api/users
[2026-03-28T13:24:05.421Z] GET /api/rsvps
[2026-03-28T13:24:05.423Z] GET /api/guests
[2026-03-28T13:25:05.342Z] GET /api/users
[2026-03-28T13:25:05.347Z] GET /api/guests
[2026-03-28T13:25:05.348Z] GET /api/rsvps
[2026-03-28T13:26:05.347Z] GET /api/users
[2026-03-28T13:26:05.353Z] GET /api/guests
[2026-03-28T13:26:05.359Z] GET /api/rsvps
[2026-03-28T13:27:05.337Z] GET /api/users
[2026-03-28T13:27:05.340Z] GET /api/guests
[2026-03-28T13:27:05.340Z] GET /api/rsvps
[2026-03-28T13:28:05.345Z] GET /api/users
[2026-03-28T13:28:05.349Z] GET /api/guests
[2026-03-28T13:28:05.355Z] GET /api/rsvps
[2026-03-28T13:29:05.320Z] GET /api/users
[2026-03-28T13:29:05.322Z] GET /api/guests
[2026-03-28T13:29:05.323Z] GET /api/rsvps
[2026-03-28T13:30:05.317Z] GET /api/users
[2026-03-28T13:30:05.321Z] GET /api/guests
[2026-03-28T13:30:05.321Z] GET /api/rsvps
[2026-03-28T13:31:05.327Z] GET /api/users
[2026-03-28T13:31:05.330Z] GET /api/guests
[2026-03-28T13:31:05.331Z] GET /api/rsvps
[2026-03-28T13:32:05.352Z] GET /api/guests
[2026-03-28T13:32:05.358Z] GET /api/users
[2026-03-28T13:32:05.358Z] GET /api/rsvps
[2026-03-28T13:33:05.343Z] GET /api/users
[2026-03-28T13:33:05.346Z] GET /api/guests
[2026-03-28T13:33:05.346Z] GET /api/rsvps
[2026-03-28T13:34:05.325Z] GET /api/users
[2026-03-28T13:34:05.328Z] GET /api/guests
[2026-03-28T13:34:05.332Z] GET /api/rsvps
[2026-03-28T13:35:05.311Z] GET /api/users
[2026-03-28T13:35:05.312Z] GET /api/guests
[2026-03-28T13:35:05.313Z] GET /api/rsvps
[2026-03-28T13:36:05.315Z] GET /api/users
[2026-03-28T13:36:05.318Z] GET /api/guests
[2026-03-28T13:36:05.320Z] GET /api/rsvps
[2026-03-28T13:37:05.312Z] GET /api/users
[2026-03-28T13:37:05.319Z] GET /api/guests
[2026-03-28T13:37:05.321Z] GET /api/rsvps
[2026-03-28T13:38:05.326Z] GET /api/guests
[2026-03-28T13:38:05.330Z] GET /api/users
[2026-03-28T13:38:05.330Z] GET /api/rsvps
[2026-03-28T13:39:05.314Z] GET /api/users
[2026-03-28T13:39:05.316Z] GET /api/guests
[2026-03-28T13:39:05.317Z] GET /api/rsvps
[2026-03-28T13:40:05.338Z] GET /api/users
[2026-03-28T13:40:05.346Z] GET /api/guests
[2026-03-28T13:40:05.348Z] GET /api/rsvps
[2026-03-28T13:41:05.311Z] GET /api/users
[2026-03-28T13:41:05.314Z] GET /api/guests
[2026-03-28T13:41:05.317Z] GET /api/rsvps
[2026-03-28T13:42:05.306Z] GET /api/users
[2026-03-28T13:42:05.309Z] GET /api/guests
[2026-03-28T13:42:05.310Z] GET /api/rsvps
[2026-03-28T13:43:05.313Z] GET /api/users
[2026-03-28T13:43:05.315Z] GET /api/guests
[2026-03-28T13:43:05.316Z] GET /api/rsvps
[2026-03-28T13:44:05.328Z] GET /api/users
[2026-03-28T13:44:05.335Z] GET /api/guests
[2026-03-28T13:44:05.339Z] GET /api/rsvps
[2026-03-28T13:45:05.328Z] GET /api/users
[2026-03-28T13:45:05.331Z] GET /api/guests
[2026-03-28T13:45:05.332Z] GET /api/rsvps
[2026-03-28T13:46:05.071Z] POST /api/rsvp
[2026-03-28T13:46:05.309Z] GET /api/guests
[2026-03-28T13:46:05.310Z] GET /api/users
[2026-03-28T13:46:05.320Z] GET /api/rsvps
[2026-03-28T13:46:14.692Z] GET /api/users
[2026-03-28T13:46:14.693Z] GET /api/guests
[2026-03-28T13:46:14.695Z] GET /api/rsvps
[2026-03-28T13:46:19.313Z] GET /api/users
[2026-03-28T13:46:19.314Z] GET /api/guests
[2026-03-28T13:46:19.315Z] GET /api/rsvps
[2026-03-28T13:46:21.458Z] POST /api/guests
[2026-03-28T13:46:21.467Z] GET /api/guests
[2026-03-28T13:46:21.467Z] GET /api/users
[2026-03-28T13:46:21.468Z] GET /api/rsvps
[2026-03-28T13:46:24.313Z] GET /api/guests
[2026-03-28T13:46:24.314Z] GET /api/users
[2026-03-28T13:46:24.316Z] GET /api/rsvps
[2026-03-28T13:46:25.859Z] POST /api/users
[2026-03-28T13:46:25.866Z] GET /api/users
[2026-03-28T13:46:25.867Z] GET /api/rsvps
[2026-03-28T13:46:25.868Z] GET /api/guests
[2026-03-28T13:46:29.322Z] GET /api/users
[2026-03-28T13:46:29.325Z] GET /api/guests
[2026-03-28T13:46:29.326Z] GET /api/rsvps
[2026-03-28T13:46:34.315Z] GET /api/users
[2026-03-28T13:46:34.316Z] GET /api/guests
[2026-03-28T13:46:34.318Z] GET /api/rsvps
[2026-03-28T13:46:40.028Z] POST /api/login
[2026-03-28T13:46:40.304Z] GET /api/users
[2026-03-28T13:46:40.306Z] GET /api/guests
[2026-03-28T13:46:40.308Z] GET /api/rsvps
[2026-03-28T13:46:45.306Z] GET /api/users
[2026-03-28T13:46:45.307Z] GET /api/guests
[2026-03-28T13:46:45.308Z] GET /api/rsvps
[2026-03-28T13:46:50.305Z] GET /api/users
[2026-03-28T13:46:50.306Z] GET /api/guests
[2026-03-28T13:46:50.308Z] GET /api/rsvps
[2026-03-28T13:46:55.303Z] GET /api/users
[2026-03-28T13:46:55.304Z] GET /api/guests
[2026-03-28T13:46:55.306Z] GET /api/rsvps
[2026-03-28T13:47:00.311Z] GET /api/users
[2026-03-28T13:47:00.313Z] GET /api/guests
[2026-03-28T13:47:00.315Z] GET /api/rsvps
[2026-03-28T13:47:05.304Z] GET /api/users
[2026-03-28T13:47:05.305Z] GET /api/guests
[2026-03-28T13:47:05.306Z] GET /api/rsvps
[2026-03-28T13:47:10.305Z] GET /api/users
[2026-03-28T13:47:10.306Z] GET /api/guests
[2026-03-28T13:47:10.307Z] GET /api/rsvps
[2026-03-28T13:47:15.305Z] GET /api/users
[2026-03-28T13:47:15.306Z] GET /api/guests
[2026-03-28T13:47:15.308Z] GET /api/rsvps
[2026-03-28T13:47:20.304Z] GET /api/users
[2026-03-28T13:47:20.305Z] GET /api/guests
[2026-03-28T13:47:20.306Z] GET /api/rsvps
[2026-03-28T13:47:25.304Z] GET /api/users
[2026-03-28T13:47:25.305Z] GET /api/guests
[2026-03-28T13:47:25.307Z] GET /api/rsvps
[2026-03-28T13:47:30.305Z] GET /api/users
[2026-03-28T13:47:30.306Z] GET /api/guests
[2026-03-28T13:47:30.307Z] GET /api/rsvps
[2026-03-28T13:47:35.303Z] GET /api/users
[2026-03-28T13:47:35.305Z] GET /api/guests
[2026-03-28T13:47:35.306Z] GET /api/rsvps
[2026-03-28T13:48:05.307Z] GET /api/users
[2026-03-28T13:48:05.308Z] GET /api/guests
[2026-03-28T13:48:05.310Z] GET /api/rsvps
[2026-03-28T13:48:53.242Z] POST /api/rsvp
[2026-03-28T13:48:58.229Z] POST /api/login
[2026-03-28T13:49:05.307Z] GET /api/guests
[2026-03-28T13:49:05.310Z] GET /api/rsvps
[2026-03-28T13:49:05.312Z] GET /api/users
[2026-03-28T13:50:05.322Z] GET /api/users
[2026-03-28T13:50:05.326Z] GET /api/guests
[2026-03-28T13:50:05.326Z] GET /api/rsvps
[2026-03-28T13:51:05.314Z] GET /api/users
[2026-03-28T13:51:05.317Z] GET /api/guests
[2026-03-28T13:51:05.318Z] GET /api/rsvps
[2026-03-28T13:52:05.322Z] GET /api/users
[2026-03-28T13:52:05.326Z] GET /api/guests
[2026-03-28T13:52:05.332Z] GET /api/rsvps
[2026-03-28T13:53:05.355Z] GET /api/users
[2026-03-28T13:53:05.360Z] GET /api/guests
[2026-03-28T13:53:05.365Z] GET /api/rsvps
[2026-03-28T13:54:05.341Z] GET /api/users
[2026-03-28T13:54:05.344Z] GET /api/guests
[2026-03-28T13:54:05.348Z] GET /api/rsvps
[2026-03-28T13:54:55.405Z] GET /api/content/moments
[2026-03-28T13:54:55.539Z] GET /api/content/events
[2026-03-28T13:54:55.540Z] GET /api/content/gallery
[2026-03-28T13:54:55.541Z] GET /api/content/contact_data
[2026-03-28T13:54:55.551Z] GET /api/content/home_data
[2026-03-28T13:54:55.554Z] GET /api/content/stories
[2026-03-28T13:54:55.788Z] GET /api/content/family_families
[2026-03-28T13:54:55.789Z] GET /api/content/family_people
[2026-03-28T13:54:55.790Z] GET /api/content/family_links
[2026-03-28T13:54:55.791Z] GET /api/content/groom_family_people
[2026-03-28T13:54:55.791Z] GET /api/content/groom_family_families
[2026-03-28T13:54:55.793Z] GET /api/content/groom_family_links
[2026-03-28T13:54:55.794Z] GET /api/rsvps
[2026-03-28T13:54:55.796Z] GET /api/content/contact_data
[2026-03-28T13:54:55.796Z] GET /api/content/stories
[2026-03-28T13:54:55.796Z] GET /api/content/home_data
[2026-03-28T13:54:55.804Z] GET /api/content/events
[2026-03-28T13:54:55.808Z] GET /api/content/gallery
[2026-03-28T13:54:55.820Z] GET /api/content/moments
[2026-03-28T13:54:55.825Z] GET /api/content/family_families
[2026-03-28T13:54:55.826Z] GET /api/content/family_people
[2026-03-28T13:54:55.826Z] GET /api/content/groom_family_people
[2026-03-28T13:54:55.828Z] GET /api/content/groom_family_families
[2026-03-28T13:54:55.829Z] GET /api/content/family_links
[2026-03-28T13:54:55.831Z] GET /api/content/groom_family_links
[2026-03-28T13:54:56.026Z] GET /api/rsvps
[2026-03-28T13:55:05.322Z] GET /api/users
[2026-03-28T13:55:05.324Z] GET /api/guests
[2026-03-28T13:55:05.325Z] GET /api/rsvps
[2026-03-28T13:55:42.454Z] GET /api/content/moments
[2026-03-28T13:55:42.458Z] GET /api/content/stories
[2026-03-28T13:55:42.458Z] GET /api/content/contact_data
[2026-03-28T13:55:42.459Z] GET /api/content/events
[2026-03-28T13:55:42.459Z] GET /api/content/family_people
[2026-03-28T13:55:42.459Z] GET /api/content/gallery
[2026-03-28T13:55:42.649Z] GET /api/content/family_families
[2026-03-28T13:55:42.652Z] GET /api/content/home_data
[2026-03-28T13:55:42.653Z] GET /api/content/groom_family_people
[2026-03-28T13:55:42.654Z] GET /api/content/family_links
[2026-03-28T13:55:42.655Z] GET /api/content/groom_family_families
[2026-03-28T13:55:42.656Z] GET /api/rsvps
[2026-03-28T13:55:42.657Z] GET /api/content/groom_family_links
[2026-03-28T13:55:42.657Z] GET /api/content/contact_data
[2026-03-28T13:55:42.663Z] GET /api/content/gallery
[2026-03-28T13:55:42.663Z] GET /api/content/stories
[2026-03-28T13:55:42.664Z] GET /api/content/events
[2026-03-28T13:55:42.664Z] GET /api/content/family_people
[2026-03-28T13:55:42.666Z] GET /api/content/moments
[2026-03-28T13:55:42.671Z] GET /api/content/family_families
[2026-03-28T13:55:42.673Z] GET /api/content/groom_family_people
[2026-03-28T13:55:42.674Z] GET /api/content/home_data
[2026-03-28T13:55:42.674Z] GET /api/content/family_links
[2026-03-28T13:55:42.675Z] GET /api/content/groom_family_families
[2026-03-28T13:55:42.676Z] GET /api/content/groom_family_links
[2026-03-28T13:55:42.711Z] GET /api/rsvps
[2026-03-28T13:55:50.596Z] POST /api/login
[2026-03-28T13:56:05.393Z] GET /api/users
[2026-03-28T13:56:05.396Z] GET /api/guests
[2026-03-28T13:56:05.399Z] GET /api/rsvps
[2026-03-28T13:56:15.985Z] POST /api/login
[2026-03-28T13:56:28.104Z] POST /api/login
[2026-03-28T13:57:05.335Z] GET /api/guests
[2026-03-28T13:57:05.344Z] GET /api/users
[2026-03-28T13:57:05.344Z] GET /api/rsvps
[2026-03-28T13:57:36.732Z] GET /api/content/events
[2026-03-28T13:57:36.742Z] GET /api/content/moments
[2026-03-28T13:57:36.742Z] GET /api/content/contact_data
[2026-03-28T13:57:36.742Z] GET /api/content/home_data
[2026-03-28T13:57:36.743Z] GET /api/content/gallery
[2026-03-28T13:57:36.743Z] GET /api/content/family_people
[2026-03-28T13:57:39.023Z] GET /api/content/family_families
[2026-03-28T13:57:39.024Z] GET /api/content/family_links
[2026-03-28T13:57:39.024Z] GET /api/content/stories
[2026-03-28T13:57:39.026Z] GET /api/content/groom_family_families
[2026-03-28T13:57:39.027Z] GET /api/content/groom_family_people
[2026-03-28T13:57:39.028Z] GET /api/content/groom_family_links
[2026-03-28T13:57:39.029Z] GET /api/rsvps
[2026-03-28T13:57:39.036Z] GET /api/content/gallery
[2026-03-28T13:57:39.036Z] GET /api/content/contact_data
[2026-03-28T13:57:39.037Z] GET /api/content/events
[2026-03-28T13:57:39.037Z] GET /api/content/family_people
[2026-03-28T13:57:39.038Z] GET /api/content/moments
[2026-03-28T13:57:39.042Z] GET /api/content/home_data
[2026-03-28T13:57:39.042Z] GET /api/content/family_families
[2026-03-28T13:57:39.042Z] GET /api/content/family_links
[2026-03-28T13:57:39.045Z] GET /api/content/stories
[2026-03-28T13:57:39.045Z] GET /api/content/groom_family_families
[2026-03-28T13:57:39.046Z] GET /api/content/groom_family_people
[2026-03-28T13:57:39.046Z] GET /api/content/groom_family_links
[2026-03-28T13:57:39.618Z] GET /api/rsvps
[2026-03-28T13:57:41.639Z] GET /api/users
[2026-03-28T13:57:41.649Z] GET /api/guests
[2026-03-28T13:57:41.652Z] GET /api/rsvps
[2026-03-28T13:57:43.511Z] GET /api/content/events
[2026-03-28T13:57:43.513Z] GET /api/content/home_data
[2026-03-28T13:57:43.521Z] GET /api/content/gallery
[2026-03-28T13:57:43.522Z] GET /api/content/moments
[2026-03-28T13:57:43.543Z] GET /api/content/stories
[2026-03-28T13:57:43.557Z] GET /api/rsvps
[2026-03-28T13:57:43.762Z] GET /api/content/contact_data
[2026-03-28T13:57:43.762Z] GET /api/content/family_people
[2026-03-28T13:57:43.763Z] GET /api/content/family_families
[2026-03-28T13:57:43.764Z] GET /api/content/family_links
[2026-03-28T13:57:43.765Z] GET /api/content/groom_family_people
[2026-03-28T13:57:43.767Z] GET /api/content/groom_family_families
[2026-03-28T13:57:43.769Z] GET /api/content/groom_family_links
[2026-03-28T13:57:43.770Z] GET /api/rsvps
[2026-03-28T13:57:43.776Z] GET /api/content/gallery
[2026-03-28T13:57:43.777Z] GET /api/content/events
[2026-03-28T13:57:43.780Z] GET /api/content/home_data
[2026-03-28T13:57:43.780Z] GET /api/content/contact_data
[2026-03-28T13:57:43.781Z] GET /api/content/family_families
[2026-03-28T13:57:43.782Z] GET /api/content/groom_family_people
[2026-03-28T13:57:43.783Z] GET /api/content/family_people
[2026-03-28T13:57:43.784Z] GET /api/content/family_links
[2026-03-28T13:57:43.786Z] GET /api/content/groom_family_families
[2026-03-28T13:57:43.786Z] GET /api/content/stories
[2026-03-28T13:57:43.787Z] GET /api/content/groom_family_links
[2026-03-28T13:57:43.787Z] GET /api/content/moments
[2026-03-28T13:57:49.589Z] GET /api/content/events
[2026-03-28T13:57:49.594Z] GET /api/content/gallery
[2026-03-28T13:57:49.595Z] GET /api/content/moments
[2026-03-28T13:57:49.597Z] GET /api/content/home_data
[2026-03-28T13:57:49.599Z] GET /api/content/contact_data
[2026-03-28T13:57:49.602Z] GET /api/content/family_people
[2026-03-28T13:57:49.989Z] GET /api/content/family_families
[2026-03-28T13:57:49.990Z] GET /api/content/family_links
[2026-03-28T13:57:49.990Z] GET /api/content/stories
[2026-03-28T13:57:49.990Z] GET /api/content/groom_family_people
[2026-03-28T13:57:49.991Z] GET /api/content/groom_family_families
[2026-03-28T13:57:49.993Z] GET /api/rsvps
[2026-03-28T13:57:49.994Z] GET /api/content/groom_family_links
[2026-03-28T13:57:49.995Z] GET /api/content/family_people
[2026-03-28T13:57:49.995Z] GET /api/content/contact_data
[2026-03-28T13:57:49.996Z] GET /api/content/home_data
[2026-03-28T13:57:49.997Z] GET /api/content/moments
[2026-03-28T13:57:50.000Z] GET /api/content/events
[2026-03-28T13:57:50.000Z] GET /api/content/gallery
[2026-03-28T13:57:50.001Z] GET /api/content/family_families
[2026-03-28T13:57:50.002Z] GET /api/content/family_links
[2026-03-28T13:57:50.002Z] GET /api/content/groom_family_people
[2026-03-28T13:57:50.004Z] GET /api/content/stories
[2026-03-28T13:57:50.005Z] GET /api/content/groom_family_families
[2026-03-28T13:57:50.005Z] GET /api/content/groom_family_links
[2026-03-28T13:57:50.110Z] GET /api/rsvps
[2026-03-28T13:58:03.241Z] POST /api/login
[2026-03-28T13:58:17.799Z] POST /api/register
[2026-03-28T13:58:35.578Z] GET /api/content/events
[2026-03-28T13:58:35.580Z] GET /api/content/gallery
[2026-03-28T13:58:35.581Z] GET /api/content/moments
[2026-03-28T13:58:35.581Z] GET /api/content/home_data
[2026-03-28T13:58:35.581Z] GET /api/content/stories
[2026-03-28T13:58:35.581Z] GET /api/content/contact_data
[2026-03-28T13:58:35.647Z] GET /api/content/family_families
[2026-03-28T13:58:35.648Z] GET /api/content/family_people
[2026-03-28T13:58:35.650Z] GET /api/content/groom_family_families
[2026-03-28T13:58:35.652Z] GET /api/content/groom_family_links
[2026-03-28T13:58:35.655Z] GET /api/rsvps
[2026-03-28T13:58:35.657Z] GET /api/content/family_links
[2026-03-28T13:58:35.658Z] GET /api/content/groom_family_people
[2026-03-28T13:58:35.668Z] GET /api/content/gallery
[2026-03-28T13:58:35.681Z] GET /api/content/events
[2026-03-28T13:58:35.682Z] GET /api/content/contact_data
[2026-03-28T13:58:35.683Z] GET /api/content/moments
[2026-03-28T13:58:35.684Z] GET /api/content/home_data
[2026-03-28T13:58:35.688Z] GET /api/content/stories
[2026-03-28T13:58:35.692Z] GET /api/content/family_families
[2026-03-28T13:58:35.694Z] GET /api/content/groom_family_links
[2026-03-28T13:58:35.695Z] GET /api/content/groom_family_families
[2026-03-28T13:58:35.705Z] GET /api/content/family_people
[2026-03-28T13:58:35.706Z] GET /api/content/family_links
[2026-03-28T13:58:35.712Z] GET /api/content/groom_family_people
[2026-03-28T13:58:35.755Z] GET /api/rsvps
[2026-03-28T13:58:44.205Z] GET /api/content/events
[2026-03-28T13:58:44.214Z] GET /api/content/moments
[2026-03-28T13:58:44.219Z] GET /api/content/gallery
[2026-03-28T13:58:44.221Z] GET /api/content/stories
[2026-03-28T13:58:44.223Z] GET /api/content/contact_data
[2026-03-28T13:58:44.224Z] GET /api/content/home_data
[2026-03-28T13:58:44.226Z] GET /api/content/family_people
[2026-03-28T13:58:44.227Z] GET /api/content/family_families
[2026-03-28T13:58:44.227Z] GET /api/content/family_links
[2026-03-28T13:58:44.228Z] GET /api/content/groom_family_people
[2026-03-28T13:58:44.229Z] GET /api/content/groom_family_families
[2026-03-28T13:58:44.230Z] GET /api/rsvps
[2026-03-28T13:58:44.233Z] GET /api/content/groom_family_links
[2026-03-28T13:58:44.234Z] GET /api/content/events
[2026-03-28T13:58:44.236Z] GET /api/content/gallery
[2026-03-28T13:58:44.237Z] GET /api/content/moments
[2026-03-28T13:58:44.237Z] GET /api/content/stories
[2026-03-28T13:58:44.237Z] GET /api/content/contact_data
[2026-03-28T13:58:44.245Z] GET /api/content/home_data
[2026-03-28T13:58:44.246Z] GET /api/content/family_people
[2026-03-28T13:58:44.247Z] GET /api/content/family_links
[2026-03-28T13:58:44.251Z] GET /api/content/groom_family_people
[2026-03-28T13:58:44.252Z] GET /api/content/groom_family_families
[2026-03-28T13:58:44.254Z] GET /api/content/family_families
[2026-03-28T13:58:44.264Z] GET /api/content/groom_family_links
[2026-03-28T13:58:44.265Z] GET /api/rsvps
[2026-03-28T13:58:50.664Z] POST /api/login
[2026-03-28T13:58:50.803Z] GET /api/users
[2026-03-28T13:58:50.804Z] GET /api/guests
[2026-03-28T13:58:50.806Z] GET /api/rsvps
[2026-03-28T13:58:50.809Z] GET /api/users
[2026-03-28T13:58:50.815Z] GET /api/rsvps
[2026-03-28T13:58:50.830Z] GET /api/guests
[2026-03-28T13:58:55.810Z] GET /api/guests
[2026-03-28T13:58:55.810Z] GET /api/rsvps
[2026-03-28T13:58:55.811Z] GET /api/users
[2026-03-28T13:59:00.805Z] GET /api/users
[2026-03-28T13:59:00.806Z] GET /api/guests
[2026-03-28T13:59:00.807Z] GET /api/rsvps
[2026-03-28T13:59:01.066Z] POST /api/login
[2026-03-28T13:59:03.977Z] GET /api/content/moments
[2026-03-28T13:59:03.978Z] GET /api/content/events
[2026-03-28T13:59:03.979Z] GET /api/content/home_data
[2026-03-28T13:59:03.980Z] GET /api/content/contact_data
[2026-03-28T13:59:03.981Z] GET /api/content/family_people
[2026-03-28T13:59:03.981Z] GET /api/content/gallery
[2026-03-28T13:59:03.989Z] GET /api/content/family_families
[2026-03-28T13:59:03.991Z] GET /api/content/groom_family_people
[2026-03-28T13:59:03.992Z] GET /api/content/stories
[2026-03-28T13:59:03.993Z] GET /api/content/groom_family_links
[2026-03-28T13:59:03.993Z] GET /api/content/groom_family_families
[2026-03-28T13:59:03.993Z] GET /api/content/family_links
[2026-03-28T13:59:03.994Z] GET /api/rsvps
[2026-03-28T13:59:03.998Z] GET /api/content/events
[2026-03-28T13:59:03.998Z] GET /api/content/moments
[2026-03-28T13:59:03.998Z] GET /api/content/home_data
[2026-03-28T13:59:03.998Z] GET /api/content/contact_data
[2026-03-28T13:59:04.002Z] GET /api/content/family_people
[2026-03-28T13:59:04.008Z] GET /api/content/gallery
[2026-03-28T13:59:04.009Z] GET /api/content/family_families
[2026-03-28T13:59:04.009Z] GET /api/content/groom_family_links
[2026-03-28T13:59:04.010Z] GET /api/content/groom_family_people
[2026-03-28T13:59:04.010Z] GET /api/content/groom_family_families
[2026-03-28T13:59:04.010Z] GET /api/content/stories
[2026-03-28T13:59:04.014Z] GET /api/content/family_links
[2026-03-28T13:59:04.014Z] GET /api/rsvps
[2026-03-28T13:59:04.798Z] GET /api/content/events
[2026-03-28T13:59:04.798Z] GET /api/content/gallery
[2026-03-28T13:59:04.799Z] GET /api/content/moments
[2026-03-28T13:59:04.799Z] GET /api/content/home_data
[2026-03-28T13:59:04.801Z] GET /api/content/stories
[2026-03-28T13:59:04.804Z] GET /api/content/contact_data
[2026-03-28T13:59:04.808Z] GET /api/content/family_families
[2026-03-28T13:59:04.810Z] GET /api/content/family_people
[2026-03-28T13:59:04.810Z] GET /api/content/family_links
[2026-03-28T13:59:04.810Z] GET /api/content/groom_family_people
[2026-03-28T13:59:04.811Z] GET /api/content/groom_family_families
[2026-03-28T13:59:04.811Z] GET /api/content/groom_family_links
[2026-03-28T13:59:04.814Z] GET /api/rsvps
[2026-03-28T13:59:04.816Z] GET /api/content/events
[2026-03-28T13:59:04.816Z] GET /api/content/gallery
[2026-03-28T13:59:04.816Z] GET /api/content/moments
[2026-03-28T13:59:04.816Z] GET /api/content/stories
[2026-03-28T13:59:04.817Z] GET /api/content/home_data
[2026-03-28T13:59:04.819Z] GET /api/content/contact_data
[2026-03-28T13:59:04.820Z] GET /api/content/family_families
[2026-03-28T13:59:04.820Z] GET /api/content/family_people
[2026-03-28T13:59:04.823Z] GET /api/content/family_links
[2026-03-28T13:59:04.823Z] GET /api/content/groom_family_people
[2026-03-28T13:59:04.824Z] GET /api/content/groom_family_families
[2026-03-28T13:59:04.824Z] GET /api/content/groom_family_links
[2026-03-28T13:59:04.826Z] GET /api/rsvps
[2026-03-28T13:59:04.991Z] GET /api/content/events
[2026-03-28T13:59:04.992Z] GET /api/content/gallery
[2026-03-28T13:59:04.992Z] GET /api/content/moments
[2026-03-28T13:59:04.992Z] GET /api/content/home_data
[2026-03-28T13:59:04.993Z] GET /api/content/stories
[2026-03-28T13:59:04.995Z] GET /api/content/contact_data
[2026-03-28T13:59:04.999Z] GET /api/content/family_people
[2026-03-28T13:59:04.999Z] GET /api/content/family_families
[2026-03-28T13:59:04.999Z] GET /api/content/family_links
[2026-03-28T13:59:05.003Z] GET /api/content/groom_family_people
[2026-03-28T13:59:05.006Z] GET /api/content/groom_family_families
[2026-03-28T13:59:05.006Z] GET /api/content/groom_family_links
[2026-03-28T13:59:05.006Z] GET /api/rsvps
[2026-03-28T13:59:05.006Z] GET /api/content/gallery
[2026-03-28T13:59:05.008Z] GET /api/content/home_data
[2026-03-28T13:59:05.009Z] GET /api/content/events
[2026-03-28T13:59:05.011Z] GET /api/content/moments
[2026-03-28T13:59:05.012Z] GET /api/content/stories
[2026-03-28T13:59:05.012Z] GET /api/content/contact_data
[2026-03-28T13:59:05.012Z] GET /api/content/family_families
[2026-03-28T13:59:05.013Z] GET /api/content/family_people
[2026-03-28T13:59:05.013Z] GET /api/content/family_links
[2026-03-28T13:59:05.016Z] GET /api/content/groom_family_people
[2026-03-28T13:59:05.016Z] GET /api/content/groom_family_families
[2026-03-28T13:59:05.016Z] GET /api/rsvps
[2026-03-28T13:59:05.016Z] GET /api/content/groom_family_links
[2026-03-28T13:59:05.807Z] GET /api/users
[2026-03-28T13:59:05.807Z] GET /api/guests
[2026-03-28T13:59:05.809Z] GET /api/rsvps
[2026-03-28T13:59:11.076Z] GET /api/users
[2026-03-28T13:59:11.091Z] GET /api/guests
[2026-03-28T13:59:11.104Z] GET /api/rsvps
[2026-03-28T13:59:12.048Z] GET /api/content/events
[2026-03-28T13:59:12.050Z] GET /api/content/moments
[2026-03-28T13:59:12.051Z] GET /api/content/home_data
[2026-03-28T13:59:12.053Z] GET /api/content/family_people
[2026-03-28T13:59:12.053Z] GET /api/content/family_families
[2026-03-28T13:59:12.054Z] GET /api/content/stories
[2026-03-28T13:59:12.093Z] GET /api/content/gallery
[2026-03-28T13:59:12.093Z] GET /api/content/contact_data
[2026-03-28T13:59:12.094Z] GET /api/content/family_links
[2026-03-28T13:59:12.094Z] GET /api/content/groom_family_people
[2026-03-28T13:59:12.099Z] GET /api/content/groom_family_families
[2026-03-28T13:59:12.106Z] GET /api/rsvps
[2026-03-28T13:59:12.107Z] GET /api/content/groom_family_links
[2026-03-28T13:59:12.110Z] GET /api/content/events
[2026-03-28T13:59:12.110Z] GET /api/content/family_families
[2026-03-28T13:59:12.111Z] GET /api/content/home_data
[2026-03-28T13:59:12.112Z] GET /api/content/moments
[2026-03-28T13:59:12.116Z] GET /api/content/family_people
[2026-03-28T13:59:12.120Z] GET /api/content/stories
[2026-03-28T13:59:12.121Z] GET /api/content/gallery
[2026-03-28T13:59:12.122Z] GET /api/content/contact_data
[2026-03-28T13:59:12.123Z] GET /api/content/family_links
[2026-03-28T13:59:12.123Z] GET /api/content/groom_family_people
[2026-03-28T13:59:12.124Z] GET /api/content/groom_family_families
[2026-03-28T13:59:12.126Z] GET /api/content/groom_family_links
[2026-03-28T13:59:12.126Z] GET /api/rsvps
[2026-03-28T13:59:15.782Z] GET /api/content/events
[2026-03-28T13:59:15.791Z] GET /api/content/moments
[2026-03-28T13:59:15.791Z] GET /api/content/gallery
[2026-03-28T13:59:15.792Z] GET /api/content/home_data
[2026-03-28T13:59:15.792Z] GET /api/content/stories
[2026-03-28T13:59:15.792Z] GET /api/content/contact_data
[2026-03-28T13:59:15.799Z] GET /api/content/family_people
[2026-03-28T13:59:15.800Z] GET /api/content/family_families
[2026-03-28T13:59:15.800Z] GET /api/content/family_links
[2026-03-28T13:59:15.805Z] GET /api/content/groom_family_people
[2026-03-28T13:59:15.808Z] GET /api/content/groom_family_families
[2026-03-28T13:59:15.809Z] GET /api/content/groom_family_links
[2026-03-28T13:59:15.809Z] GET /api/rsvps
[2026-03-28T13:59:15.812Z] GET /api/users
[2026-03-28T13:59:15.815Z] GET /api/guests
[2026-03-28T13:59:15.815Z] GET /api/rsvps
[2026-03-28T13:59:15.817Z] GET /api/content/contact_data
[2026-03-28T13:59:15.817Z] GET /api/content/gallery
[2026-03-28T13:59:15.817Z] GET /api/content/stories
[2026-03-28T13:59:15.818Z] GET /api/content/events
[2026-03-28T13:59:15.823Z] GET /api/content/home_data
[2026-03-28T13:59:15.823Z] GET /api/content/moments
[2026-03-28T13:59:15.824Z] GET /api/content/family_families
[2026-03-28T13:59:15.824Z] GET /api/content/family_people
[2026-03-28T13:59:15.826Z] GET /api/content/family_links
[2026-03-28T13:59:15.828Z] GET /api/content/groom_family_people
[2026-03-28T13:59:15.830Z] GET /api/content/groom_family_families
[2026-03-28T13:59:15.831Z] GET /api/content/groom_family_links
[2026-03-28T13:59:15.832Z] GET /api/rsvps
[2026-03-28T13:59:15.978Z] POST /api/register
[2026-03-28T13:59:16.572Z] GET /api/content/events
[2026-03-28T13:59:16.573Z] GET /api/content/gallery
[2026-03-28T13:59:16.574Z] GET /api/content/moments
[2026-03-28T13:59:16.575Z] GET /api/content/home_data
[2026-03-28T13:59:16.575Z] GET /api/content/stories
[2026-03-28T13:59:16.575Z] GET /api/content/contact_data
[2026-03-28T13:59:16.615Z] GET /api/content/family_people
[2026-03-28T13:59:16.615Z] GET /api/content/family_families
[2026-03-28T13:59:16.625Z] GET /api/content/family_links
[2026-03-28T13:59:16.627Z] GET /api/content/groom_family_people
[2026-03-28T13:59:16.629Z] GET /api/content/groom_family_families
[2026-03-28T13:59:16.631Z] GET /api/content/groom_family_links
[2026-03-28T13:59:16.633Z] GET /api/rsvps
[2026-03-28T13:59:16.638Z] GET /api/content/contact_data
[2026-03-28T13:59:16.638Z] GET /api/content/home_data
[2026-03-28T13:59:16.638Z] GET /api/content/events
[2026-03-28T13:59:16.638Z] GET /api/content/gallery
[2026-03-28T13:59:16.639Z] GET /api/content/stories
[2026-03-28T13:59:16.644Z] GET /api/content/family_families
[2026-03-28T13:59:16.644Z] GET /api/content/moments
[2026-03-28T13:59:16.644Z] GET /api/content/family_links
[2026-03-28T13:59:16.645Z] GET /api/content/family_people
[2026-03-28T13:59:16.645Z] GET /api/content/groom_family_people
[2026-03-28T13:59:16.647Z] GET /api/content/groom_family_links
[2026-03-28T13:59:16.647Z] GET /api/content/groom_family_families
[2026-03-28T13:59:16.737Z] GET /api/rsvps
[2026-03-28T13:59:20.810Z] GET /api/users
[2026-03-28T13:59:20.812Z] GET /api/guests
[2026-03-28T13:59:20.812Z] GET /api/rsvps
[2026-03-28T13:59:25.812Z] GET /api/users
[2026-03-28T13:59:25.820Z] GET /api/guests
[2026-03-28T13:59:25.823Z] GET /api/rsvps
[2026-03-28T13:59:30.813Z] GET /api/users
[2026-03-28T13:59:30.816Z] GET /api/guests
[2026-03-28T13:59:30.816Z] GET /api/rsvps
[2026-03-28T13:59:35.808Z] GET /api/guests
[2026-03-28T13:59:35.811Z] GET /api/users
[2026-03-28T13:59:35.811Z] GET /api/rsvps
[2026-03-28T13:59:40.812Z] GET /api/users
[2026-03-28T13:59:40.814Z] GET /api/guests
[2026-03-28T13:59:40.815Z] GET /api/rsvps
[2026-03-28T13:59:45.804Z] GET /api/users
[2026-03-28T13:59:45.805Z] GET /api/guests
[2026-03-28T13:59:45.807Z] GET /api/rsvps
[2026-03-28T13:59:50.806Z] GET /api/users
[2026-03-28T13:59:50.807Z] GET /api/guests
[2026-03-28T13:59:50.809Z] GET /api/rsvps
[2026-03-28T13:59:55.235Z] POST /api/login
[2026-03-28T13:59:55.254Z] GET /api/users
[2026-03-28T13:59:55.255Z] GET /api/guests
[2026-03-28T13:59:55.256Z] GET /api/rsvps
[2026-03-28T13:59:55.261Z] GET /api/users
[2026-03-28T13:59:55.262Z] GET /api/guests
[2026-03-28T13:59:55.265Z] GET /api/rsvps
[2026-03-28T14:00:00.005Z] GET /api/content/events
[2026-03-28T14:00:00.012Z] GET /api/content/gallery
[2026-03-28T14:00:00.014Z] GET /api/content/moments
[2026-03-28T14:00:00.016Z] GET /api/content/home_data
[2026-03-28T14:00:00.023Z] GET /api/content/stories
[2026-03-28T14:00:00.025Z] GET /api/content/contact_data
[2026-03-28T14:00:00.045Z] GET /api/content/family_people
[2026-03-28T14:00:00.046Z] GET /api/content/groom_family_families
[2026-03-28T14:00:00.046Z] GET /api/content/family_families
[2026-03-28T14:00:00.046Z] GET /api/content/family_links
[2026-03-28T14:00:00.047Z] GET /api/content/groom_family_people
[2026-03-28T14:00:00.049Z] GET /api/content/groom_family_links
[2026-03-28T14:00:00.053Z] GET /api/rsvps
[2026-03-28T14:00:00.055Z] GET /api/content/gallery
[2026-03-28T14:00:00.055Z] GET /api/content/contact_data
[2026-03-28T14:00:00.057Z] GET /api/content/events
[2026-03-28T14:00:00.058Z] GET /api/content/home_data
[2026-03-28T14:00:00.059Z] GET /api/content/moments
[2026-03-28T14:00:00.063Z] GET /api/content/stories
[2026-03-28T14:00:00.063Z] GET /api/content/groom_family_families
[2026-03-28T14:00:00.063Z] GET /api/content/family_families
[2026-03-28T14:00:00.063Z] GET /api/content/family_links
[2026-03-28T14:00:00.063Z] GET /api/content/family_people
[2026-03-28T14:00:00.065Z] GET /api/content/groom_family_people
[2026-03-28T14:00:00.067Z] GET /api/content/groom_family_links
[2026-03-28T14:00:00.067Z] GET /api/rsvps
[2026-03-28T14:00:00.255Z] GET /api/guests
[2026-03-28T14:00:00.256Z] GET /api/users
[2026-03-28T14:00:00.256Z] GET /api/rsvps
[2026-03-28T14:00:05.257Z] GET /api/users
[2026-03-28T14:00:05.258Z] GET /api/guests
[2026-03-28T14:00:05.259Z] GET /api/rsvps
[2026-03-28T14:00:10.263Z] GET /api/guests
[2026-03-28T14:00:10.266Z] GET /api/users
[2026-03-28T14:00:10.267Z] GET /api/rsvps
[2026-03-28T14:00:15.263Z] GET /api/guests
[2026-03-28T14:00:15.269Z] GET /api/users
[2026-03-28T14:00:15.270Z] GET /api/rsvps
[2026-03-28T14:00:15.459Z] GET /api/content/events
[2026-03-28T14:00:15.462Z] GET /api/content/gallery
[2026-03-28T14:00:15.464Z] GET /api/content/contact_data
[2026-03-28T14:00:15.465Z] GET /api/content/moments
[2026-03-28T14:00:15.467Z] GET /api/content/family_people
[2026-03-28T14:00:15.468Z] GET /api/content/home_data
[2026-03-28T14:00:15.490Z] GET /api/content/family_families
[2026-03-28T14:00:15.491Z] GET /api/content/stories
[2026-03-28T14:00:15.492Z] GET /api/content/family_links
[2026-03-28T14:00:15.492Z] GET /api/content/groom_family_people
[2026-03-28T14:00:15.493Z] GET /api/content/groom_family_families
[2026-03-28T14:00:15.496Z] GET /api/rsvps
[2026-03-28T14:00:15.497Z] GET /api/content/groom_family_links
[2026-03-28T14:00:15.505Z] GET /api/content/events
[2026-03-28T14:00:15.505Z] GET /api/content/gallery
[2026-03-28T14:00:15.506Z] GET /api/content/contact_data
[2026-03-28T14:00:15.506Z] GET /api/content/moments
[2026-03-28T14:00:15.506Z] GET /api/content/family_people
[2026-03-28T14:00:15.506Z] GET /api/content/home_data
[2026-03-28T14:00:15.512Z] GET /api/content/family_families
[2026-03-28T14:00:15.513Z] GET /api/content/family_links
[2026-03-28T14:00:15.514Z] GET /api/content/stories
[2026-03-28T14:00:15.514Z] GET /api/content/groom_family_people
[2026-03-28T14:00:15.514Z] GET /api/content/groom_family_families
[2026-03-28T14:00:15.516Z] GET /api/content/groom_family_links
[2026-03-28T14:00:15.517Z] GET /api/rsvps
[2026-03-28T14:00:17.002Z] GET /api/content/events
[2026-03-28T14:00:17.003Z] GET /api/content/gallery
[2026-03-28T14:00:17.003Z] GET /api/content/moments
[2026-03-28T14:00:17.003Z] GET /api/content/home_data
[2026-03-28T14:00:17.005Z] GET /api/content/stories
[2026-03-28T14:00:17.006Z] GET /api/content/contact_data
[2026-03-28T14:00:17.010Z] GET /api/content/family_people
[2026-03-28T14:00:17.011Z] GET /api/content/family_families
[2026-03-28T14:00:17.012Z] GET /api/content/groom_family_people
[2026-03-28T14:00:17.013Z] GET /api/content/family_links
[2026-03-28T14:00:17.013Z] GET /api/content/groom_family_families
[2026-03-28T14:00:17.014Z] GET /api/content/groom_family_links
[2026-03-28T14:00:17.016Z] GET /api/rsvps
[2026-03-28T14:00:17.018Z] GET /api/content/gallery
[2026-03-28T14:00:17.018Z] GET /api/content/events
[2026-03-28T14:00:17.018Z] GET /api/content/moments
[2026-03-28T14:00:17.019Z] GET /api/content/home_data
[2026-03-28T14:00:17.020Z] GET /api/content/stories
[2026-03-28T14:00:17.020Z] GET /api/content/contact_data
[2026-03-28T14:00:17.022Z] GET /api/content/family_people
[2026-03-28T14:00:17.022Z] GET /api/content/family_families
[2026-03-28T14:00:17.022Z] GET /api/content/groom_family_people
[2026-03-28T14:00:17.023Z] GET /api/content/family_links
[2026-03-28T14:00:17.024Z] GET /api/content/groom_family_families
[2026-03-28T14:00:17.025Z] GET /api/content/groom_family_links
[2026-03-28T14:00:17.029Z] GET /api/rsvps
[2026-03-28T14:00:17.306Z] GET /api/content/events
[2026-03-28T14:00:17.307Z] GET /api/content/gallery
[2026-03-28T14:00:17.307Z] GET /api/content/moments
[2026-03-28T14:00:17.308Z] GET /api/content/home_data
[2026-03-28T14:00:17.309Z] GET /api/content/stories
[2026-03-28T14:00:17.310Z] GET /api/content/contact_data
[2026-03-28T14:00:17.311Z] GET /api/content/family_people
[2026-03-28T14:00:17.313Z] GET /api/content/family_families
[2026-03-28T14:00:17.316Z] GET /api/content/family_links
[2026-03-28T14:00:17.318Z] GET /api/content/groom_family_people
[2026-03-28T14:00:17.319Z] GET /api/content/groom_family_families
[2026-03-28T14:00:17.320Z] GET /api/content/groom_family_links
[2026-03-28T14:00:17.320Z] GET /api/rsvps
[2026-03-28T14:00:17.323Z] GET /api/content/events
[2026-03-28T14:00:17.323Z] GET /api/content/gallery
[2026-03-28T14:00:17.325Z] GET /api/content/home_data
[2026-03-28T14:00:17.325Z] GET /api/content/stories
[2026-03-28T14:00:17.325Z] GET /api/content/moments
[2026-03-28T14:00:17.332Z] GET /api/content/contact_data
[2026-03-28T14:00:17.333Z] GET /api/content/family_people
[2026-03-28T14:00:17.333Z] GET /api/content/family_families
[2026-03-28T14:00:17.333Z] GET /api/content/family_links
[2026-03-28T14:00:17.333Z] GET /api/content/groom_family_people
[2026-03-28T14:00:17.333Z] GET /api/content/groom_family_families
[2026-03-28T14:00:17.337Z] GET /api/content/groom_family_links
[2026-03-28T14:00:17.337Z] GET /api/rsvps
[2026-03-28T14:00:17.491Z] GET /api/content/events
[2026-03-28T14:00:17.492Z] GET /api/content/gallery
[2026-03-28T14:00:17.492Z] GET /api/content/moments
[2026-03-28T14:00:17.492Z] GET /api/content/home_data
[2026-03-28T14:00:17.493Z] GET /api/content/stories
[2026-03-28T14:00:17.499Z] GET /api/content/contact_data
[2026-03-28T14:00:17.501Z] GET /api/content/family_people
[2026-03-28T14:00:17.504Z] GET /api/content/family_families
[2026-03-28T14:00:17.506Z] GET /api/content/family_links
[2026-03-28T14:00:17.507Z] GET /api/content/groom_family_people
[2026-03-28T14:00:17.507Z] GET /api/content/groom_family_families
[2026-03-28T14:00:17.507Z] GET /api/content/groom_family_links
[2026-03-28T14:00:17.508Z] GET /api/rsvps
[2026-03-28T14:00:17.509Z] GET /api/content/events
[2026-03-28T14:00:17.512Z] GET /api/content/gallery
[2026-03-28T14:00:17.512Z] GET /api/content/moments
[2026-03-28T14:00:17.512Z] GET /api/content/home_data
[2026-03-28T14:00:17.513Z] GET /api/content/stories
[2026-03-28T14:00:17.515Z] GET /api/content/contact_data
[2026-03-28T14:00:17.515Z] GET /api/content/family_people
[2026-03-28T14:00:17.516Z] GET /api/content/family_families
[2026-03-28T14:00:17.516Z] GET /api/content/family_links
[2026-03-28T14:00:17.517Z] GET /api/content/groom_family_links
[2026-03-28T14:00:17.517Z] GET /api/content/groom_family_people
[2026-03-28T14:00:17.518Z] GET /api/content/groom_family_families
[2026-03-28T14:00:17.518Z] GET /api/rsvps
[2026-03-28T14:00:17.697Z] GET /api/content/events
[2026-03-28T14:00:17.698Z] GET /api/content/gallery
[2026-03-28T14:00:17.699Z] GET /api/content/moments
[2026-03-28T14:00:17.699Z] GET /api/content/home_data
[2026-03-28T14:00:17.700Z] GET /api/content/stories
[2026-03-28T14:00:17.701Z] GET /api/content/contact_data
[2026-03-28T14:00:17.704Z] GET /api/content/family_people
[2026-03-28T14:00:17.704Z] GET /api/content/family_families
[2026-03-28T14:00:17.704Z] GET /api/content/family_links
[2026-03-28T14:00:17.709Z] GET /api/content/groom_family_families
[2026-03-28T14:00:17.712Z] GET /api/content/groom_family_people
[2026-03-28T14:00:17.715Z] GET /api/content/groom_family_links
[2026-03-28T14:00:17.719Z] GET /api/content/events
[2026-03-28T14:00:17.720Z] GET /api/rsvps
[2026-03-28T14:00:17.720Z] GET /api/content/gallery
[2026-03-28T14:00:17.721Z] GET /api/content/moments
[2026-03-28T14:00:17.722Z] GET /api/content/home_data
[2026-03-28T14:00:17.724Z] GET /api/content/stories
[2026-03-28T14:00:17.724Z] GET /api/content/contact_data
[2026-03-28T14:00:17.725Z] GET /api/content/family_families
[2026-03-28T14:00:17.726Z] GET /api/content/family_people
[2026-03-28T14:00:17.726Z] GET /api/content/family_links
[2026-03-28T14:00:17.727Z] GET /api/content/groom_family_families
[2026-03-28T14:00:17.728Z] GET /api/content/groom_family_people
[2026-03-28T14:00:17.728Z] GET /api/content/groom_family_links
[2026-03-28T14:00:17.729Z] GET /api/rsvps
[2026-03-28T14:00:17.868Z] GET /api/content/events
[2026-03-28T14:00:17.868Z] GET /api/content/gallery
[2026-03-28T14:00:17.869Z] GET /api/content/moments
[2026-03-28T14:00:17.869Z] GET /api/content/home_data
[2026-03-28T14:00:17.869Z] GET /api/content/stories
[2026-03-28T14:00:17.870Z] GET /api/content/contact_data
[2026-03-28T14:00:17.876Z] GET /api/content/family_people
[2026-03-28T14:00:17.878Z] GET /api/content/family_families
[2026-03-28T14:00:17.879Z] GET /api/content/family_links
[2026-03-28T14:00:17.880Z] GET /api/content/groom_family_families
[2026-03-28T14:00:17.880Z] GET /api/content/groom_family_people
[2026-03-28T14:00:17.881Z] GET /api/content/groom_family_links
[2026-03-28T14:00:17.883Z] GET /api/rsvps
[2026-03-28T14:00:17.883Z] GET /api/content/events
[2026-03-28T14:00:17.888Z] GET /api/content/moments
[2026-03-28T14:00:17.888Z] GET /api/content/gallery
[2026-03-28T14:00:17.888Z] GET /api/content/home_data
[2026-03-28T14:00:17.888Z] GET /api/content/stories
[2026-03-28T14:00:17.891Z] GET /api/content/contact_data
[2026-03-28T14:00:17.891Z] GET /api/content/family_people
[2026-03-28T14:00:17.892Z] GET /api/content/family_families
[2026-03-28T14:00:17.893Z] GET /api/content/family_links
[2026-03-28T14:00:17.894Z] GET /api/content/groom_family_families
[2026-03-28T14:00:17.895Z] GET /api/content/groom_family_people
[2026-03-28T14:00:17.896Z] GET /api/content/groom_family_links
[2026-03-28T14:00:17.896Z] GET /api/rsvps
[2026-03-28T14:00:20.258Z] GET /api/users
[2026-03-28T14:00:20.261Z] GET /api/guests
[2026-03-28T14:00:20.263Z] GET /api/rsvps
[2026-03-28T14:02:24.639Z] POST /api/rsvp
[2026-03-28T14:03:30.125Z] POST /api/login
[2026-03-28T14:03:55.664Z] POST /api/register
[2026-03-28T14:04:46.997Z] GET /api/content/moments
[2026-03-28T14:04:47.106Z] GET /api/content/stories
[2026-03-28T14:04:47.144Z] GET /api/content/events
[2026-03-28T14:04:47.145Z] GET /api/content/contact_data
[2026-03-28T14:04:47.146Z] GET /api/content/family_people
[2026-03-28T14:04:47.149Z] GET /api/content/home_data
[2026-03-28T14:04:49.188Z] GET /api/content/gallery
[2026-03-28T14:04:49.190Z] GET /api/content/groom_family_families
[2026-03-28T14:04:49.192Z] GET /api/content/family_families
[2026-03-28T14:04:49.193Z] GET /api/content/family_links
[2026-03-28T14:04:49.194Z] GET /api/content/groom_family_links
[2026-03-28T14:04:49.195Z] GET /api/content/groom_family_people
[2026-03-28T14:04:49.254Z] GET /api/rsvps
[2026-03-28T14:04:49.280Z] GET /api/content/family_people
[2026-03-28T14:04:49.282Z] GET /api/content/moments
[2026-03-28T14:04:49.283Z] GET /api/content/events
[2026-03-28T14:04:49.291Z] GET /api/content/contact_data
[2026-03-28T14:04:49.299Z] GET /api/content/home_data
[2026-03-28T14:04:49.320Z] GET /api/content/stories
[2026-03-28T14:04:49.322Z] GET /api/content/gallery
[2026-03-28T14:04:49.322Z] GET /api/content/groom_family_people
[2026-03-28T14:04:49.355Z] GET /api/content/groom_family_families
[2026-03-28T14:04:49.358Z] GET /api/content/family_links
[2026-03-28T14:04:49.361Z] GET /api/content/family_families
[2026-03-28T14:04:49.361Z] GET /api/content/groom_family_links
[2026-03-28T14:04:49.884Z] GET /api/content/events
[2026-03-28T14:04:49.887Z] GET /api/content/gallery
[2026-03-28T14:04:49.888Z] GET /api/content/moments
[2026-03-28T14:04:49.890Z] GET /api/content/home_data
[2026-03-28T14:04:49.891Z] GET /api/content/stories
[2026-03-28T14:04:49.892Z] GET /api/content/contact_data
[2026-03-28T14:04:49.894Z] GET /api/content/family_people
[2026-03-28T14:04:49.904Z] GET /api/rsvps
[2026-03-28T14:04:49.906Z] GET /api/content/family_families
[2026-03-28T14:04:49.909Z] GET /api/content/family_links
[2026-03-28T14:04:49.912Z] GET /api/content/groom_family_people
[2026-03-28T14:04:49.916Z] GET /api/content/groom_family_families
[2026-03-28T14:04:49.929Z] GET /api/content/groom_family_links
[2026-03-28T14:04:49.952Z] GET /api/content/events
[2026-03-28T14:04:49.964Z] GET /api/content/gallery
[2026-03-28T14:04:49.974Z] GET /api/content/moments
[2026-03-28T14:04:49.981Z] GET /api/content/home_data
[2026-03-28T14:04:49.993Z] GET /api/content/stories
[2026-03-28T14:04:50.011Z] GET /api/content/contact_data
[2026-03-28T14:04:50.021Z] GET /api/content/family_people
[2026-03-28T14:04:50.027Z] GET /api/content/family_families
[2026-03-28T14:04:50.043Z] GET /api/content/family_links
[2026-03-28T14:04:50.055Z] GET /api/content/groom_family_people
[2026-03-28T14:04:50.057Z] GET /api/content/groom_family_families
[2026-03-28T14:04:50.060Z] GET /api/content/groom_family_links
[2026-03-28T14:04:50.103Z] GET /api/rsvps
[2026-03-28T14:05:00.753Z] POST /api/login
[2026-03-28T14:05:00.814Z] GET /api/users
[2026-03-28T14:05:00.815Z] GET /api/guests
[2026-03-28T14:05:00.816Z] GET /api/rsvps
[2026-03-28T14:05:00.831Z] GET /api/users
[2026-03-28T14:05:00.857Z] GET /api/rsvps
[2026-03-28T14:05:00.859Z] GET /api/guests
[2026-03-28T14:05:05.800Z] GET /api/users
[2026-03-28T14:05:05.801Z] GET /api/guests
[2026-03-28T14:05:05.802Z] GET /api/rsvps
[2026-03-28T14:05:06.079Z] POST /api/guests
[2026-03-28T14:05:06.105Z] GET /api/guests
[2026-03-28T14:05:06.106Z] GET /api/users
[2026-03-28T14:05:06.107Z] GET /api/rsvps
[2026-03-28T14:05:10.805Z] GET /api/users
[2026-03-28T14:05:10.807Z] GET /api/guests
[2026-03-28T14:05:10.808Z] GET /api/rsvps
[2026-03-28T14:05:14.930Z] POST /api/guests
[2026-03-28T14:05:14.943Z] GET /api/guests
[2026-03-28T14:05:14.944Z] GET /api/users
[2026-03-28T14:05:14.944Z] GET /api/rsvps
[2026-03-28T14:05:15.800Z] GET /api/users
[2026-03-28T14:05:15.801Z] GET /api/guests
[2026-03-28T14:05:15.803Z] GET /api/rsvps
[2026-03-28T14:05:17.511Z] POST /api/users
[2026-03-28T14:05:17.519Z] GET /api/users
[2026-03-28T14:05:17.520Z] GET /api/guests
[2026-03-28T14:05:17.520Z] GET /api/rsvps
[2026-03-28T14:05:20.800Z] GET /api/users
[2026-03-28T14:05:20.801Z] GET /api/rsvps
[2026-03-28T14:05:20.803Z] GET /api/guests
[2026-03-28T14:05:21.847Z] GET /api/content/events
[2026-03-28T14:05:21.851Z] GET /api/content/gallery
[2026-03-28T14:05:21.854Z] GET /api/content/moments
[2026-03-28T14:05:21.858Z] GET /api/content/home_data
[2026-03-28T14:05:21.861Z] GET /api/content/stories
[2026-03-28T14:05:21.864Z] GET /api/content/contact_data
[2026-03-28T14:05:21.877Z] GET /api/content/family_people
[2026-03-28T14:05:21.878Z] GET /api/content/family_families
[2026-03-28T14:05:21.880Z] GET /api/content/family_links
[2026-03-28T14:05:21.881Z] GET /api/content/groom_family_people
[2026-03-28T14:05:21.884Z] GET /api/content/groom_family_families
[2026-03-28T14:05:21.886Z] GET /api/content/groom_family_links
[2026-03-28T14:05:21.893Z] GET /api/rsvps
[2026-03-28T14:05:21.896Z] GET /api/content/gallery
[2026-03-28T14:05:21.896Z] GET /api/content/events
[2026-03-28T14:05:21.897Z] GET /api/content/moments
[2026-03-28T14:05:21.904Z] GET /api/content/home_data
[2026-03-28T14:05:21.907Z] GET /api/content/stories
[2026-03-28T14:05:21.921Z] GET /api/content/contact_data
[2026-03-28T14:05:21.923Z] GET /api/content/family_people
[2026-03-28T14:05:21.924Z] GET /api/content/family_families
[2026-03-28T14:05:21.927Z] GET /api/content/family_links
[2026-03-28T14:05:21.932Z] GET /api/content/groom_family_people
[2026-03-28T14:05:21.935Z] GET /api/content/groom_family_families
[2026-03-28T14:05:21.937Z] GET /api/content/groom_family_links
[2026-03-28T14:05:21.939Z] GET /api/rsvps
[2026-03-28T14:05:26.310Z] GET /api/guests
[2026-03-28T14:05:26.311Z] GET /api/users
[2026-03-28T14:05:26.311Z] GET /api/rsvps
[2026-03-28T14:05:28.334Z] POST /api/login
[2026-03-28T14:05:31.313Z] GET /api/users
[2026-03-28T14:05:31.315Z] GET /api/rsvps
[2026-03-28T14:05:31.316Z] GET /api/guests
[2026-03-28T14:05:36.305Z] GET /api/guests
[2026-03-28T14:05:36.306Z] GET /api/users
[2026-03-28T14:05:36.306Z] GET /api/rsvps
[2026-03-28T14:05:41.310Z] GET /api/users
[2026-03-28T14:05:41.313Z] GET /api/guests
[2026-03-28T14:05:41.315Z] GET /api/rsvps
[2026-03-28T14:05:46.310Z] GET /api/users
[2026-03-28T14:05:46.311Z] GET /api/guests
[2026-03-28T14:05:46.311Z] GET /api/rsvps
[2026-03-28T14:05:51.308Z] GET /api/users
[2026-03-28T14:05:51.310Z] GET /api/guests
[2026-03-28T14:05:51.312Z] GET /api/rsvps
[2026-03-28T14:05:56.309Z] GET /api/users
[2026-03-28T14:05:56.310Z] GET /api/guests
[2026-03-28T14:05:56.311Z] GET /api/rsvps
[2026-03-28T14:06:01.309Z] GET /api/users
[2026-03-28T14:06:01.310Z] GET /api/guests
[2026-03-28T14:06:01.314Z] GET /api/rsvps
[2026-03-28T14:06:06.314Z] GET /api/users
[2026-03-28T14:06:06.317Z] GET /api/guests
[2026-03-28T14:06:06.317Z] GET /api/rsvps
[2026-03-28T14:06:11.402Z] GET /api/users
[2026-03-28T14:06:11.409Z] GET /api/guests
[2026-03-28T14:06:11.411Z] GET /api/rsvps
[2026-03-28T14:06:16.320Z] GET /api/guests
[2026-03-28T14:06:16.329Z] GET /api/users
[2026-03-28T14:06:16.329Z] GET /api/rsvps
[2026-03-28T14:07:05.353Z] GET /api/users
[2026-03-28T14:07:05.360Z] GET /api/guests
[2026-03-28T14:07:05.361Z] GET /api/rsvps
[2026-03-28T14:08:05.331Z] GET /api/users
[2026-03-28T14:08:05.334Z] GET /api/rsvps
[2026-03-28T14:08:05.336Z] GET /api/guests
[2026-03-28T14:09:05.377Z] GET /api/users
[2026-03-28T14:09:05.385Z] GET /api/guests
[2026-03-28T14:09:05.389Z] GET /api/rsvps
[2026-03-28T14:10:05.326Z] GET /api/users
[2026-03-28T14:10:05.329Z] GET /api/rsvps
[2026-03-28T14:10:05.330Z] GET /api/guests
[2026-03-28T14:10:49.065Z] GET /api/content/gallery
[2026-03-28T14:10:49.071Z] GET /api/content/events
[2026-03-28T14:10:49.071Z] GET /api/content/moments
[2026-03-28T14:10:49.072Z] GET /api/content/home_data
[2026-03-28T14:10:49.074Z] GET /api/content/stories
[2026-03-28T14:10:49.074Z] GET /api/content/contact_data
[2026-03-28T14:10:49.186Z] GET /api/content/family_people
[2026-03-28T14:10:49.189Z] GET /api/content/family_links
[2026-03-28T14:10:49.195Z] GET /api/content/family_families
[2026-03-28T14:10:49.223Z] GET /api/content/groom_family_people
[2026-03-28T14:10:49.233Z] GET /api/content/groom_family_links
[2026-03-28T14:10:49.237Z] GET /api/content/groom_family_families
[2026-03-28T14:10:49.241Z] GET /api/rsvps
[2026-03-28T14:10:49.248Z] GET /api/content/contact_data
[2026-03-28T14:10:49.262Z] GET /api/content/gallery
[2026-03-28T14:10:49.265Z] GET /api/content/events
[2026-03-28T14:10:49.269Z] GET /api/content/home_data
[2026-03-28T14:10:49.272Z] GET /api/content/moments
[2026-03-28T14:10:49.277Z] GET /api/content/stories
[2026-03-28T14:10:49.287Z] GET /api/content/family_links
[2026-03-28T14:10:49.305Z] GET /api/content/family_people
[2026-03-28T14:10:49.307Z] GET /api/content/family_families
[2026-03-28T14:10:49.310Z] GET /api/content/groom_family_people
[2026-03-28T14:10:49.311Z] GET /api/content/groom_family_links
[2026-03-28T14:10:49.313Z] GET /api/content/groom_family_families
[2026-03-28T14:10:49.315Z] GET /api/rsvps
[2026-03-28T14:11:05.315Z] GET /api/rsvps
[2026-03-28T14:11:05.316Z] GET /api/users
[2026-03-28T14:11:05.317Z] GET /api/guests
[2026-03-28T14:12:05.360Z] GET /api/users
[2026-03-28T14:12:05.362Z] GET /api/guests
[2026-03-28T14:12:05.365Z] GET /api/rsvps
[2026-03-28T14:13:05.388Z] GET /api/rsvps
[2026-03-28T14:13:05.397Z] GET /api/guests
[2026-03-28T14:13:05.398Z] GET /api/users
[2026-03-28T14:14:05.323Z] GET /api/users
[2026-03-28T14:14:05.325Z] GET /api/guests
[2026-03-28T14:14:05.325Z] GET /api/rsvps
[2026-03-28T14:15:05.421Z] GET /api/users
[2026-03-28T14:15:05.433Z] GET /api/guests
[2026-03-28T14:15:05.435Z] GET /api/rsvps
[2026-03-28T14:16:01.797Z] POST /api/rsvp
[2026-03-28T14:16:05.328Z] GET /api/users
[2026-03-28T14:16:05.329Z] GET /api/guests
[2026-03-28T14:16:05.330Z] GET /api/rsvps
[2026-03-28T14:16:07.912Z] POST /api/login
[2026-03-28T14:16:13.062Z] POST /api/login
[2026-03-28T14:17:05.324Z] GET /api/users
[2026-03-28T14:17:05.327Z] GET /api/guests
[2026-03-28T14:17:05.332Z] GET /api/rsvps
[2026-03-28T14:17:43.798Z] GET /api/content/events
[2026-03-28T14:17:43.801Z] GET /api/content/gallery
[2026-03-28T14:17:43.801Z] GET /api/content/moments
[2026-03-28T14:17:43.801Z] GET /api/content/stories
[2026-03-28T14:17:43.802Z] GET /api/content/home_data
[2026-03-28T14:17:43.802Z] GET /api/content/contact_data
[2026-03-28T14:17:43.941Z] GET /api/content/family_people
[2026-03-28T14:17:43.949Z] GET /api/content/family_families
[2026-03-28T14:17:43.955Z] GET /api/content/groom_family_people
[2026-03-28T14:17:43.961Z] GET /api/content/groom_family_links
[2026-03-28T14:17:43.961Z] GET /api/content/family_links
[2026-03-28T14:17:43.962Z] GET /api/content/groom_family_families
[2026-03-28T14:17:43.963Z] GET /api/rsvps
[2026-03-28T14:17:43.965Z] GET /api/content/stories
[2026-03-28T14:17:43.967Z] GET /api/content/gallery
[2026-03-28T14:17:43.970Z] GET /api/content/home_data
[2026-03-28T14:17:43.971Z] GET /api/content/events
[2026-03-28T14:17:43.972Z] GET /api/content/contact_data
[2026-03-28T14:17:43.974Z] GET /api/content/moments
[2026-03-28T14:17:43.974Z] GET /api/content/family_people
[2026-03-28T14:17:43.991Z] GET /api/content/groom_family_people
[2026-03-28T14:17:43.993Z] GET /api/content/family_families
[2026-03-28T14:17:43.993Z] GET /api/content/groom_family_links
[2026-03-28T14:17:43.995Z] GET /api/content/family_links
[2026-03-28T14:17:43.996Z] GET /api/content/groom_family_families
[2026-03-28T14:17:44.034Z] GET /api/rsvps
[2026-03-28T14:17:48.013Z] POST /api/login
[2026-03-28T14:17:48.083Z] GET /api/rsvps
[2026-03-28T14:17:48.089Z] GET /api/users
[2026-03-28T14:17:48.099Z] GET /api/guests
[2026-03-28T14:17:48.106Z] GET /api/rsvps
[2026-03-28T14:17:48.108Z] GET /api/users
[2026-03-28T14:17:48.398Z] GET /api/guests
[2026-03-28T14:17:52.748Z] POST /api/guests
[2026-03-28T14:17:52.766Z] GET /api/guests
[2026-03-28T14:17:52.767Z] GET /api/users
[2026-03-28T14:17:52.769Z] GET /api/rsvps
[2026-03-28T14:17:53.081Z] GET /api/users
[2026-03-28T14:17:53.081Z] GET /api/guests
[2026-03-28T14:17:53.083Z] GET /api/rsvps
[2026-03-28T14:17:55.081Z] POST /api/users
[2026-03-28T14:17:55.093Z] GET /api/users
[2026-03-28T14:17:55.093Z] GET /api/guests
[2026-03-28T14:17:55.095Z] GET /api/rsvps
[2026-03-28T14:17:58.086Z] GET /api/guests
[2026-03-28T14:17:58.093Z] GET /api/users
[2026-03-28T14:17:58.094Z] GET /api/rsvps
[2026-03-28T14:18:01.664Z] POST /api/login
[2026-03-28T14:18:03.082Z] GET /api/guests
[2026-03-28T14:18:03.083Z] GET /api/users
[2026-03-28T14:18:03.083Z] GET /api/rsvps
[2026-03-28T14:18:05.373Z] GET /api/users
[2026-03-28T14:18:05.374Z] GET /api/guests
[2026-03-28T14:18:05.374Z] GET /api/rsvps
[2026-03-28T14:18:08.083Z] GET /api/users
[2026-03-28T14:18:08.084Z] GET /api/guests
[2026-03-28T14:18:08.085Z] GET /api/rsvps
[2026-03-28T14:18:13.088Z] GET /api/guests
[2026-03-28T14:18:13.089Z] GET /api/users
[2026-03-28T14:18:13.090Z] GET /api/rsvps
[2026-03-28T14:18:18.081Z] GET /api/users
[2026-03-28T14:18:18.082Z] GET /api/guests
[2026-03-28T14:18:18.083Z] GET /api/rsvps
[2026-03-28T14:18:23.082Z] GET /api/guests
[2026-03-28T14:18:23.083Z] GET /api/rsvps
[2026-03-28T14:18:23.084Z] GET /api/users
[2026-03-28T14:18:28.094Z] GET /api/users
[2026-03-28T14:18:28.096Z] GET /api/guests
[2026-03-28T14:18:28.097Z] GET /api/rsvps
[2026-03-28T14:18:33.082Z] GET /api/guests
[2026-03-28T14:18:33.082Z] GET /api/users
[2026-03-28T14:18:33.083Z] GET /api/rsvps
[2026-03-28T14:18:38.081Z] GET /api/users
[2026-03-28T14:18:38.082Z] GET /api/guests
[2026-03-28T14:18:38.084Z] GET /api/rsvps
[2026-03-28T14:18:43.082Z] GET /api/guests
[2026-03-28T14:18:43.082Z] GET /api/users
[2026-03-28T14:18:43.084Z] GET /api/rsvps
[2026-03-28T14:18:48.081Z] GET /api/users
[2026-03-28T14:18:48.082Z] GET /api/guests
[2026-03-28T14:18:48.083Z] GET /api/rsvps
[2026-03-28T14:18:53.082Z] GET /api/users
[2026-03-28T14:18:53.083Z] GET /api/guests
[2026-03-28T14:18:53.085Z] GET /api/rsvps
[2026-03-28T14:18:58.080Z] GET /api/users
[2026-03-28T14:18:58.081Z] GET /api/guests
[2026-03-28T14:18:58.082Z] GET /api/rsvps
[2026-03-28T14:19:03.081Z] GET /api/users
[2026-03-28T14:19:03.082Z] GET /api/guests
[2026-03-28T14:19:03.083Z] GET /api/rsvps
[2026-03-28T14:19:05.312Z] GET /api/users
[2026-03-28T14:19:05.314Z] GET /api/guests
[2026-03-28T14:19:05.315Z] GET /api/rsvps
[2026-03-28T14:19:08.085Z] GET /api/users
[2026-03-28T14:19:08.087Z] GET /api/guests
[2026-03-28T14:19:08.089Z] GET /api/rsvps
[2026-03-28T14:19:13.086Z] GET /api/users
[2026-03-28T14:19:13.087Z] GET /api/guests
[2026-03-28T14:19:13.087Z] GET /api/rsvps
[2026-03-28T14:19:18.081Z] GET /api/users
[2026-03-28T14:19:18.082Z] GET /api/guests
[2026-03-28T14:19:18.087Z] GET /api/rsvps
[2026-03-28T14:19:23.092Z] GET /api/users
[2026-03-28T14:19:23.093Z] GET /api/guests
[2026-03-28T14:19:23.094Z] GET /api/rsvps
[2026-03-28T14:19:28.081Z] GET /api/users
[2026-03-28T14:19:28.082Z] GET /api/guests
[2026-03-28T14:19:28.086Z] GET /api/rsvps
[2026-03-28T14:19:33.083Z] GET /api/users
[2026-03-28T14:19:33.084Z] GET /api/guests
[2026-03-28T14:19:33.085Z] GET /api/rsvps
[2026-03-28T14:19:38.081Z] GET /api/users
[2026-03-28T14:19:38.082Z] GET /api/guests
[2026-03-28T14:19:38.085Z] GET /api/rsvps
[2026-03-28T14:19:43.087Z] GET /api/users
[2026-03-28T14:19:43.088Z] GET /api/guests
[2026-03-28T14:19:43.090Z] GET /api/rsvps
[2026-03-28T14:19:48.093Z] GET /api/users
[2026-03-28T14:19:48.097Z] GET /api/guests
[2026-03-28T14:19:48.097Z] GET /api/rsvps
[2026-03-28T14:19:53.084Z] GET /api/users
[2026-03-28T14:19:53.085Z] GET /api/guests
[2026-03-28T14:19:53.086Z] GET /api/rsvps
[2026-03-28T14:19:58.084Z] GET /api/users
[2026-03-28T14:19:58.086Z] GET /api/guests
[2026-03-28T14:19:58.086Z] GET /api/rsvps
[2026-03-28T14:20:03.082Z] GET /api/users
[2026-03-28T14:20:03.082Z] GET /api/guests
[2026-03-28T14:20:03.084Z] GET /api/rsvps
[2026-03-28T14:20:05.323Z] GET /api/users
[2026-03-28T14:20:05.324Z] GET /api/guests
[2026-03-28T14:20:05.326Z] GET /api/rsvps
[2026-03-28T14:20:08.085Z] GET /api/users
[2026-03-28T14:20:08.086Z] GET /api/guests
[2026-03-28T14:20:08.087Z] GET /api/rsvps
[2026-03-28T14:20:13.098Z] GET /api/users
[2026-03-28T14:20:13.103Z] GET /api/guests
[2026-03-28T14:20:13.103Z] GET /api/rsvps
[2026-03-28T14:20:18.266Z] GET /api/users
[2026-03-28T14:20:18.287Z] GET /api/guests
[2026-03-28T14:20:18.289Z] GET /api/rsvps
[2026-03-28T14:20:23.095Z] GET /api/users
[2026-03-28T14:20:23.099Z] GET /api/guests
[2026-03-28T14:20:23.104Z] GET /api/rsvps
[2026-03-28T14:20:28.087Z] GET /api/users
[2026-03-28T14:20:28.089Z] GET /api/rsvps
[2026-03-28T14:20:28.091Z] GET /api/guests
[2026-03-28T14:20:33.080Z] GET /api/users
[2026-03-28T14:20:33.081Z] GET /api/guests
[2026-03-28T14:20:33.082Z] GET /api/rsvps
[2026-03-28T14:20:38.082Z] GET /api/users
[2026-03-28T14:20:38.083Z] GET /api/guests
[2026-03-28T14:20:38.084Z] GET /api/rsvps
[2026-03-28T14:20:43.099Z] GET /api/users
[2026-03-28T14:20:43.107Z] GET /api/guests
[2026-03-28T14:20:43.111Z] GET /api/rsvps
[2026-03-28T14:20:48.081Z] GET /api/guests
[2026-03-28T14:20:48.082Z] GET /api/rsvps
[2026-03-28T14:20:48.083Z] GET /api/users
[2026-03-28T14:20:53.083Z] GET /api/users
[2026-03-28T14:20:53.084Z] GET /api/guests
[2026-03-28T14:20:53.086Z] GET /api/rsvps
[2026-03-28T14:20:58.096Z] GET /api/users
[2026-03-28T14:20:58.100Z] GET /api/guests
[2026-03-28T14:20:58.100Z] GET /api/rsvps
[2026-03-28T14:21:03.097Z] GET /api/guests
[2026-03-28T14:21:03.099Z] GET /api/users
[2026-03-28T14:21:03.099Z] GET /api/rsvps
[2026-03-28T14:21:05.346Z] GET /api/users
[2026-03-28T14:21:05.349Z] GET /api/guests
[2026-03-28T14:21:05.351Z] GET /api/rsvps
[2026-03-28T14:21:08.090Z] GET /api/users
[2026-03-28T14:21:08.093Z] GET /api/guests
[2026-03-28T14:21:08.097Z] GET /api/rsvps
[2026-03-28T14:21:13.089Z] GET /api/users
[2026-03-28T14:21:13.091Z] GET /api/guests
[2026-03-28T14:21:13.092Z] GET /api/rsvps
[2026-03-28T14:21:18.081Z] GET /api/users
[2026-03-28T14:21:18.081Z] GET /api/rsvps
[2026-03-28T14:21:18.081Z] GET /api/guests
[2026-03-28T14:21:23.087Z] GET /api/users
[2026-03-28T14:21:23.090Z] GET /api/guests
[2026-03-28T14:21:23.094Z] GET /api/rsvps
[2026-03-28T14:21:28.083Z] GET /api/users
[2026-03-28T14:21:28.085Z] GET /api/guests
[2026-03-28T14:21:28.087Z] GET /api/rsvps
[2026-03-28T14:21:33.084Z] GET /api/users
[2026-03-28T14:21:33.085Z] GET /api/guests
[2026-03-28T14:21:33.086Z] GET /api/rsvps
[2026-03-28T14:21:38.081Z] GET /api/users
[2026-03-28T14:21:38.082Z] GET /api/guests
[2026-03-28T14:21:38.083Z] GET /api/rsvps
[2026-03-28T14:21:43.085Z] GET /api/users
[2026-03-28T14:21:43.087Z] GET /api/guests
[2026-03-28T14:21:43.088Z] GET /api/rsvps
[2026-03-28T14:21:48.088Z] GET /api/users
[2026-03-28T14:21:48.091Z] GET /api/guests
[2026-03-28T14:21:48.093Z] GET /api/rsvps
[2026-03-28T14:21:53.082Z] GET /api/users
[2026-03-28T14:21:53.082Z] GET /api/guests
[2026-03-28T14:21:53.085Z] GET /api/rsvps
[2026-03-28T14:21:58.090Z] GET /api/users
[2026-03-28T14:21:58.093Z] GET /api/guests
[2026-03-28T14:21:58.096Z] GET /api/rsvps
[2026-03-28T14:22:03.080Z] GET /api/users
[2026-03-28T14:22:03.081Z] GET /api/guests
[2026-03-28T14:22:03.081Z] GET /api/rsvps
[2026-03-28T14:22:05.341Z] GET /api/guests
[2026-03-28T14:22:05.342Z] GET /api/rsvps
[2026-03-28T14:22:05.344Z] GET /api/users
[2026-03-28T14:22:08.082Z] GET /api/users
[2026-03-28T14:22:08.083Z] GET /api/guests
[2026-03-28T14:22:08.084Z] GET /api/rsvps
[2026-03-28T14:22:13.086Z] GET /api/users
[2026-03-28T14:22:13.088Z] GET /api/guests
[2026-03-28T14:22:13.088Z] GET /api/rsvps
[2026-03-28T14:22:18.081Z] GET /api/users
[2026-03-28T14:22:18.082Z] GET /api/guests
[2026-03-28T14:22:18.082Z] GET /api/rsvps
[2026-03-28T14:22:23.083Z] GET /api/users
[2026-03-28T14:22:23.084Z] GET /api/guests
[2026-03-28T14:22:23.085Z] GET /api/rsvps
[2026-03-28T14:22:28.084Z] GET /api/users
[2026-03-28T14:22:28.084Z] GET /api/guests
[2026-03-28T14:22:28.085Z] GET /api/rsvps
[2026-03-28T14:22:33.106Z] GET /api/users
[2026-03-28T14:22:33.108Z] GET /api/guests
[2026-03-28T14:22:33.109Z] GET /api/rsvps
[2026-03-28T14:22:38.091Z] GET /api/users
[2026-03-28T14:22:38.093Z] GET /api/guests
[2026-03-28T14:22:38.094Z] GET /api/rsvps
[2026-03-28T14:22:43.081Z] GET /api/users
[2026-03-28T14:22:43.082Z] GET /api/guests
[2026-03-28T14:22:43.083Z] GET /api/rsvps
[2026-03-28T14:22:48.082Z] GET /api/users
[2026-03-28T14:22:48.083Z] GET /api/guests
[2026-03-28T14:22:48.085Z] GET /api/rsvps
[2026-03-28T14:22:53.082Z] GET /api/users
[2026-03-28T14:22:53.082Z] GET /api/guests
[2026-03-28T14:22:53.084Z] GET /api/rsvps
[2026-03-28T14:22:58.082Z] GET /api/users
[2026-03-28T14:22:58.083Z] GET /api/rsvps
[2026-03-28T14:22:58.085Z] GET /api/guests
[2026-03-28T14:23:03.091Z] GET /api/users
[2026-03-28T14:23:03.093Z] GET /api/guests
[2026-03-28T14:23:03.096Z] GET /api/rsvps
[2026-03-28T14:23:05.322Z] GET /api/guests
[2026-03-28T14:23:05.324Z] GET /api/rsvps
[2026-03-28T14:23:05.327Z] GET /api/users
[2026-03-28T14:23:08.084Z] GET /api/users
[2026-03-28T14:23:08.086Z] GET /api/guests
[2026-03-28T14:23:08.087Z] GET /api/rsvps
[2026-03-28T14:23:13.084Z] GET /api/users
[2026-03-28T14:23:13.085Z] GET /api/guests
[2026-03-28T14:23:13.086Z] GET /api/rsvps
[2026-03-28T14:23:18.083Z] GET /api/users
[2026-03-28T14:23:18.084Z] GET /api/guests
[2026-03-28T14:23:18.087Z] GET /api/rsvps
[2026-03-28T14:23:23.082Z] GET /api/users
[2026-03-28T14:23:23.083Z] GET /api/guests
[2026-03-28T14:23:23.084Z] GET /api/rsvps
[2026-03-28T14:23:28.081Z] GET /api/users
[2026-03-28T14:23:28.084Z] GET /api/guests
[2026-03-28T14:23:28.086Z] GET /api/rsvps
[2026-03-28T14:23:33.083Z] GET /api/users
[2026-03-28T14:23:33.083Z] GET /api/guests
[2026-03-28T14:23:33.084Z] GET /api/rsvps
[2026-03-28T14:23:38.094Z] GET /api/users
[2026-03-28T14:23:38.097Z] GET /api/guests
[2026-03-28T14:23:38.098Z] GET /api/rsvps
[2026-03-28T14:23:43.089Z] GET /api/users
[2026-03-28T14:23:43.091Z] GET /api/guests
[2026-03-28T14:23:43.091Z] GET /api/rsvps
[2026-03-28T14:23:48.082Z] GET /api/users
[2026-03-28T14:23:48.083Z] GET /api/guests
[2026-03-28T14:23:48.085Z] GET /api/rsvps
[2026-03-28T14:23:53.081Z] GET /api/users
[2026-03-28T14:23:53.082Z] GET /api/guests
[2026-03-28T14:23:53.083Z] GET /api/rsvps
[2026-03-28T14:23:58.082Z] GET /api/users
[2026-03-28T14:23:58.083Z] GET /api/guests
[2026-03-28T14:23:58.084Z] GET /api/rsvps
[2026-03-28T14:24:03.271Z] GET /api/users
[2026-03-28T14:24:03.292Z] GET /api/guests
[2026-03-28T14:24:03.298Z] GET /api/rsvps
[2026-03-28T14:24:05.328Z] GET /api/users
[2026-03-28T14:24:05.329Z] GET /api/guests
[2026-03-28T14:24:05.331Z] GET /api/rsvps
[2026-03-28T14:24:08.086Z] GET /api/users
[2026-03-28T14:24:08.089Z] GET /api/guests
[2026-03-28T14:24:08.090Z] GET /api/rsvps
[2026-03-28T14:24:13.081Z] GET /api/users
[2026-03-28T14:24:13.081Z] GET /api/guests
[2026-03-28T14:24:13.082Z] GET /api/rsvps
[2026-03-28T14:24:18.084Z] GET /api/guests
[2026-03-28T14:24:18.085Z] GET /api/rsvps
[2026-03-28T14:24:18.087Z] GET /api/users
[2026-03-28T14:24:23.082Z] GET /api/users
[2026-03-28T14:24:23.083Z] GET /api/guests
[2026-03-28T14:24:23.085Z] GET /api/rsvps
[2026-03-28T14:24:28.086Z] GET /api/users
[2026-03-28T14:24:28.089Z] GET /api/guests
[2026-03-28T14:24:28.089Z] GET /api/rsvps
[2026-03-28T14:24:33.082Z] GET /api/users
[2026-03-28T14:24:33.083Z] GET /api/guests
[2026-03-28T14:24:33.085Z] GET /api/rsvps
[2026-03-28T14:24:38.091Z] GET /api/users
[2026-03-28T14:24:38.094Z] GET /api/rsvps
[2026-03-28T14:24:38.094Z] GET /api/guests
[2026-03-28T14:24:43.081Z] GET /api/users
[2026-03-28T14:24:43.082Z] GET /api/guests
[2026-03-28T14:24:43.084Z] GET /api/rsvps
[2026-03-28T14:24:48.084Z] GET /api/users
[2026-03-28T14:24:48.085Z] GET /api/guests
[2026-03-28T14:24:48.086Z] GET /api/rsvps
[2026-03-28T14:24:53.081Z] GET /api/users
[2026-03-28T14:24:53.082Z] GET /api/rsvps
[2026-03-28T14:24:53.083Z] GET /api/guests
[2026-03-28T14:24:58.082Z] GET /api/users
[2026-03-28T14:24:58.084Z] GET /api/guests
[2026-03-28T14:24:58.088Z] GET /api/rsvps
[2026-03-28T14:25:03.083Z] GET /api/users
[2026-03-28T14:25:03.083Z] GET /api/guests
[2026-03-28T14:25:03.084Z] GET /api/rsvps
[2026-03-28T14:25:05.318Z] GET /api/guests
[2026-03-28T14:25:05.319Z] GET /api/users
[2026-03-28T14:25:05.319Z] GET /api/rsvps
[2026-03-28T14:25:08.084Z] GET /api/guests
[2026-03-28T14:25:08.086Z] GET /api/users
[2026-03-28T14:25:08.086Z] GET /api/rsvps
[2026-03-28T14:25:13.081Z] GET /api/users
[2026-03-28T14:25:13.083Z] GET /api/guests
[2026-03-28T14:25:13.085Z] GET /api/rsvps
[2026-03-28T14:25:18.081Z] GET /api/users
[2026-03-28T14:25:18.082Z] GET /api/guests
[2026-03-28T14:25:18.083Z] GET /api/rsvps
[2026-03-28T14:25:23.109Z] GET /api/users
[2026-03-28T14:25:23.113Z] GET /api/guests
[2026-03-28T14:25:23.114Z] GET /api/rsvps
[2026-03-28T14:25:28.083Z] GET /api/users
[2026-03-28T14:25:28.084Z] GET /api/guests
[2026-03-28T14:25:28.084Z] GET /api/rsvps
[2026-03-28T14:25:33.085Z] GET /api/users
[2026-03-28T14:25:33.087Z] GET /api/guests
[2026-03-28T14:25:33.088Z] GET /api/rsvps
[2026-03-28T14:25:38.084Z] GET /api/users
[2026-03-28T14:25:38.085Z] GET /api/guests
[2026-03-28T14:25:38.087Z] GET /api/rsvps
[2026-03-28T14:25:43.090Z] GET /api/rsvps
[2026-03-28T14:25:43.101Z] GET /api/guests
[2026-03-28T14:25:43.101Z] GET /api/users
[2026-03-28T14:25:48.082Z] GET /api/users
[2026-03-28T14:25:48.084Z] GET /api/guests
[2026-03-28T14:25:48.086Z] GET /api/rsvps
[2026-03-28T14:25:53.091Z] GET /api/users
[2026-03-28T14:25:53.093Z] GET /api/guests
[2026-03-28T14:25:53.095Z] GET /api/rsvps
[2026-03-28T14:25:58.081Z] GET /api/users
[2026-03-28T14:25:58.081Z] GET /api/guests
[2026-03-28T14:25:58.082Z] GET /api/rsvps
[2026-03-28T14:26:03.081Z] GET /api/users
[2026-03-28T14:26:03.082Z] GET /api/guests
[2026-03-28T14:26:03.084Z] GET /api/rsvps
[2026-03-28T14:26:05.322Z] GET /api/users
[2026-03-28T14:26:05.323Z] GET /api/guests
[2026-03-28T14:26:05.323Z] GET /api/rsvps
[2026-03-28T14:26:08.131Z] GET /api/users
[2026-03-28T14:26:08.134Z] GET /api/guests
[2026-03-28T14:26:08.135Z] GET /api/rsvps
[2026-03-28T14:26:13.083Z] GET /api/users
[2026-03-28T14:26:13.086Z] GET /api/guests
[2026-03-28T14:26:13.087Z] GET /api/rsvps
[2026-03-28T14:26:18.097Z] GET /api/users
[2026-03-28T14:26:18.099Z] GET /api/guests
[2026-03-28T14:26:18.100Z] GET /api/rsvps
[2026-03-28T14:26:23.082Z] GET /api/users
[2026-03-28T14:26:23.083Z] GET /api/guests
[2026-03-28T14:26:23.086Z] GET /api/rsvps
[2026-03-28T14:26:28.086Z] GET /api/users
[2026-03-28T14:26:28.086Z] GET /api/guests
[2026-03-28T14:26:28.087Z] GET /api/rsvps
[2026-03-28T14:26:33.093Z] GET /api/users
[2026-03-28T14:26:33.095Z] GET /api/guests
[2026-03-28T14:26:33.095Z] GET /api/rsvps
[2026-03-28T14:26:38.087Z] GET /api/users
[2026-03-28T14:26:38.090Z] GET /api/guests
[2026-03-28T14:26:38.091Z] GET /api/rsvps
[2026-03-28T14:26:43.090Z] GET /api/users
[2026-03-28T14:26:43.092Z] GET /api/guests
[2026-03-28T14:26:43.101Z] GET /api/rsvps
[2026-03-28T14:26:48.085Z] GET /api/users
[2026-03-28T14:26:48.087Z] GET /api/guests
[2026-03-28T14:26:48.088Z] GET /api/rsvps
[2026-03-28T14:26:53.095Z] GET /api/users
[2026-03-28T14:26:53.098Z] GET /api/guests
[2026-03-28T14:26:53.099Z] GET /api/rsvps
[2026-03-28T14:26:58.095Z] GET /api/users
[2026-03-28T14:26:58.098Z] GET /api/guests
[2026-03-28T14:26:58.098Z] GET /api/rsvps
[2026-03-28T14:27:03.081Z] GET /api/users
[2026-03-28T14:27:03.084Z] GET /api/guests
[2026-03-28T14:27:03.085Z] GET /api/rsvps
[2026-03-28T14:27:05.320Z] GET /api/users
[2026-03-28T14:27:05.321Z] GET /api/guests
[2026-03-28T14:27:05.321Z] GET /api/rsvps
[2026-03-28T14:27:08.111Z] GET /api/users
[2026-03-28T14:27:08.115Z] GET /api/guests
[2026-03-28T14:27:08.128Z] GET /api/rsvps
[2026-03-28T14:27:13.087Z] GET /api/users
[2026-03-28T14:27:13.093Z] GET /api/guests
[2026-03-28T14:27:13.094Z] GET /api/rsvps
[2026-03-28T14:27:18.097Z] GET /api/users
[2026-03-28T14:27:18.100Z] GET /api/guests
[2026-03-28T14:27:18.100Z] GET /api/rsvps
[2026-03-28T14:27:23.092Z] GET /api/users
[2026-03-28T14:27:23.093Z] GET /api/guests
[2026-03-28T14:27:23.094Z] GET /api/rsvps
[2026-03-28T14:27:28.084Z] GET /api/users
[2026-03-28T14:27:28.085Z] GET /api/guests
[2026-03-28T14:27:28.087Z] GET /api/rsvps
[2026-03-28T14:27:33.082Z] GET /api/users
[2026-03-28T14:27:33.083Z] GET /api/guests
[2026-03-28T14:27:33.084Z] GET /api/rsvps
[2026-03-28T14:27:38.088Z] GET /api/users
[2026-03-28T14:27:38.090Z] GET /api/guests
[2026-03-28T14:27:38.091Z] GET /api/rsvps
[2026-03-28T14:27:43.086Z] GET /api/users
[2026-03-28T14:27:43.087Z] GET /api/guests
[2026-03-28T14:27:43.088Z] GET /api/rsvps
[2026-03-28T14:27:48.084Z] GET /api/users
[2026-03-28T14:27:48.085Z] GET /api/guests
[2026-03-28T14:27:48.087Z] GET /api/rsvps
[2026-03-28T14:27:53.086Z] GET /api/users
[2026-03-28T14:27:53.097Z] GET /api/guests
[2026-03-28T14:27:53.097Z] GET /api/rsvps
[2026-03-28T14:27:58.099Z] GET /api/users
[2026-03-28T14:27:58.104Z] GET /api/guests
[2026-03-28T14:27:58.106Z] GET /api/rsvps
[2026-03-28T14:28:03.095Z] GET /api/users
[2026-03-28T14:28:03.098Z] GET /api/guests
[2026-03-28T14:28:03.101Z] GET /api/rsvps
[2026-03-28T14:28:05.323Z] GET /api/users
[2026-03-28T14:28:05.325Z] GET /api/rsvps
[2026-03-28T14:28:05.328Z] GET /api/guests
[2026-03-28T14:28:08.082Z] GET /api/users
[2026-03-28T14:28:08.083Z] GET /api/guests
[2026-03-28T14:28:08.084Z] GET /api/rsvps
[2026-03-28T14:28:13.082Z] GET /api/users
[2026-03-28T14:28:13.082Z] GET /api/guests
[2026-03-28T14:28:13.084Z] GET /api/rsvps
[2026-03-28T14:28:18.084Z] GET /api/users
[2026-03-28T14:28:18.085Z] GET /api/guests
[2026-03-28T14:28:18.086Z] GET /api/rsvps
[2026-03-28T14:28:23.087Z] GET /api/users
[2026-03-28T14:28:23.088Z] GET /api/guests
[2026-03-28T14:28:23.090Z] GET /api/rsvps
[2026-03-28T14:28:28.081Z] GET /api/guests
[2026-03-28T14:28:28.082Z] GET /api/users
[2026-03-28T14:28:28.083Z] GET /api/rsvps
[2026-03-28T14:28:33.083Z] GET /api/users
[2026-03-28T14:28:33.084Z] GET /api/guests
[2026-03-28T14:28:33.085Z] GET /api/rsvps
[2026-03-28T14:28:38.084Z] GET /api/users
[2026-03-28T14:28:38.087Z] GET /api/guests
[2026-03-28T14:28:38.091Z] GET /api/rsvps
[2026-03-28T14:28:43.086Z] GET /api/users
[2026-03-28T14:28:43.088Z] GET /api/guests
[2026-03-28T14:28:43.090Z] GET /api/rsvps
[2026-03-28T14:28:48.081Z] GET /api/users
[2026-03-28T14:28:48.082Z] GET /api/guests
[2026-03-28T14:28:48.086Z] GET /api/rsvps
[2026-03-28T14:28:53.084Z] GET /api/users
[2026-03-28T14:28:53.085Z] GET /api/guests
[2026-03-28T14:28:53.085Z] GET /api/rsvps
[2026-03-28T14:28:58.083Z] GET /api/users
[2026-03-28T14:28:58.085Z] GET /api/guests
[2026-03-28T14:28:58.086Z] GET /api/rsvps
[2026-03-28T14:29:03.090Z] GET /api/users
[2026-03-28T14:29:03.092Z] GET /api/guests
[2026-03-28T14:29:03.094Z] GET /api/rsvps
[2026-03-28T14:29:05.394Z] GET /api/users
[2026-03-28T14:29:05.394Z] GET /api/guests
[2026-03-28T14:29:05.395Z] GET /api/rsvps
[2026-03-28T14:29:08.088Z] GET /api/users
[2026-03-28T14:29:08.091Z] GET /api/guests
[2026-03-28T14:29:08.092Z] GET /api/rsvps
[2026-03-28T14:29:13.088Z] GET /api/users
[2026-03-28T14:29:13.089Z] GET /api/guests
[2026-03-28T14:29:13.090Z] GET /api/rsvps
[2026-03-28T14:29:18.087Z] GET /api/users
[2026-03-28T14:29:18.088Z] GET /api/guests
[2026-03-28T14:29:18.091Z] GET /api/rsvps
[2026-03-28T14:29:23.084Z] GET /api/users
[2026-03-28T14:29:23.086Z] GET /api/guests
[2026-03-28T14:29:23.087Z] GET /api/rsvps
[2026-03-28T14:29:28.085Z] GET /api/users
[2026-03-28T14:29:28.086Z] GET /api/guests
[2026-03-28T14:29:28.088Z] GET /api/rsvps
[2026-03-28T14:29:33.081Z] GET /api/users
[2026-03-28T14:29:33.081Z] GET /api/guests
[2026-03-28T14:29:33.082Z] GET /api/rsvps
[2026-03-28T14:29:38.092Z] GET /api/users
[2026-03-28T14:29:38.098Z] GET /api/guests
[2026-03-28T14:29:38.098Z] GET /api/rsvps
[2026-03-28T14:29:43.082Z] GET /api/users
[2026-03-28T14:29:43.082Z] GET /api/guests
[2026-03-28T14:29:43.083Z] GET /api/rsvps
[2026-03-28T14:29:48.082Z] GET /api/users
[2026-03-28T14:29:48.083Z] GET /api/guests
[2026-03-28T14:29:48.084Z] GET /api/rsvps
[2026-03-28T14:29:53.084Z] GET /api/users
[2026-03-28T14:29:53.086Z] GET /api/rsvps
[2026-03-28T14:29:53.087Z] GET /api/guests
[2026-03-28T14:29:58.082Z] GET /api/users
[2026-03-28T14:29:58.082Z] GET /api/guests
[2026-03-28T14:29:58.083Z] GET /api/rsvps
[2026-03-28T14:30:03.090Z] GET /api/users
[2026-03-28T14:30:03.093Z] GET /api/guests
[2026-03-28T14:30:03.095Z] GET /api/rsvps
[2026-03-28T14:30:05.330Z] GET /api/users
[2026-03-28T14:30:05.333Z] GET /api/guests
[2026-03-28T14:30:05.337Z] GET /api/rsvps
[2026-03-28T14:30:08.097Z] GET /api/users
[2026-03-28T14:30:08.099Z] GET /api/guests
[2026-03-28T14:30:08.100Z] GET /api/rsvps
[2026-03-28T14:30:13.090Z] GET /api/users
[2026-03-28T14:30:13.092Z] GET /api/guests
[2026-03-28T14:30:13.094Z] GET /api/rsvps
[2026-03-28T14:30:18.089Z] GET /api/users
[2026-03-28T14:30:18.092Z] GET /api/guests
[2026-03-28T14:30:18.094Z] GET /api/rsvps
[2026-03-28T14:30:23.089Z] GET /api/users
[2026-03-28T14:30:23.092Z] GET /api/guests
[2026-03-28T14:30:23.093Z] GET /api/rsvps
[2026-03-28T14:30:24.519Z] GET /api/users
[2026-03-28T14:30:24.521Z] GET /api/rsvps
[2026-03-28T14:30:24.521Z] GET /api/guests
[2026-03-28T14:30:25.348Z] GET /api/guests
[2026-03-28T14:30:25.349Z] GET /api/users
[2026-03-28T14:30:25.349Z] GET /api/rsvps
[2026-03-28T14:30:29.515Z] GET /api/users
[2026-03-28T14:30:29.516Z] GET /api/guests
[2026-03-28T14:30:29.519Z] GET /api/rsvps
[2026-03-28T14:30:31.311Z] GET /api/users
[2026-03-28T14:30:31.312Z] GET /api/guests
[2026-03-28T14:30:31.314Z] GET /api/rsvps
[2026-03-28T14:30:34.521Z] GET /api/users
[2026-03-28T14:30:34.523Z] GET /api/guests
[2026-03-28T14:30:34.524Z] GET /api/rsvps
[2026-03-28T14:30:36.309Z] GET /api/users
[2026-03-28T14:30:36.310Z] GET /api/guests
[2026-03-28T14:30:36.311Z] GET /api/rsvps
[2026-03-28T14:30:39.514Z] GET /api/users
[2026-03-28T14:30:39.516Z] GET /api/guests
[2026-03-28T14:30:39.517Z] GET /api/rsvps
[2026-03-28T14:30:41.311Z] GET /api/users
[2026-03-28T14:30:41.312Z] GET /api/guests
[2026-03-28T14:30:41.313Z] GET /api/rsvps
[2026-03-28T14:30:44.515Z] GET /api/users
[2026-03-28T14:30:44.516Z] GET /api/guests
[2026-03-28T14:30:44.519Z] GET /api/rsvps
[2026-03-28T14:30:46.310Z] GET /api/users
[2026-03-28T14:30:46.311Z] GET /api/guests
[2026-03-28T14:30:46.313Z] GET /api/rsvps
[2026-03-28T14:30:46.804Z] POST /api/rsvp
[2026-03-28T14:30:49.516Z] GET /api/guests
[2026-03-28T14:30:49.517Z] GET /api/rsvps
[2026-03-28T14:30:49.518Z] GET /api/users
[2026-03-28T14:30:51.311Z] GET /api/users
[2026-03-28T14:30:51.312Z] GET /api/guests
[2026-03-28T14:30:51.314Z] GET /api/rsvps
[2026-03-28T14:30:51.933Z] POST /api/login
[2026-03-28T14:30:54.525Z] GET /api/users
[2026-03-28T14:30:54.528Z] GET /api/guests
[2026-03-28T14:30:54.531Z] GET /api/rsvps
[2026-03-28T14:30:59.517Z] GET /api/users
[2026-03-28T14:30:59.517Z] GET /api/guests
[2026-03-28T14:30:59.518Z] GET /api/rsvps
[2026-03-28T14:31:04.520Z] GET /api/users
[2026-03-28T14:31:04.522Z] GET /api/guests
[2026-03-28T14:31:04.524Z] GET /api/rsvps
[2026-03-28T14:31:05.319Z] GET /api/users
[2026-03-28T14:31:05.321Z] GET /api/guests
[2026-03-28T14:31:05.323Z] GET /api/rsvps
[2026-03-28T14:31:09.518Z] GET /api/users
[2026-03-28T14:31:09.519Z] GET /api/guests
[2026-03-28T14:31:09.522Z] GET /api/rsvps
[2026-03-28T14:31:14.517Z] GET /api/users
[2026-03-28T14:31:14.518Z] GET /api/guests
[2026-03-28T14:31:14.520Z] GET /api/rsvps
[2026-03-28T14:31:19.515Z] GET /api/users
[2026-03-28T14:31:19.516Z] GET /api/guests
[2026-03-28T14:31:19.517Z] GET /api/rsvps
[2026-03-28T14:31:24.516Z] GET /api/users
[2026-03-28T14:31:24.518Z] GET /api/guests
[2026-03-28T14:31:24.520Z] GET /api/rsvps
[2026-03-28T14:31:29.514Z] GET /api/users
[2026-03-28T14:31:29.515Z] GET /api/guests
[2026-03-28T14:31:29.516Z] GET /api/rsvps
[2026-03-28T14:31:34.515Z] GET /api/users
[2026-03-28T14:31:34.516Z] GET /api/guests
[2026-03-28T14:31:34.517Z] GET /api/rsvps
[2026-03-28T14:31:39.521Z] GET /api/users
[2026-03-28T14:31:39.522Z] GET /api/guests
[2026-03-28T14:31:39.525Z] GET /api/rsvps
[2026-03-28T14:31:44.518Z] GET /api/users
[2026-03-28T14:31:44.519Z] GET /api/guests
[2026-03-28T14:31:44.521Z] GET /api/rsvps
[2026-03-28T14:31:49.530Z] GET /api/users
[2026-03-28T14:31:49.530Z] GET /api/guests
[2026-03-28T14:31:49.531Z] GET /api/rsvps
[2026-03-28T14:31:54.522Z] GET /api/users
[2026-03-28T14:31:54.524Z] GET /api/guests
[2026-03-28T14:31:54.526Z] GET /api/rsvps
[2026-03-28T14:31:59.520Z] GET /api/users
[2026-03-28T14:31:59.522Z] GET /api/guests
[2026-03-28T14:31:59.523Z] GET /api/rsvps
[2026-03-28T14:32:04.519Z] GET /api/users
[2026-03-28T14:32:04.524Z] GET /api/guests
[2026-03-28T14:32:04.527Z] GET /api/rsvps
[2026-03-28T14:32:05.330Z] GET /api/users
[2026-03-28T14:32:05.331Z] GET /api/guests
[2026-03-28T14:32:05.332Z] GET /api/rsvps
[2026-03-28T14:32:09.519Z] GET /api/users
[2026-03-28T14:32:09.521Z] GET /api/guests
[2026-03-28T14:32:09.522Z] GET /api/rsvps
[2026-03-28T14:32:14.523Z] GET /api/users
[2026-03-28T14:32:14.524Z] GET /api/guests
[2026-03-28T14:32:14.526Z] GET /api/rsvps
[2026-03-28T14:32:19.524Z] GET /api/users
[2026-03-28T14:32:19.527Z] GET /api/guests
[2026-03-28T14:32:19.530Z] GET /api/rsvps
[2026-03-28T14:32:24.530Z] GET /api/users
[2026-03-28T14:32:24.531Z] GET /api/guests
[2026-03-28T14:32:24.533Z] GET /api/rsvps
[2026-03-28T14:32:29.521Z] GET /api/users
[2026-03-28T14:32:29.522Z] GET /api/guests
[2026-03-28T14:32:29.523Z] GET /api/rsvps
[2026-03-28T14:32:34.522Z] GET /api/users
[2026-03-28T14:32:34.524Z] GET /api/guests
[2026-03-28T14:32:34.524Z] GET /api/rsvps
[2026-03-28T14:32:39.530Z] GET /api/users
[2026-03-28T14:32:39.531Z] GET /api/guests
[2026-03-28T14:32:39.533Z] GET /api/rsvps
[2026-03-28T14:32:44.517Z] GET /api/users
[2026-03-28T14:32:44.518Z] GET /api/rsvps
[2026-03-28T14:32:44.518Z] GET /api/guests
[2026-03-28T14:32:49.525Z] GET /api/users
[2026-03-28T14:32:49.526Z] GET /api/guests
[2026-03-28T14:32:49.528Z] GET /api/rsvps
[2026-03-28T14:32:54.533Z] GET /api/users
[2026-03-28T14:32:54.536Z] GET /api/guests
[2026-03-28T14:32:54.537Z] GET /api/rsvps
[2026-03-28T14:32:59.528Z] GET /api/rsvps
[2026-03-28T14:32:59.530Z] GET /api/guests
[2026-03-28T14:32:59.531Z] GET /api/users
[2026-03-28T14:33:04.518Z] GET /api/users
[2026-03-28T14:33:04.519Z] GET /api/guests
[2026-03-28T14:33:04.520Z] GET /api/rsvps
[2026-03-28T14:33:05.339Z] GET /api/users
[2026-03-28T14:33:05.340Z] GET /api/guests
[2026-03-28T14:33:05.341Z] GET /api/rsvps
[2026-03-28T14:33:09.519Z] GET /api/users
[2026-03-28T14:33:09.520Z] GET /api/guests
[2026-03-28T14:33:09.521Z] GET /api/rsvps
[2026-03-28T14:33:14.525Z] GET /api/users
[2026-03-28T14:33:14.526Z] GET /api/rsvps
[2026-03-28T14:33:14.528Z] GET /api/guests
[2026-03-28T14:33:15.755Z] POST /api/guests
[2026-03-28T14:33:15.777Z] GET /api/guests
[2026-03-28T14:33:15.778Z] GET /api/users
[2026-03-28T14:33:15.781Z] GET /api/rsvps
[2026-03-28T14:33:17.898Z] POST /api/users
[2026-03-28T14:33:17.909Z] GET /api/users
[2026-03-28T14:33:17.910Z] GET /api/rsvps
[2026-03-28T14:33:17.912Z] GET /api/guests
[2026-03-28T14:33:19.518Z] GET /api/users
[2026-03-28T14:33:19.519Z] GET /api/guests
[2026-03-28T14:33:19.520Z] GET /api/rsvps
[2026-03-28T14:33:22.466Z] POST /api/login
[2026-03-28T14:33:24.524Z] GET /api/users
[2026-03-28T14:33:24.526Z] GET /api/guests
[2026-03-28T14:33:24.528Z] GET /api/rsvps
[2026-03-28T14:33:29.519Z] GET /api/users
[2026-03-28T14:33:29.521Z] GET /api/guests
[2026-03-28T14:33:29.522Z] GET /api/rsvps
[2026-03-28T14:33:34.519Z] GET /api/users
[2026-03-28T14:33:34.520Z] GET /api/guests
[2026-03-28T14:33:34.523Z] GET /api/rsvps
[2026-03-28T14:33:39.516Z] GET /api/users
[2026-03-28T14:33:39.517Z] GET /api/guests
[2026-03-28T14:33:39.519Z] GET /api/rsvps
[2026-03-28T14:33:44.522Z] GET /api/users
[2026-03-28T14:33:44.523Z] GET /api/guests
[2026-03-28T14:33:44.525Z] GET /api/rsvps
[2026-03-28T14:33:49.521Z] GET /api/users
[2026-03-28T14:33:49.523Z] GET /api/guests
[2026-03-28T14:33:49.525Z] GET /api/rsvps
[2026-03-28T14:33:49.964Z] POST /api/rsvp
[2026-03-28T14:33:54.518Z] GET /api/users
[2026-03-28T14:33:54.519Z] GET /api/guests
[2026-03-28T14:33:54.522Z] GET /api/rsvps
[2026-03-28T14:33:57.280Z] POST /api/login
[2026-03-28T14:33:59.517Z] GET /api/users
[2026-03-28T14:33:59.518Z] GET /api/guests
[2026-03-28T14:33:59.520Z] GET /api/rsvps
[2026-03-28T14:34:04.518Z] GET /api/users
[2026-03-28T14:34:04.520Z] GET /api/guests
[2026-03-28T14:34:04.520Z] GET /api/rsvps
[2026-03-28T14:34:05.370Z] GET /api/users
[2026-03-28T14:34:05.371Z] GET /api/guests
[2026-03-28T14:34:05.372Z] GET /api/rsvps
[2026-03-28T14:34:09.529Z] GET /api/users
[2026-03-28T14:34:09.537Z] GET /api/guests
[2026-03-28T14:34:09.538Z] GET /api/rsvps
[2026-03-28T14:34:14.525Z] GET /api/users
[2026-03-28T14:34:14.526Z] GET /api/guests
[2026-03-28T14:34:14.527Z] GET /api/rsvps
[2026-03-28T14:34:19.520Z] GET /api/users
[2026-03-28T14:34:19.521Z] GET /api/guests
[2026-03-28T14:34:19.522Z] GET /api/rsvps
[2026-03-28T14:34:24.515Z] GET /api/users
[2026-03-28T14:34:24.516Z] GET /api/guests
[2026-03-28T14:34:24.516Z] GET /api/rsvps
[2026-03-28T14:34:29.516Z] GET /api/users
[2026-03-28T14:34:29.517Z] GET /api/guests
[2026-03-28T14:34:29.517Z] GET /api/rsvps
[2026-03-28T14:34:34.517Z] GET /api/users
[2026-03-28T14:34:34.517Z] GET /api/guests
[2026-03-28T14:34:34.518Z] GET /api/rsvps
[2026-03-28T14:34:39.530Z] GET /api/users
[2026-03-28T14:34:39.533Z] GET /api/guests
[2026-03-28T14:34:39.534Z] GET /api/rsvps
[2026-03-28T14:34:44.524Z] GET /api/users
[2026-03-28T14:34:44.528Z] GET /api/guests
[2026-03-28T14:34:44.530Z] GET /api/rsvps
[2026-03-28T14:35:03.832Z] POST /api/content/home_data
[2026-03-28T14:35:05.426Z] GET /api/users
[2026-03-28T14:35:05.429Z] GET /api/guests
[2026-03-28T14:35:05.430Z] GET /api/rsvps
[2026-03-28T14:35:06.004Z] GET /api/content/home_data
[2026-03-28T14:35:06.004Z] GET /api/content/events
[2026-03-28T14:35:06.005Z] GET /api/content/gallery
[2026-03-28T14:35:06.006Z] GET /api/content/moments
[2026-03-28T14:35:06.010Z] GET /api/content/stories
[2026-03-28T14:35:06.010Z] GET /api/content/contact_data
[2026-03-28T14:35:06.027Z] GET /api/content/family_people
[2026-03-28T14:35:06.028Z] GET /api/content/groom_family_links
[2026-03-28T14:35:06.029Z] GET /api/content/groom_family_families
[2026-03-28T14:35:06.030Z] GET /api/content/family_families
[2026-03-28T14:35:06.031Z] GET /api/content/groom_family_people
[2026-03-28T14:35:06.032Z] GET /api/content/family_links
[2026-03-28T14:35:06.033Z] GET /api/rsvps
[2026-03-28T14:35:06.036Z] GET /api/content/gallery
[2026-03-28T14:35:06.037Z] GET /api/content/events
[2026-03-28T14:35:06.037Z] GET /api/content/contact_data
[2026-03-28T14:35:06.037Z] GET /api/content/home_data
[2026-03-28T14:35:06.039Z] GET /api/content/stories
[2026-03-28T14:35:06.042Z] GET /api/content/moments
[2026-03-28T14:35:06.043Z] GET /api/content/family_people
[2026-03-28T14:35:06.044Z] GET /api/content/groom_family_links
[2026-03-28T14:35:06.044Z] GET /api/content/groom_family_families
[2026-03-28T14:35:06.045Z] GET /api/content/family_families
[2026-03-28T14:35:06.046Z] GET /api/content/groom_family_people
[2026-03-28T14:35:06.047Z] GET /api/content/family_links
[2026-03-28T14:35:06.047Z] GET /api/rsvps
[2026-03-28T14:36:05.339Z] GET /api/rsvps
[2026-03-28T14:36:05.346Z] GET /api/users
[2026-03-28T14:36:05.347Z] GET /api/guests
[2026-03-28T14:37:05.323Z] GET /api/users
[2026-03-28T14:37:05.325Z] GET /api/guests
[2026-03-28T14:37:05.328Z] GET /api/rsvps
[2026-03-28T14:38:05.373Z] GET /api/users
[2026-03-28T14:38:05.384Z] GET /api/guests
[2026-03-28T14:38:05.386Z] GET /api/rsvps
[2026-03-28T14:39:05.341Z] GET /api/users
[2026-03-28T14:39:05.344Z] GET /api/rsvps
[2026-03-28T14:39:05.347Z] GET /api/guests
[2026-03-28T14:40:05.338Z] GET /api/users
[2026-03-28T14:40:05.341Z] GET /api/guests
[2026-03-28T14:40:05.342Z] GET /api/rsvps
[2026-03-28T14:41:05.334Z] GET /api/users
[2026-03-28T14:41:05.340Z] GET /api/guests
[2026-03-28T14:41:05.340Z] GET /api/rsvps
[2026-03-28T14:42:05.400Z] GET /api/users
[2026-03-28T14:42:05.451Z] GET /api/guests
[2026-03-28T14:42:05.452Z] GET /api/rsvps
[2026-03-28T14:43:05.330Z] GET /api/users
[2026-03-28T14:43:05.334Z] GET /api/guests
[2026-03-28T14:43:05.337Z] GET /api/rsvps
[2026-03-28T14:43:30.356Z] GET /api/users
[2026-03-28T14:43:30.361Z] GET /api/guests
[2026-03-28T14:43:30.361Z] GET /api/rsvps
[2026-03-28T14:43:36.329Z] GET /api/users
[2026-03-28T14:43:36.331Z] GET /api/guests
[2026-03-28T14:43:36.332Z] GET /api/rsvps
[2026-03-28T14:43:41.313Z] GET /api/users
[2026-03-28T14:43:41.313Z] GET /api/guests
[2026-03-28T14:43:41.314Z] GET /api/rsvps
[2026-03-28T14:43:46.499Z] GET /api/users
[2026-03-28T14:43:46.530Z] GET /api/rsvps
[2026-03-28T14:43:46.536Z] GET /api/guests
[2026-03-28T14:43:51.324Z] GET /api/users
[2026-03-28T14:43:51.330Z] GET /api/guests
[2026-03-28T14:43:51.331Z] GET /api/rsvps
[2026-03-28T14:43:56.339Z] GET /api/users
[2026-03-28T14:43:56.346Z] GET /api/guests
[2026-03-28T14:43:56.346Z] GET /api/rsvps
[2026-03-28T14:44:05.525Z] GET /api/guests
[2026-03-28T14:44:05.538Z] GET /api/users
[2026-03-28T14:44:05.539Z] GET /api/rsvps
[2026-03-28T14:45:05.347Z] GET /api/users
[2026-03-28T14:45:05.354Z] GET /api/guests
[2026-03-28T14:45:05.355Z] GET /api/rsvps
[2026-03-28T14:45:28.746Z] GET /api/users
[2026-03-28T14:45:28.748Z] GET /api/guests
[2026-03-28T14:45:28.748Z] GET /api/rsvps
[2026-03-28T14:45:28.755Z] GET /api/users
[2026-03-28T14:45:28.755Z] GET /api/guests
[2026-03-28T14:45:28.758Z] GET /api/rsvps
[2026-03-28T14:45:33.746Z] GET /api/users
[2026-03-28T14:45:33.747Z] GET /api/guests
[2026-03-28T14:45:33.748Z] GET /api/rsvps
[2026-03-28T14:45:38.747Z] GET /api/users
[2026-03-28T14:45:38.748Z] GET /api/guests
[2026-03-28T14:45:38.749Z] GET /api/rsvps
[2026-03-28T14:45:43.747Z] GET /api/users
[2026-03-28T14:45:43.747Z] GET /api/guests
[2026-03-28T14:45:43.749Z] GET /api/rsvps
[2026-03-28T14:45:48.759Z] GET /api/users
[2026-03-28T14:45:48.761Z] GET /api/rsvps
[2026-03-28T14:45:48.761Z] GET /api/guests
[2026-03-28T14:45:53.760Z] GET /api/users
[2026-03-28T14:45:53.763Z] GET /api/guests
[2026-03-28T14:45:53.766Z] GET /api/rsvps
[2026-03-28T14:45:58.745Z] GET /api/users
[2026-03-28T14:45:58.746Z] GET /api/guests
[2026-03-28T14:45:58.748Z] GET /api/rsvps
[2026-03-28T14:46:03.748Z] GET /api/users
[2026-03-28T14:46:03.750Z] GET /api/guests
[2026-03-28T14:46:03.750Z] GET /api/rsvps
[2026-03-28T14:46:05.389Z] GET /api/users
[2026-03-28T14:46:05.390Z] GET /api/guests
[2026-03-28T14:46:05.394Z] GET /api/rsvps
[2026-03-28T14:46:08.746Z] GET /api/users
[2026-03-28T14:46:08.747Z] GET /api/guests
[2026-03-28T14:46:08.749Z] GET /api/rsvps
[2026-03-28T14:46:13.744Z] GET /api/users
[2026-03-28T14:46:13.745Z] GET /api/guests
[2026-03-28T14:46:13.746Z] GET /api/rsvps
[2026-03-28T14:46:18.744Z] GET /api/guests
[2026-03-28T14:46:18.745Z] GET /api/users
[2026-03-28T14:46:18.746Z] GET /api/rsvps
[2026-03-28T14:46:23.744Z] GET /api/users
[2026-03-28T14:46:23.745Z] GET /api/guests
[2026-03-28T14:46:23.746Z] GET /api/rsvps
[2026-03-28T14:46:28.746Z] GET /api/users
[2026-03-28T14:46:28.746Z] GET /api/guests
[2026-03-28T14:46:28.748Z] GET /api/rsvps
[2026-03-28T14:46:33.745Z] GET /api/users
[2026-03-28T14:46:33.746Z] GET /api/guests
[2026-03-28T14:46:33.747Z] GET /api/rsvps
[2026-03-28T14:46:38.746Z] GET /api/users
[2026-03-28T14:46:38.748Z] GET /api/guests
[2026-03-28T14:46:38.749Z] GET /api/rsvps
[2026-03-28T14:46:43.745Z] GET /api/users
[2026-03-28T14:46:43.746Z] GET /api/guests
[2026-03-28T14:46:43.747Z] GET /api/rsvps
[2026-03-28T14:46:48.745Z] GET /api/users
[2026-03-28T14:46:48.745Z] GET /api/guests
[2026-03-28T14:46:48.747Z] GET /api/rsvps
[2026-03-28T14:46:53.744Z] GET /api/users
[2026-03-28T14:46:53.745Z] GET /api/guests
[2026-03-28T14:46:53.746Z] GET /api/rsvps
[2026-03-28T14:46:58.745Z] GET /api/users
[2026-03-28T14:46:58.745Z] GET /api/guests
[2026-03-28T14:46:58.747Z] GET /api/rsvps
[2026-03-28T14:47:03.745Z] GET /api/users
[2026-03-28T14:47:03.746Z] GET /api/guests
[2026-03-28T14:47:03.747Z] GET /api/rsvps
[2026-03-28T14:47:05.323Z] GET /api/users
[2026-03-28T14:47:05.324Z] GET /api/guests
[2026-03-28T14:47:05.325Z] GET /api/rsvps
[2026-03-28T14:47:08.746Z] GET /api/users
[2026-03-28T14:47:08.747Z] GET /api/guests
[2026-03-28T14:47:08.749Z] GET /api/rsvps
[2026-03-28T14:47:13.745Z] GET /api/users
[2026-03-28T14:47:13.746Z] GET /api/guests
[2026-03-28T14:47:13.748Z] GET /api/rsvps
[2026-03-28T14:47:18.744Z] GET /api/guests
[2026-03-28T14:47:18.745Z] GET /api/users
[2026-03-28T14:47:18.747Z] GET /api/rsvps
[2026-03-28T14:47:23.746Z] GET /api/users
[2026-03-28T14:47:23.747Z] GET /api/rsvps
[2026-03-28T14:47:23.749Z] GET /api/guests
[2026-03-28T14:47:28.746Z] GET /api/users
[2026-03-28T14:47:28.748Z] GET /api/guests
[2026-03-28T14:47:28.750Z] GET /api/rsvps
[2026-03-28T14:47:29.161Z] POST /api/rsvp
[2026-03-28T14:47:33.750Z] GET /api/users
[2026-03-28T14:47:33.751Z] GET /api/guests
[2026-03-28T14:47:33.752Z] GET /api/rsvps
[2026-03-28T14:47:38.746Z] GET /api/users
[2026-03-28T14:47:38.746Z] GET /api/guests
[2026-03-28T14:47:38.748Z] GET /api/rsvps
[2026-03-28T14:47:42.165Z] GET /api/content/gallery
[2026-03-28T14:47:42.168Z] GET /api/content/events
[2026-03-28T14:47:42.168Z] GET /api/content/home_data
[2026-03-28T14:47:42.169Z] GET /api/content/moments
[2026-03-28T14:47:42.170Z] GET /api/content/stories
[2026-03-28T14:47:42.171Z] GET /api/content/family_people
[2026-03-28T14:47:42.200Z] GET /api/content/family_families
[2026-03-28T14:47:42.201Z] GET /api/content/family_links
[2026-03-28T14:47:42.202Z] GET /api/content/contact_data
[2026-03-28T14:47:42.208Z] GET /api/content/groom_family_families
[2026-03-28T14:47:42.208Z] GET /api/content/groom_family_people
[2026-03-28T14:47:42.223Z] GET /api/content/groom_family_links
[2026-03-28T14:47:42.225Z] GET /api/rsvps
[2026-03-28T14:47:42.229Z] GET /api/content/events
[2026-03-28T14:47:42.229Z] GET /api/content/gallery
[2026-03-28T14:47:42.235Z] GET /api/content/family_people
[2026-03-28T14:47:42.239Z] GET /api/content/family_families
[2026-03-28T14:47:42.241Z] GET /api/content/family_links
[2026-03-28T14:47:42.243Z] GET /api/content/groom_family_families
[2026-03-28T14:47:42.248Z] GET /api/content/groom_family_people
[2026-03-28T14:47:42.250Z] GET /api/content/contact_data
[2026-03-28T14:47:42.254Z] GET /api/content/moments
[2026-03-28T14:47:42.262Z] GET /api/content/home_data
[2026-03-28T14:47:42.265Z] GET /api/content/groom_family_links
[2026-03-28T14:47:42.266Z] GET /api/rsvps
[2026-03-28T14:47:42.268Z] GET /api/content/stories
[2026-03-28T14:47:52.643Z] GET /api/guests
[2026-03-28T14:47:52.651Z] GET /api/users
[2026-03-28T14:47:52.653Z] GET /api/rsvps
[2026-03-28T14:47:55.355Z] GET /api/users
[2026-03-28T14:47:55.356Z] GET /api/guests
[2026-03-28T14:47:55.357Z] GET /api/rsvps
[2026-03-28T14:48:05.340Z] POST /api/login
[2026-03-28T14:48:05.515Z] GET /api/users
[2026-03-28T14:48:05.516Z] GET /api/guests
[2026-03-28T14:48:05.518Z] GET /api/rsvps
[2026-03-28T14:48:05.523Z] GET /api/users
[2026-03-28T14:48:05.525Z] GET /api/guests
[2026-03-28T14:48:05.530Z] GET /api/rsvps
[2026-03-28T14:48:10.518Z] GET /api/users
[2026-03-28T14:48:10.519Z] GET /api/guests
[2026-03-28T14:48:10.519Z] GET /api/rsvps
[2026-03-28T14:48:15.520Z] GET /api/users
[2026-03-28T14:48:15.521Z] GET /api/guests
[2026-03-28T14:48:15.522Z] GET /api/rsvps
[2026-03-28T14:48:20.524Z] GET /api/users
[2026-03-28T14:48:20.525Z] GET /api/guests
[2026-03-28T14:48:20.527Z] GET /api/rsvps
[2026-03-28T14:48:25.031Z] GET /api/users
[2026-03-28T14:48:25.033Z] GET /api/guests
[2026-03-28T14:48:25.036Z] GET /api/rsvps
[2026-03-28T14:48:25.038Z] GET /api/users
[2026-03-28T14:48:25.043Z] GET /api/guests
[2026-03-28T14:48:25.049Z] GET /api/rsvps
[2026-03-28T14:48:30.034Z] GET /api/users
[2026-03-28T14:48:30.035Z] GET /api/guests
[2026-03-28T14:48:30.035Z] GET /api/rsvps
[2026-03-28T14:48:34.821Z] POST /api/login
[2026-03-28T14:48:35.035Z] GET /api/users
[2026-03-28T14:48:35.040Z] GET /api/guests
[2026-03-28T14:48:35.042Z] GET /api/rsvps
[2026-03-28T14:48:40.035Z] GET /api/users
[2026-03-28T14:48:40.040Z] GET /api/guests
[2026-03-28T14:48:40.042Z] GET /api/rsvps
[2026-03-28T14:48:45.028Z] GET /api/users
[2026-03-28T14:48:45.029Z] GET /api/guests
[2026-03-28T14:48:45.030Z] GET /api/rsvps
[2026-03-28T14:48:50.029Z] GET /api/users
[2026-03-28T14:48:50.030Z] GET /api/guests
[2026-03-28T14:48:50.031Z] GET /api/rsvps
[2026-03-28T14:48:55.028Z] GET /api/users
[2026-03-28T14:48:55.029Z] GET /api/guests
[2026-03-28T14:48:55.030Z] GET /api/rsvps
[2026-03-28T14:49:00.030Z] GET /api/users
[2026-03-28T14:49:00.031Z] GET /api/guests
[2026-03-28T14:49:00.033Z] GET /api/rsvps
[2026-03-28T14:49:01.468Z] POST /api/rsvp
[2026-03-28T14:49:05.029Z] GET /api/users
[2026-03-28T14:49:05.030Z] GET /api/guests
[2026-03-28T14:49:05.031Z] GET /api/rsvps
[2026-03-28T14:49:06.504Z] GET /api/content/events
[2026-03-28T14:49:06.505Z] GET /api/content/moments
[2026-03-28T14:49:06.505Z] GET /api/content/home_data
[2026-03-28T14:49:06.505Z] GET /api/content/contact_data
[2026-03-28T14:49:06.506Z] GET /api/content/family_people
[2026-03-28T14:49:06.506Z] GET /api/content/gallery
[2026-03-28T14:49:06.512Z] GET /api/content/stories
[2026-03-28T14:49:06.513Z] GET /api/content/family_families
[2026-03-28T14:49:06.527Z] GET /api/content/family_links
[2026-03-28T14:49:06.528Z] GET /api/content/groom_family_people
[2026-03-28T14:49:06.528Z] GET /api/rsvps
[2026-03-28T14:49:06.528Z] GET /api/content/groom_family_links
[2026-03-28T14:49:06.528Z] GET /api/content/groom_family_families
[2026-03-28T14:49:06.528Z] GET /api/content/events
[2026-03-28T14:49:06.535Z] GET /api/content/moments
[2026-03-28T14:49:06.537Z] GET /api/content/home_data
[2026-03-28T14:49:06.540Z] GET /api/users
[2026-03-28T14:49:06.541Z] GET /api/guests
[2026-03-28T14:49:06.541Z] GET /api/content/contact_data
[2026-03-28T14:49:06.542Z] GET /api/content/gallery
[2026-03-28T14:49:06.543Z] GET /api/content/family_people
[2026-03-28T14:49:06.543Z] GET /api/content/stories
[2026-03-28T14:49:06.544Z] GET /api/content/family_families
[2026-03-28T14:49:06.545Z] GET /api/content/family_links
[2026-03-28T14:49:06.545Z] GET /api/content/groom_family_people
[2026-03-28T14:49:06.546Z] GET /api/content/groom_family_families
[2026-03-28T14:49:06.547Z] GET /api/content/groom_family_links
[2026-03-28T14:49:06.547Z] GET /api/rsvps
[2026-03-28T14:49:06.548Z] GET /api/users
[2026-03-28T14:49:06.548Z] GET /api/guests
[2026-03-28T14:49:06.551Z] GET /api/rsvps
[2026-03-28T14:49:06.559Z] GET /api/rsvps
[2026-03-28T14:49:11.524Z] GET /api/users
[2026-03-28T14:49:11.525Z] GET /api/guests
[2026-03-28T14:49:11.526Z] GET /api/rsvps
[2026-03-28T14:49:16.523Z] GET /api/users
[2026-03-28T14:49:16.524Z] GET /api/guests
[2026-03-28T14:49:16.525Z] GET /api/rsvps
[2026-03-28T14:49:21.525Z] GET /api/users
[2026-03-28T14:49:21.526Z] GET /api/guests
[2026-03-28T14:49:21.527Z] GET /api/rsvps
[2026-03-28T14:49:27.214Z] GET /api/users
[2026-03-28T14:49:27.215Z] GET /api/rsvps
[2026-03-28T14:49:27.217Z] GET /api/guests
[2026-03-28T14:49:27.224Z] GET /api/users
[2026-03-28T14:49:27.232Z] GET /api/guests
[2026-03-28T14:49:27.233Z] GET /api/rsvps
[2026-03-28T14:49:32.210Z] GET /api/users
[2026-03-28T14:49:32.211Z] GET /api/guests
[2026-03-28T14:49:32.213Z] GET /api/rsvps
[2026-03-28T14:49:37.208Z] GET /api/users
[2026-03-28T14:49:37.209Z] GET /api/guests
[2026-03-28T14:49:37.211Z] GET /api/rsvps
[2026-03-28T14:49:42.210Z] GET /api/users
[2026-03-28T14:49:42.211Z] GET /api/guests
[2026-03-28T14:49:42.213Z] GET /api/rsvps
[2026-03-28T14:49:47.208Z] GET /api/users
[2026-03-28T14:49:47.209Z] GET /api/guests
[2026-03-28T14:49:47.211Z] GET /api/rsvps
[2026-03-28T14:49:52.210Z] GET /api/guests
[2026-03-28T14:49:52.211Z] GET /api/rsvps
[2026-03-28T14:49:52.212Z] GET /api/users
[2026-03-28T14:49:57.065Z] POST /api/rsvp
[2026-03-28T14:49:57.066Z] GET /api/users
[2026-03-28T14:49:57.067Z] GET /api/guests
[2026-03-28T14:49:57.069Z] GET /api/rsvps
[2026-03-28T14:49:57.207Z] GET /api/users
[2026-03-28T14:49:57.208Z] GET /api/guests
[2026-03-28T14:49:57.209Z] GET /api/rsvps
[2026-03-28T14:50:02.208Z] GET /api/users
[2026-03-28T14:50:02.209Z] GET /api/guests
[2026-03-28T14:50:02.211Z] GET /api/rsvps
[2026-03-28T14:50:07.208Z] GET /api/users
[2026-03-28T14:50:07.209Z] GET /api/guests
[2026-03-28T14:50:07.210Z] GET /api/rsvps
[2026-03-28T14:50:11.489Z] GET /api/content/moments
[2026-03-28T14:50:11.490Z] GET /api/content/events
[2026-03-28T14:50:11.491Z] GET /api/content/gallery
[2026-03-28T14:50:11.492Z] GET /api/content/stories
[2026-03-28T14:50:11.493Z] GET /api/content/home_data
[2026-03-28T14:50:11.493Z] GET /api/content/contact_data
[2026-03-28T14:50:11.497Z] GET /api/content/family_links
[2026-03-28T14:50:11.497Z] GET /api/content/family_people
[2026-03-28T14:50:11.498Z] GET /api/content/groom_family_people
[2026-03-28T14:50:11.498Z] GET /api/content/family_families
[2026-03-28T14:50:11.499Z] GET /api/content/groom_family_families
[2026-03-28T14:50:11.500Z] GET /api/content/groom_family_links
[2026-03-28T14:50:11.501Z] GET /api/rsvps
[2026-03-28T14:50:11.501Z] GET /api/content/events
[2026-03-28T14:50:11.501Z] GET /api/content/moments
[2026-03-28T14:50:11.502Z] GET /api/content/gallery
[2026-03-28T14:50:11.504Z] GET /api/content/contact_data
[2026-03-28T14:50:11.504Z] GET /api/content/stories
[2026-03-28T14:50:11.504Z] GET /api/content/home_data
[2026-03-28T14:50:11.504Z] GET /api/content/family_links
[2026-03-28T14:50:11.505Z] GET /api/content/family_people
[2026-03-28T14:50:11.507Z] GET /api/content/groom_family_people
[2026-03-28T14:50:11.508Z] GET /api/content/family_families
[2026-03-28T14:50:11.511Z] GET /api/content/groom_family_families
[2026-03-28T14:50:11.516Z] GET /api/content/groom_family_links
[2026-03-28T14:50:11.517Z] GET /api/rsvps
[2026-03-28T14:50:12.213Z] GET /api/users
[2026-03-28T14:50:12.217Z] GET /api/guests
[2026-03-28T14:50:12.218Z] GET /api/rsvps
[2026-03-28T14:50:17.208Z] GET /api/users
[2026-03-28T14:50:17.209Z] GET /api/guests
[2026-03-28T14:50:17.211Z] GET /api/rsvps
[2026-03-28T14:50:22.208Z] GET /api/users
[2026-03-28T14:50:22.209Z] GET /api/guests
[2026-03-28T14:50:22.212Z] GET /api/rsvps
[2026-03-28T14:50:27.211Z] GET /api/rsvps
[2026-03-28T14:50:27.211Z] GET /api/guests
[2026-03-28T14:50:27.215Z] GET /api/users
[2026-03-28T14:50:29.265Z] POST /api/rsvp
[2026-03-28T14:50:29.266Z] GET /api/users
[2026-03-28T14:50:29.270Z] GET /api/guests
[2026-03-28T14:50:29.272Z] GET /api/rsvps
[2026-03-28T14:50:32.207Z] GET /api/users
[2026-03-28T14:50:32.208Z] GET /api/guests
[2026-03-28T14:50:32.208Z] GET /api/rsvps
[2026-03-28T14:50:33.599Z] GET /api/content/events
[2026-03-28T14:50:33.599Z] GET /api/content/gallery
[2026-03-28T14:50:33.599Z] GET /api/content/home_data
[2026-03-28T14:50:33.600Z] GET /api/content/family_people
[2026-03-28T14:50:33.600Z] GET /api/content/family_families
[2026-03-28T14:50:33.601Z] GET /api/content/family_links
[2026-03-28T14:50:33.605Z] GET /api/content/stories
[2026-03-28T14:50:33.605Z] GET /api/content/moments
[2026-03-28T14:50:33.607Z] GET /api/content/contact_data
[2026-03-28T14:50:33.607Z] GET /api/content/groom_family_people
[2026-03-28T14:50:33.609Z] GET /api/content/groom_family_families
[2026-03-28T14:50:33.610Z] GET /api/content/groom_family_links
[2026-03-28T14:50:33.610Z] GET /api/rsvps
[2026-03-28T14:50:33.612Z] GET /api/content/gallery
[2026-03-28T14:50:33.612Z] GET /api/content/events
[2026-03-28T14:50:33.612Z] GET /api/content/home_data
[2026-03-28T14:50:33.613Z] GET /api/content/family_people
[2026-03-28T14:50:33.615Z] GET /api/content/family_families
[2026-03-28T14:50:33.616Z] GET /api/content/family_links
[2026-03-28T14:50:33.617Z] GET /api/content/stories
[2026-03-28T14:50:33.618Z] GET /api/content/contact_data
[2026-03-28T14:50:33.620Z] GET /api/content/moments
[2026-03-28T14:50:33.620Z] GET /api/content/groom_family_people
[2026-03-28T14:50:33.620Z] GET /api/content/groom_family_families
[2026-03-28T14:50:33.621Z] GET /api/content/groom_family_links
[2026-03-28T14:50:33.623Z] GET /api/rsvps
[2026-03-28T14:50:34.792Z] GET /api/content/events
[2026-03-28T14:50:34.793Z] GET /api/content/gallery
[2026-03-28T14:50:34.793Z] GET /api/content/moments
[2026-03-28T14:50:34.793Z] GET /api/content/home_data
[2026-03-28T14:50:34.793Z] GET /api/content/stories
[2026-03-28T14:50:34.794Z] GET /api/content/contact_data
[2026-03-28T14:50:34.799Z] GET /api/content/family_people
[2026-03-28T14:50:34.799Z] GET /api/content/family_families
[2026-03-28T14:50:34.800Z] GET /api/content/family_links
[2026-03-28T14:50:34.801Z] GET /api/content/groom_family_people
[2026-03-28T14:50:34.802Z] GET /api/content/groom_family_families
[2026-03-28T14:50:34.802Z] GET /api/content/groom_family_links
[2026-03-28T14:50:34.803Z] GET /api/rsvps
[2026-03-28T14:50:34.804Z] GET /api/content/events
[2026-03-28T14:50:34.805Z] GET /api/content/gallery
[2026-03-28T14:50:34.807Z] GET /api/content/moments
[2026-03-28T14:50:34.808Z] GET /api/content/home_data
[2026-03-28T14:50:34.816Z] GET /api/content/stories
[2026-03-28T14:50:34.817Z] GET /api/content/contact_data
[2026-03-28T14:50:34.817Z] GET /api/content/family_people
[2026-03-28T14:50:34.818Z] GET /api/content/family_families
[2026-03-28T14:50:34.818Z] GET /api/content/family_links
[2026-03-28T14:50:34.819Z] GET /api/content/groom_family_people
[2026-03-28T14:50:34.825Z] GET /api/content/groom_family_families
[2026-03-28T14:50:34.826Z] GET /api/content/groom_family_links
[2026-03-28T14:50:34.826Z] GET /api/rsvps
[2026-03-28T14:50:34.980Z] GET /api/content/events
[2026-03-28T14:50:34.980Z] GET /api/content/gallery
[2026-03-28T14:50:34.980Z] GET /api/content/moments
[2026-03-28T14:50:34.981Z] GET /api/content/home_data
[2026-03-28T14:50:34.981Z] GET /api/content/stories
[2026-03-28T14:50:34.984Z] GET /api/content/contact_data
[2026-03-28T14:50:34.997Z] GET /api/content/family_people
[2026-03-28T14:50:34.998Z] GET /api/content/family_families
[2026-03-28T14:50:34.998Z] GET /api/content/groom_family_people
[2026-03-28T14:50:34.998Z] GET /api/content/groom_family_families
[2026-03-28T14:50:34.999Z] GET /api/content/family_links
[2026-03-28T14:50:34.999Z] GET /api/content/groom_family_links
[2026-03-28T14:50:35.015Z] GET /api/rsvps
[2026-03-28T14:50:35.020Z] GET /api/content/events
[2026-03-28T14:50:35.023Z] GET /api/content/gallery
[2026-03-28T14:50:35.023Z] GET /api/content/moments
[2026-03-28T14:50:35.023Z] GET /api/content/home_data
[2026-03-28T14:50:35.038Z] GET /api/content/stories
[2026-03-28T14:50:35.041Z] GET /api/content/contact_data
[2026-03-28T14:50:35.042Z] GET /api/content/family_families
[2026-03-28T14:50:35.043Z] GET /api/content/family_people
[2026-03-28T14:50:35.043Z] GET /api/content/groom_family_people
[2026-03-28T14:50:35.044Z] GET /api/content/groom_family_families
[2026-03-28T14:50:35.045Z] GET /api/content/family_links
[2026-03-28T14:50:35.046Z] GET /api/content/groom_family_links
[2026-03-28T14:50:35.047Z] GET /api/rsvps
[2026-03-28T14:50:37.207Z] GET /api/users
[2026-03-28T14:50:37.208Z] GET /api/guests
[2026-03-28T14:50:37.209Z] GET /api/rsvps
[2026-03-28T14:50:42.208Z] GET /api/guests
[2026-03-28T14:50:42.209Z] GET /api/users
[2026-03-28T14:50:42.210Z] GET /api/rsvps
[2026-03-28T14:50:47.211Z] GET /api/users
[2026-03-28T14:50:47.213Z] GET /api/guests
[2026-03-28T14:50:47.214Z] GET /api/rsvps
[2026-03-28T14:50:48.284Z] POST /api/login
[2026-03-28T14:50:52.212Z] GET /api/users
[2026-03-28T14:50:52.213Z] GET /api/guests
[2026-03-28T14:50:52.213Z] GET /api/rsvps
[2026-03-28T14:50:57.210Z] GET /api/users
[2026-03-28T14:50:57.211Z] GET /api/guests
[2026-03-28T14:50:57.212Z] GET /api/rsvps
[2026-03-28T14:51:02.207Z] GET /api/users
[2026-03-28T14:51:02.208Z] GET /api/guests
[2026-03-28T14:51:02.210Z] GET /api/rsvps
[2026-03-28T14:51:07.208Z] GET /api/users
[2026-03-28T14:51:07.208Z] GET /api/guests
[2026-03-28T14:51:07.210Z] GET /api/rsvps
[2026-03-28T14:51:12.208Z] GET /api/users
[2026-03-28T14:51:12.209Z] GET /api/guests
[2026-03-28T14:51:12.210Z] GET /api/rsvps
[2026-03-28T14:51:17.211Z] GET /api/users
[2026-03-28T14:51:17.212Z] GET /api/guests
[2026-03-28T14:51:17.214Z] GET /api/rsvps
[2026-03-28T14:51:22.208Z] GET /api/users
[2026-03-28T14:51:22.209Z] GET /api/guests
[2026-03-28T14:51:22.212Z] GET /api/rsvps
[2026-03-28T14:51:27.208Z] GET /api/users
[2026-03-28T14:51:27.209Z] GET /api/guests
[2026-03-28T14:51:27.211Z] GET /api/rsvps
[2026-03-28T14:51:32.208Z] GET /api/users
[2026-03-28T14:51:32.209Z] GET /api/guests
[2026-03-28T14:51:32.210Z] GET /api/rsvps
[2026-03-28T14:51:37.208Z] GET /api/users
[2026-03-28T14:51:37.209Z] GET /api/guests
[2026-03-28T14:51:37.210Z] GET /api/rsvps
[2026-03-28T14:51:42.208Z] GET /api/users
[2026-03-28T14:51:42.209Z] GET /api/guests
[2026-03-28T14:51:42.210Z] GET /api/rsvps
[2026-03-28T14:51:47.208Z] GET /api/users
[2026-03-28T14:51:47.209Z] GET /api/guests
[2026-03-28T14:51:47.210Z] GET /api/rsvps
[2026-03-28T14:51:52.208Z] GET /api/users
[2026-03-28T14:51:52.209Z] GET /api/guests
[2026-03-28T14:51:52.210Z] GET /api/rsvps
[2026-03-28T14:51:57.209Z] GET /api/users
[2026-03-28T14:51:57.209Z] GET /api/guests
[2026-03-28T14:51:57.211Z] GET /api/rsvps
[2026-03-28T14:52:02.212Z] GET /api/users
[2026-03-28T14:52:02.213Z] GET /api/guests
[2026-03-28T14:52:02.215Z] GET /api/rsvps
[2026-03-28T14:52:07.209Z] GET /api/users
[2026-03-28T14:52:07.211Z] GET /api/guests
[2026-03-28T14:52:07.213Z] GET /api/rsvps
[2026-03-28T14:52:12.209Z] GET /api/users
[2026-03-28T14:52:12.210Z] GET /api/guests
[2026-03-28T14:52:12.212Z] GET /api/rsvps
[2026-03-28T14:52:17.208Z] GET /api/users
[2026-03-28T14:52:17.209Z] GET /api/guests
[2026-03-28T14:52:17.211Z] GET /api/rsvps
[2026-03-28T14:52:22.210Z] GET /api/users
[2026-03-28T14:52:22.211Z] GET /api/guests
[2026-03-28T14:52:22.213Z] GET /api/rsvps
[2026-03-28T14:52:27.208Z] GET /api/users
[2026-03-28T14:52:27.209Z] GET /api/guests
[2026-03-28T14:52:27.209Z] GET /api/rsvps
[2026-03-28T14:52:32.210Z] GET /api/users
[2026-03-28T14:52:32.211Z] GET /api/guests
[2026-03-28T14:52:32.211Z] GET /api/rsvps
[2026-03-28T14:52:37.208Z] GET /api/users
[2026-03-28T14:52:37.209Z] GET /api/guests
[2026-03-28T14:52:37.210Z] GET /api/rsvps
[2026-03-28T14:52:42.210Z] GET /api/users
[2026-03-28T14:52:42.211Z] GET /api/guests
[2026-03-28T14:52:42.212Z] GET /api/rsvps
[2026-03-28T14:52:47.209Z] GET /api/users
[2026-03-28T14:52:47.210Z] GET /api/guests
[2026-03-28T14:52:47.211Z] GET /api/rsvps
[2026-03-28T14:52:52.209Z] GET /api/guests
[2026-03-28T14:52:52.211Z] GET /api/users
[2026-03-28T14:52:52.212Z] GET /api/rsvps
[2026-03-28T14:52:57.209Z] GET /api/users
[2026-03-28T14:52:57.209Z] GET /api/guests
[2026-03-28T14:52:57.210Z] GET /api/rsvps
[2026-03-28T14:53:02.209Z] GET /api/guests
[2026-03-28T14:53:02.210Z] GET /api/users
[2026-03-28T14:53:02.210Z] GET /api/rsvps
[2026-03-28T14:53:07.209Z] GET /api/users
[2026-03-28T14:53:07.209Z] GET /api/guests
[2026-03-28T14:53:07.210Z] GET /api/rsvps
[2026-03-28T14:53:12.210Z] GET /api/users
[2026-03-28T14:53:12.212Z] GET /api/guests
[2026-03-28T14:53:12.213Z] GET /api/rsvps
[2026-03-28T14:53:17.209Z] GET /api/users
[2026-03-28T14:53:17.210Z] GET /api/guests
[2026-03-28T14:53:17.212Z] GET /api/rsvps
[2026-03-28T14:53:22.212Z] GET /api/users
[2026-03-28T14:53:22.213Z] GET /api/guests
[2026-03-28T14:53:22.215Z] GET /api/rsvps
[2026-03-28T14:53:27.214Z] GET /api/guests
[2026-03-28T14:53:27.215Z] GET /api/users
[2026-03-28T14:53:27.216Z] GET /api/rsvps
[2026-03-28T14:53:32.210Z] GET /api/users
[2026-03-28T14:53:32.211Z] GET /api/guests
[2026-03-28T14:53:32.213Z] GET /api/rsvps
[2026-03-28T14:53:37.208Z] GET /api/users
[2026-03-28T14:53:37.209Z] GET /api/guests
[2026-03-28T14:53:37.210Z] GET /api/rsvps
[2026-03-28T14:53:42.210Z] GET /api/users
[2026-03-28T14:53:42.211Z] GET /api/guests
[2026-03-28T14:53:42.212Z] GET /api/rsvps
[2026-03-28T14:53:47.210Z] GET /api/users
[2026-03-28T14:53:47.212Z] GET /api/guests
[2026-03-28T14:53:47.213Z] GET /api/rsvps
[2026-03-28T14:53:52.213Z] GET /api/users
[2026-03-28T14:53:52.214Z] GET /api/guests
[2026-03-28T14:53:52.215Z] GET /api/rsvps
[2026-03-28T14:53:57.209Z] GET /api/users
[2026-03-28T14:53:57.209Z] GET /api/guests
[2026-03-28T14:53:57.211Z] GET /api/rsvps
[2026-03-28T14:54:02.209Z] GET /api/users
[2026-03-28T14:54:02.210Z] GET /api/guests
[2026-03-28T14:54:02.211Z] GET /api/rsvps
[2026-03-28T14:54:07.210Z] GET /api/users
[2026-03-28T14:54:07.210Z] GET /api/guests
[2026-03-28T14:54:07.212Z] GET /api/rsvps
[2026-03-28T14:54:12.211Z] GET /api/users
[2026-03-28T14:54:12.212Z] GET /api/guests
[2026-03-28T14:54:12.214Z] GET /api/rsvps
[2026-03-28T14:54:17.209Z] GET /api/users
[2026-03-28T14:54:17.210Z] GET /api/guests
[2026-03-28T14:54:17.212Z] GET /api/rsvps
[2026-03-28T14:54:22.208Z] GET /api/users
[2026-03-28T14:54:22.209Z] GET /api/guests
[2026-03-28T14:54:22.210Z] GET /api/rsvps
[2026-03-28T14:54:27.210Z] GET /api/users
[2026-03-28T14:54:27.211Z] GET /api/guests
[2026-03-28T14:54:27.212Z] GET /api/rsvps
[2026-03-28T14:54:32.209Z] GET /api/users
[2026-03-28T14:54:32.210Z] GET /api/rsvps
[2026-03-28T14:54:32.211Z] GET /api/guests
[2026-03-28T14:54:37.214Z] GET /api/users
[2026-03-28T14:54:37.215Z] GET /api/guests
[2026-03-28T14:54:37.216Z] GET /api/rsvps
[2026-03-28T14:54:42.209Z] GET /api/users
[2026-03-28T14:54:42.210Z] GET /api/guests
[2026-03-28T14:54:42.211Z] GET /api/rsvps
[2026-03-28T14:54:47.207Z] GET /api/users
[2026-03-28T14:54:47.208Z] GET /api/guests
[2026-03-28T14:54:47.210Z] GET /api/rsvps
[2026-03-28T14:54:52.209Z] GET /api/users
[2026-03-28T14:54:52.210Z] GET /api/guests
[2026-03-28T14:54:52.211Z] GET /api/rsvps
[2026-03-28T14:54:57.209Z] GET /api/users
[2026-03-28T14:54:57.210Z] GET /api/guests
[2026-03-28T14:54:57.211Z] GET /api/rsvps
[2026-03-28T14:55:02.209Z] GET /api/users
[2026-03-28T14:55:02.210Z] GET /api/guests
[2026-03-28T14:55:02.212Z] GET /api/rsvps
[2026-03-28T14:55:07.219Z] GET /api/users
[2026-03-28T14:55:07.226Z] GET /api/guests
[2026-03-28T14:55:07.228Z] GET /api/rsvps
[2026-03-28T14:55:12.274Z] GET /api/users
[2026-03-28T14:55:12.281Z] GET /api/guests
[2026-03-28T14:55:12.281Z] GET /api/rsvps
[2026-03-28T14:55:17.215Z] GET /api/users
[2026-03-28T14:55:17.216Z] GET /api/guests
[2026-03-28T14:55:17.217Z] GET /api/rsvps
[2026-03-28T14:55:22.210Z] GET /api/users
[2026-03-28T14:55:22.211Z] GET /api/guests
[2026-03-28T14:55:22.212Z] GET /api/rsvps
[2026-03-28T14:55:27.209Z] GET /api/users
[2026-03-28T14:55:27.210Z] GET /api/guests
[2026-03-28T14:55:27.210Z] GET /api/rsvps
[2026-03-28T14:55:32.211Z] GET /api/guests
[2026-03-28T14:55:32.212Z] GET /api/users
[2026-03-28T14:55:32.213Z] GET /api/rsvps
[2026-03-28T14:55:37.209Z] GET /api/guests
[2026-03-28T14:55:37.210Z] GET /api/rsvps
[2026-03-28T14:55:37.212Z] GET /api/users
[2026-03-28T14:55:42.212Z] GET /api/users
[2026-03-28T14:55:42.214Z] GET /api/guests
[2026-03-28T14:55:42.216Z] GET /api/rsvps
[2026-03-28T14:55:47.209Z] GET /api/users
[2026-03-28T14:55:47.210Z] GET /api/guests
[2026-03-28T14:55:47.210Z] GET /api/rsvps
[2026-03-28T14:55:52.223Z] GET /api/users
[2026-03-28T14:55:52.225Z] GET /api/guests
[2026-03-28T14:55:52.226Z] GET /api/rsvps
[2026-03-28T14:55:57.217Z] GET /api/users
[2026-03-28T14:55:57.217Z] GET /api/rsvps
[2026-03-28T14:55:57.218Z] GET /api/guests
[2026-03-28T14:56:02.210Z] GET /api/guests
[2026-03-28T14:56:02.211Z] GET /api/users
[2026-03-28T14:56:02.212Z] GET /api/rsvps
[2026-03-28T14:56:07.212Z] GET /api/users
[2026-03-28T14:56:07.213Z] GET /api/guests
[2026-03-28T14:56:07.215Z] GET /api/rsvps
[2026-03-28T14:56:12.208Z] GET /api/users
[2026-03-28T14:56:12.209Z] GET /api/guests
[2026-03-28T14:56:12.210Z] GET /api/rsvps
[2026-03-28T14:56:17.209Z] GET /api/users
[2026-03-28T14:56:17.210Z] GET /api/guests
[2026-03-28T14:56:17.212Z] GET /api/rsvps
[2026-03-28T14:56:22.208Z] GET /api/users
[2026-03-28T14:56:22.209Z] GET /api/guests
[2026-03-28T14:56:22.210Z] GET /api/rsvps
[2026-03-28T14:56:27.218Z] GET /api/users
[2026-03-28T14:56:27.221Z] GET /api/guests
[2026-03-28T14:56:27.223Z] GET /api/rsvps
[2026-03-28T14:56:32.208Z] GET /api/users
[2026-03-28T14:56:32.209Z] GET /api/guests
[2026-03-28T14:56:32.211Z] GET /api/rsvps
[2026-03-28T14:56:37.209Z] GET /api/users
[2026-03-28T14:56:37.210Z] GET /api/guests
[2026-03-28T14:56:37.210Z] GET /api/rsvps
[2026-03-28T14:56:42.210Z] GET /api/rsvps
[2026-03-28T14:56:42.211Z] GET /api/users
[2026-03-28T14:56:42.211Z] GET /api/guests
[2026-03-28T14:56:47.208Z] GET /api/users
[2026-03-28T14:56:47.209Z] GET /api/guests
[2026-03-28T14:56:47.210Z] GET /api/rsvps
[2026-03-28T14:56:52.211Z] GET /api/users
[2026-03-28T14:56:52.212Z] GET /api/guests
[2026-03-28T14:56:52.214Z] GET /api/rsvps
[2026-03-28T14:56:57.209Z] GET /api/users
[2026-03-28T14:56:57.209Z] GET /api/guests
[2026-03-28T14:56:57.211Z] GET /api/rsvps
[2026-03-28T14:57:02.212Z] GET /api/users
[2026-03-28T14:57:02.213Z] GET /api/guests
[2026-03-28T14:57:02.214Z] GET /api/rsvps
[2026-03-28T14:57:07.209Z] GET /api/users
[2026-03-28T14:57:07.210Z] GET /api/rsvps
[2026-03-28T14:57:07.211Z] GET /api/guests
[2026-03-28T14:57:12.214Z] GET /api/users
[2026-03-28T14:57:12.216Z] GET /api/guests
[2026-03-28T14:57:12.219Z] GET /api/rsvps
[2026-03-28T14:57:17.210Z] GET /api/users
[2026-03-28T14:57:17.211Z] GET /api/guests
[2026-03-28T14:57:17.214Z] GET /api/rsvps
[2026-03-28T14:57:22.209Z] GET /api/users
[2026-03-28T14:57:22.210Z] GET /api/guests
[2026-03-28T14:57:22.212Z] GET /api/rsvps
[2026-03-28T14:57:27.217Z] GET /api/users
[2026-03-28T14:57:27.221Z] GET /api/guests
[2026-03-28T14:57:27.223Z] GET /api/rsvps
[2026-03-28T14:57:32.210Z] GET /api/users
[2026-03-28T14:57:32.211Z] GET /api/guests
[2026-03-28T14:57:32.213Z] GET /api/rsvps
[2026-03-28T14:57:37.217Z] GET /api/users
[2026-03-28T14:57:37.220Z] GET /api/guests
[2026-03-28T14:57:37.221Z] GET /api/rsvps
[2026-03-28T14:57:42.211Z] GET /api/users
[2026-03-28T14:57:42.212Z] GET /api/guests
[2026-03-28T14:57:42.212Z] GET /api/rsvps
[2026-03-28T14:57:47.208Z] GET /api/users
[2026-03-28T14:57:47.209Z] GET /api/rsvps
[2026-03-28T14:57:47.210Z] GET /api/guests
[2026-03-28T14:57:52.213Z] GET /api/users
[2026-03-28T14:57:52.214Z] GET /api/guests
[2026-03-28T14:57:52.216Z] GET /api/rsvps
[2026-03-28T14:57:58.069Z] GET /api/users
[2026-03-28T14:57:58.070Z] GET /api/rsvps
[2026-03-28T14:57:58.071Z] GET /api/guests
[2026-03-28T14:58:02.210Z] GET /api/users
[2026-03-28T14:58:02.211Z] GET /api/guests
[2026-03-28T14:58:02.212Z] GET /api/rsvps
[2026-03-28T14:58:07.212Z] GET /api/users
[2026-03-28T14:58:07.213Z] GET /api/guests
[2026-03-28T14:58:07.215Z] GET /api/rsvps
[2026-03-28T14:58:12.212Z] GET /api/users
[2026-03-28T14:58:12.213Z] GET /api/guests
[2026-03-28T14:58:12.214Z] GET /api/rsvps
[2026-03-28T14:58:17.212Z] GET /api/users
[2026-03-28T14:58:17.212Z] GET /api/guests
[2026-03-28T14:58:17.214Z] GET /api/rsvps
[2026-03-28T14:58:22.210Z] GET /api/users
[2026-03-28T14:58:22.211Z] GET /api/guests
[2026-03-28T14:58:22.212Z] GET /api/rsvps
[2026-03-28T14:58:27.210Z] GET /api/users
[2026-03-28T14:58:27.211Z] GET /api/guests
[2026-03-28T14:58:27.212Z] GET /api/rsvps
[2026-03-28T14:58:32.209Z] GET /api/users
[2026-03-28T14:58:32.210Z] GET /api/guests
[2026-03-28T14:58:32.212Z] GET /api/rsvps
[2026-03-28T14:58:37.211Z] GET /api/users
[2026-03-28T14:58:37.212Z] GET /api/guests
[2026-03-28T14:58:37.213Z] GET /api/rsvps
[2026-03-28T14:58:42.210Z] GET /api/users
[2026-03-28T14:58:42.211Z] GET /api/guests
[2026-03-28T14:58:42.212Z] GET /api/rsvps
[2026-03-28T14:58:47.210Z] GET /api/users
[2026-03-28T14:58:47.211Z] GET /api/guests
[2026-03-28T14:58:47.211Z] GET /api/rsvps
[2026-03-28T14:58:52.210Z] GET /api/users
[2026-03-28T14:58:52.211Z] GET /api/guests
[2026-03-28T14:58:52.213Z] GET /api/rsvps
[2026-03-28T14:58:57.212Z] GET /api/users
[2026-03-28T14:58:57.214Z] GET /api/guests
[2026-03-28T14:58:57.215Z] GET /api/rsvps
[2026-03-28T14:59:02.211Z] GET /api/users
[2026-03-28T14:59:02.212Z] GET /api/guests
[2026-03-28T14:59:02.213Z] GET /api/rsvps
[2026-03-28T14:59:07.211Z] GET /api/users
[2026-03-28T14:59:07.212Z] GET /api/guests
[2026-03-28T14:59:07.213Z] GET /api/rsvps
[2026-03-28T14:59:12.214Z] GET /api/users
[2026-03-28T14:59:12.216Z] GET /api/guests
[2026-03-28T14:59:12.219Z] GET /api/rsvps
[2026-03-28T14:59:17.212Z] GET /api/users
[2026-03-28T14:59:17.213Z] GET /api/guests
[2026-03-28T14:59:17.214Z] GET /api/rsvps
[2026-03-28T14:59:22.211Z] GET /api/users
[2026-03-28T14:59:22.211Z] GET /api/guests
[2026-03-28T14:59:22.213Z] GET /api/rsvps
[2026-03-28T14:59:27.212Z] GET /api/users
[2026-03-28T14:59:27.213Z] GET /api/guests
[2026-03-28T14:59:27.214Z] GET /api/rsvps
[2026-03-28T14:59:32.247Z] GET /api/guests
[2026-03-28T14:59:32.250Z] GET /api/users
[2026-03-28T14:59:32.251Z] GET /api/rsvps
[2026-03-28T14:59:37.210Z] GET /api/users
[2026-03-28T14:59:37.211Z] GET /api/guests
[2026-03-28T14:59:37.212Z] GET /api/rsvps
[2026-03-28T14:59:42.219Z] GET /api/users
[2026-03-28T14:59:42.221Z] GET /api/guests
[2026-03-28T14:59:42.221Z] GET /api/rsvps
[2026-03-28T14:59:47.224Z] GET /api/users
[2026-03-28T14:59:47.227Z] GET /api/guests
[2026-03-28T14:59:47.230Z] GET /api/rsvps
[2026-03-28T14:59:52.213Z] GET /api/users
[2026-03-28T14:59:52.214Z] GET /api/guests
[2026-03-28T14:59:52.219Z] GET /api/rsvps
[2026-03-28T14:59:57.210Z] GET /api/users
[2026-03-28T14:59:57.212Z] GET /api/guests
[2026-03-28T14:59:57.213Z] GET /api/rsvps
[2026-03-28T15:00:02.213Z] GET /api/guests
[2026-03-28T15:00:02.215Z] GET /api/users
[2026-03-28T15:00:02.215Z] GET /api/rsvps
[2026-03-28T15:00:07.210Z] GET /api/users
[2026-03-28T15:00:07.211Z] GET /api/guests
[2026-03-28T15:00:07.213Z] GET /api/rsvps
[2026-03-28T15:00:12.210Z] GET /api/users
[2026-03-28T15:00:12.211Z] GET /api/guests
[2026-03-28T15:00:12.213Z] GET /api/rsvps
[2026-03-28T15:00:17.210Z] GET /api/users
[2026-03-28T15:00:17.212Z] GET /api/guests
[2026-03-28T15:00:17.213Z] GET /api/rsvps
[2026-03-28T15:00:22.210Z] GET /api/users
[2026-03-28T15:00:22.211Z] GET /api/guests
[2026-03-28T15:00:22.212Z] GET /api/rsvps
[2026-03-28T15:00:27.210Z] GET /api/users
[2026-03-28T15:00:27.211Z] GET /api/guests
[2026-03-28T15:00:27.212Z] GET /api/rsvps
[2026-03-28T15:00:32.210Z] GET /api/users
[2026-03-28T15:00:32.211Z] GET /api/guests
[2026-03-28T15:00:32.212Z] GET /api/rsvps
[2026-03-28T15:00:37.211Z] GET /api/users
[2026-03-28T15:00:37.212Z] GET /api/guests
[2026-03-28T15:00:37.213Z] GET /api/rsvps
[2026-03-28T15:00:42.210Z] GET /api/users
[2026-03-28T15:00:42.211Z] GET /api/guests
[2026-03-28T15:00:42.212Z] GET /api/rsvps
[2026-03-28T15:00:47.210Z] GET /api/users
[2026-03-28T15:00:47.212Z] GET /api/guests
[2026-03-28T15:00:47.213Z] GET /api/rsvps
[2026-03-28T15:00:52.213Z] GET /api/users
[2026-03-28T15:00:52.214Z] GET /api/guests
[2026-03-28T15:00:52.215Z] GET /api/rsvps
[2026-03-28T15:00:57.210Z] GET /api/users
[2026-03-28T15:00:57.210Z] GET /api/guests
[2026-03-28T15:00:57.212Z] GET /api/rsvps
[2026-03-28T15:01:02.222Z] GET /api/users
[2026-03-28T15:01:02.225Z] GET /api/guests
[2026-03-28T15:01:02.227Z] GET /api/rsvps
[2026-03-28T15:01:07.212Z] GET /api/users
[2026-03-28T15:01:07.213Z] GET /api/guests
[2026-03-28T15:01:07.215Z] GET /api/rsvps
[2026-03-28T15:01:12.214Z] GET /api/users
[2026-03-28T15:01:12.216Z] GET /api/guests
[2026-03-28T15:01:12.219Z] GET /api/rsvps
[2026-03-28T15:01:17.212Z] GET /api/users
[2026-03-28T15:01:17.213Z] GET /api/guests
[2026-03-28T15:01:17.214Z] GET /api/rsvps
[2026-03-28T15:01:22.227Z] GET /api/users
[2026-03-28T15:01:22.230Z] GET /api/guests
[2026-03-28T15:01:22.236Z] GET /api/rsvps
[2026-03-28T15:01:27.211Z] GET /api/users
[2026-03-28T15:01:27.212Z] GET /api/guests
[2026-03-28T15:01:27.213Z] GET /api/rsvps
[2026-03-28T15:01:32.210Z] GET /api/users
[2026-03-28T15:01:32.211Z] GET /api/guests
[2026-03-28T15:01:32.212Z] GET /api/rsvps
[2026-03-28T15:01:37.211Z] GET /api/users
[2026-03-28T15:01:37.212Z] GET /api/guests
[2026-03-28T15:01:37.214Z] GET /api/rsvps
[2026-03-28T15:01:42.209Z] GET /api/users
[2026-03-28T15:01:42.210Z] GET /api/guests
[2026-03-28T15:01:42.211Z] GET /api/rsvps
[2026-03-28T15:01:47.218Z] GET /api/users
[2026-03-28T15:01:47.220Z] GET /api/guests
[2026-03-28T15:01:47.222Z] GET /api/rsvps
[2026-03-28T15:01:52.210Z] GET /api/users
[2026-03-28T15:01:52.211Z] GET /api/guests
[2026-03-28T15:01:52.212Z] GET /api/rsvps
[2026-03-28T15:01:57.209Z] GET /api/users
[2026-03-28T15:01:57.210Z] GET /api/rsvps
[2026-03-28T15:01:57.210Z] GET /api/guests
[2026-03-28T15:02:02.210Z] GET /api/users
[2026-03-28T15:02:02.211Z] GET /api/guests
[2026-03-28T15:02:02.212Z] GET /api/rsvps
[2026-03-28T15:02:07.217Z] GET /api/users
[2026-03-28T15:02:07.220Z] GET /api/guests
[2026-03-28T15:02:07.221Z] GET /api/rsvps
[2026-03-28T15:02:12.210Z] GET /api/users
[2026-03-28T15:02:12.210Z] GET /api/guests
[2026-03-28T15:02:12.212Z] GET /api/rsvps
[2026-03-28T15:02:17.209Z] GET /api/guests
[2026-03-28T15:02:17.209Z] GET /api/users
[2026-03-28T15:02:17.210Z] GET /api/rsvps
[2026-03-28T15:02:22.222Z] GET /api/users
[2026-03-28T15:02:22.225Z] GET /api/guests
[2026-03-28T15:02:22.225Z] GET /api/rsvps
[2026-03-28T15:02:27.210Z] GET /api/users
[2026-03-28T15:02:27.211Z] GET /api/guests
[2026-03-28T15:02:27.213Z] GET /api/rsvps
[2026-03-28T15:02:32.211Z] GET /api/users
[2026-03-28T15:02:32.211Z] GET /api/guests
[2026-03-28T15:02:32.212Z] GET /api/rsvps
[2026-03-28T15:02:37.222Z] GET /api/users
[2026-03-28T15:02:37.229Z] GET /api/guests
[2026-03-28T15:02:37.230Z] GET /api/rsvps
[2026-03-28T15:02:42.211Z] GET /api/users
[2026-03-28T15:02:42.211Z] GET /api/guests
[2026-03-28T15:02:42.213Z] GET /api/rsvps
[2026-03-28T15:02:47.232Z] GET /api/users
[2026-03-28T15:02:47.238Z] GET /api/guests
[2026-03-28T15:02:47.239Z] GET /api/rsvps
[2026-03-28T15:03:50.696Z] GET /api/content/gallery
[2026-03-28T15:03:50.699Z] GET /api/content/events
[2026-03-28T15:03:50.699Z] GET /api/content/moments
[2026-03-28T15:03:50.699Z] GET /api/content/home_data
[2026-03-28T15:03:50.699Z] GET /api/content/contact_data
[2026-03-28T15:03:50.699Z] GET /api/content/stories
[2026-03-28T15:03:51.028Z] GET /api/content/family_people
[2026-03-28T15:03:51.029Z] GET /api/content/family_links
[2026-03-28T15:03:51.030Z] GET /api/content/groom_family_people
[2026-03-28T15:03:51.030Z] GET /api/content/groom_family_families
[2026-03-28T15:03:51.031Z] GET /api/content/family_families
[2026-03-28T15:03:51.034Z] GET /api/rsvps
[2026-03-28T15:03:51.054Z] GET /api/content/groom_family_links
[2026-03-28T15:03:51.340Z] GET /api/content/events
[2026-03-28T15:03:51.341Z] GET /api/content/gallery
[2026-03-28T15:03:51.342Z] GET /api/content/moments
[2026-03-28T15:03:51.342Z] GET /api/content/home_data
[2026-03-28T15:03:51.342Z] GET /api/content/stories
[2026-03-28T15:03:51.342Z] GET /api/content/contact_data
[2026-03-28T15:03:51.350Z] GET /api/content/family_people
[2026-03-28T15:03:51.351Z] GET /api/content/family_links
[2026-03-28T15:03:51.351Z] GET /api/content/family_families
[2026-03-28T15:03:51.352Z] GET /api/content/groom_family_people
[2026-03-28T15:03:51.353Z] GET /api/content/groom_family_links
[2026-03-28T15:03:51.353Z] GET /api/rsvps
[2026-03-28T15:03:51.355Z] GET /api/content/groom_family_families
[2026-03-28T15:07:00.733Z] POST /api/content/moments
[2026-03-28T15:07:06.912Z] GET /api/content/gallery
[2026-03-28T15:07:06.914Z] GET /api/content/events
[2026-03-28T15:07:06.914Z] GET /api/content/home_data
[2026-03-28T15:07:06.914Z] GET /api/content/moments
[2026-03-28T15:07:06.914Z] GET /api/content/contact_data
[2026-03-28T15:07:06.914Z] GET /api/content/stories
[2026-03-28T15:07:06.960Z] GET /api/content/family_people
[2026-03-28T15:07:06.961Z] GET /api/content/groom_family_people
[2026-03-28T15:07:06.966Z] GET /api/content/family_links
[2026-03-28T15:07:06.968Z] GET /api/content/family_families
[2026-03-28T15:07:06.969Z] GET /api/content/groom_family_links
[2026-03-28T15:07:06.969Z] GET /api/content/groom_family_families
[2026-03-28T15:07:06.975Z] GET /api/rsvps
[2026-03-28T15:07:06.980Z] GET /api/content/moments
[2026-03-28T15:07:06.984Z] GET /api/content/contact_data
[2026-03-28T15:07:06.986Z] GET /api/content/stories
[2026-03-28T15:07:06.988Z] GET /api/content/events
[2026-03-28T15:07:06.990Z] GET /api/content/home_data
[2026-03-28T15:07:06.992Z] GET /api/content/gallery
[2026-03-28T15:07:06.996Z] GET /api/content/groom_family_people
[2026-03-28T15:07:07.012Z] GET /api/content/family_links
[2026-03-28T15:07:07.013Z] GET /api/content/family_families
[2026-03-28T15:07:07.013Z] GET /api/content/groom_family_links
[2026-03-28T15:07:07.013Z] GET /api/content/groom_family_families
[2026-03-28T15:07:07.016Z] GET /api/content/family_people
[2026-03-28T15:07:07.105Z] GET /api/rsvps
[2026-03-28T15:07:37.020Z] POST /api/content/stories
[2026-03-28T15:07:38.450Z] POST /api/content/stories
[2026-03-28T15:07:39.950Z] POST /api/content/stories
[2026-03-28T15:08:55.978Z] GET /api/content/moments
[2026-03-28T15:08:55.981Z] GET /api/content/stories
[2026-03-28T15:08:55.981Z] GET /api/content/home_data
[2026-03-28T15:08:55.981Z] GET /api/content/gallery
[2026-03-28T15:08:55.981Z] GET /api/content/family_people
[2026-03-28T15:08:55.981Z] GET /api/content/events
[2026-03-28T15:08:56.109Z] GET /api/content/family_families
[2026-03-28T15:08:56.110Z] GET /api/content/contact_data
[2026-03-28T15:08:56.114Z] GET /api/content/family_links
[2026-03-28T15:08:56.114Z] GET /api/content/groom_family_people
[2026-03-28T15:08:56.115Z] GET /api/content/groom_family_families
[2026-03-28T15:08:56.115Z] GET /api/content/groom_family_links
[2026-03-28T15:08:56.116Z] GET /api/rsvps
[2026-03-28T15:08:56.119Z] GET /api/content/stories
[2026-03-28T15:08:56.119Z] GET /api/content/gallery
[2026-03-28T15:08:56.119Z] GET /api/content/home_data
[2026-03-28T15:08:56.120Z] GET /api/content/events
[2026-03-28T15:08:56.122Z] GET /api/content/family_people
[2026-03-28T15:08:56.122Z] GET /api/content/moments
[2026-03-28T15:08:56.123Z] GET /api/content/family_families
[2026-03-28T15:08:56.123Z] GET /api/content/contact_data
[2026-03-28T15:08:56.124Z] GET /api/content/family_links
[2026-03-28T15:08:56.125Z] GET /api/content/groom_family_families
[2026-03-28T15:08:56.126Z] GET /api/content/groom_family_people
[2026-03-28T15:08:56.126Z] GET /api/content/groom_family_links
[2026-03-28T15:08:56.164Z] GET /api/rsvps
[2026-03-28T15:08:57.688Z] GET /api/content/events
[2026-03-28T15:08:57.689Z] GET /api/content/gallery
[2026-03-28T15:08:57.694Z] GET /api/content/moments
[2026-03-28T15:08:57.698Z] GET /api/content/home_data
[2026-03-28T15:08:57.699Z] GET /api/content/contact_data
[2026-03-28T15:08:57.699Z] GET /api/content/stories
[2026-03-28T15:08:57.706Z] GET /api/content/family_people
[2026-03-28T15:08:57.707Z] GET /api/content/family_families
[2026-03-28T15:08:57.709Z] GET /api/content/family_links
[2026-03-28T15:08:57.710Z] GET /api/content/groom_family_people
[2026-03-28T15:08:57.710Z] GET /api/content/groom_family_families
[2026-03-28T15:08:57.711Z] GET /api/content/groom_family_links
[2026-03-28T15:08:57.711Z] GET /api/rsvps
[2026-03-28T15:08:57.716Z] GET /api/content/events
[2026-03-28T15:08:57.717Z] GET /api/content/gallery
[2026-03-28T15:08:57.718Z] GET /api/content/contact_data
[2026-03-28T15:08:57.719Z] GET /api/content/moments
[2026-03-28T15:08:57.720Z] GET /api/content/home_data
[2026-03-28T15:08:57.720Z] GET /api/content/stories
[2026-03-28T15:08:57.722Z] GET /api/content/family_families
[2026-03-28T15:08:57.730Z] GET /api/content/family_people
[2026-03-28T15:08:57.731Z] GET /api/content/family_links
[2026-03-28T15:08:57.732Z] GET /api/content/groom_family_people
[2026-03-28T15:08:57.732Z] GET /api/content/groom_family_families
[2026-03-28T15:08:57.733Z] GET /api/content/groom_family_links
[2026-03-28T15:08:57.734Z] GET /api/rsvps
[2026-03-28T15:08:58.464Z] GET /api/content/events
[2026-03-28T15:08:58.465Z] GET /api/content/gallery
[2026-03-28T15:08:58.465Z] GET /api/content/moments
[2026-03-28T15:08:58.466Z] GET /api/content/home_data
[2026-03-28T15:08:58.466Z] GET /api/content/stories
[2026-03-28T15:08:58.466Z] GET /api/content/contact_data
[2026-03-28T15:08:58.471Z] GET /api/content/family_people
[2026-03-28T15:08:58.472Z] GET /api/content/family_families
[2026-03-28T15:08:58.473Z] GET /api/content/family_links
[2026-03-28T15:08:58.475Z] GET /api/content/groom_family_people
[2026-03-28T15:08:58.476Z] GET /api/content/groom_family_families
[2026-03-28T15:08:58.477Z] GET /api/content/groom_family_links
[2026-03-28T15:08:58.478Z] GET /api/rsvps
[2026-03-28T15:08:58.478Z] GET /api/content/events
[2026-03-28T15:08:58.479Z] GET /api/content/gallery
[2026-03-28T15:08:58.479Z] GET /api/content/moments
[2026-03-28T15:08:58.480Z] GET /api/content/home_data
[2026-03-28T15:08:58.482Z] GET /api/content/stories
[2026-03-28T15:08:58.482Z] GET /api/content/contact_data
[2026-03-28T15:08:58.482Z] GET /api/content/family_people
[2026-03-28T15:08:58.485Z] GET /api/content/family_families
[2026-03-28T15:08:58.485Z] GET /api/content/family_links
[2026-03-28T15:08:58.486Z] GET /api/content/groom_family_people
[2026-03-28T15:08:58.487Z] GET /api/content/groom_family_families
[2026-03-28T15:08:58.487Z] GET /api/content/groom_family_links
[2026-03-28T15:08:58.487Z] GET /api/rsvps
[2026-03-28T15:08:58.715Z] GET /api/content/events
[2026-03-28T15:08:58.715Z] GET /api/content/gallery
[2026-03-28T15:08:58.715Z] GET /api/content/moments
[2026-03-28T15:08:58.715Z] GET /api/content/home_data
[2026-03-28T15:08:58.716Z] GET /api/content/stories
[2026-03-28T15:08:58.717Z] GET /api/content/contact_data
[2026-03-28T15:08:58.719Z] GET /api/content/family_people
[2026-03-28T15:08:58.719Z] GET /api/content/family_families
[2026-03-28T15:08:58.720Z] GET /api/content/family_links
[2026-03-28T15:08:58.720Z] GET /api/content/groom_family_people
[2026-03-28T15:08:58.723Z] GET /api/content/groom_family_links
[2026-03-28T15:08:58.724Z] GET /api/content/groom_family_families
[2026-03-28T15:08:58.725Z] GET /api/rsvps
[2026-03-28T15:08:58.726Z] GET /api/content/events
[2026-03-28T15:08:58.726Z] GET /api/content/gallery
[2026-03-28T15:08:58.727Z] GET /api/content/moments
[2026-03-28T15:08:58.728Z] GET /api/content/home_data
[2026-03-28T15:08:58.733Z] GET /api/content/stories
[2026-03-28T15:08:58.733Z] GET /api/content/family_links
[2026-03-28T15:08:58.734Z] GET /api/content/contact_data
[2026-03-28T15:08:58.734Z] GET /api/content/family_people
[2026-03-28T15:08:58.734Z] GET /api/content/family_families
[2026-03-28T15:08:58.735Z] GET /api/content/groom_family_people
[2026-03-28T15:08:58.737Z] GET /api/content/groom_family_links
[2026-03-28T15:08:58.737Z] GET /api/content/groom_family_families
[2026-03-28T15:08:58.737Z] GET /api/rsvps
[2026-03-28T15:08:59.111Z] GET /api/content/events
[2026-03-28T15:08:59.111Z] GET /api/content/gallery
[2026-03-28T15:08:59.112Z] GET /api/content/moments
[2026-03-28T15:08:59.112Z] GET /api/content/home_data
[2026-03-28T15:08:59.113Z] GET /api/content/stories
[2026-03-28T15:08:59.114Z] GET /api/content/contact_data
[2026-03-28T15:08:59.116Z] GET /api/content/family_people
[2026-03-28T15:08:59.117Z] GET /api/content/family_families
[2026-03-28T15:08:59.118Z] GET /api/content/family_links
[2026-03-28T15:08:59.120Z] GET /api/content/groom_family_people
[2026-03-28T15:08:59.121Z] GET /api/content/groom_family_families
[2026-03-28T15:08:59.122Z] GET /api/content/groom_family_links
[2026-03-28T15:08:59.122Z] GET /api/rsvps
[2026-03-28T15:08:59.123Z] GET /api/content/events
[2026-03-28T15:08:59.126Z] GET /api/content/gallery
[2026-03-28T15:08:59.127Z] GET /api/content/moments
[2026-03-28T15:08:59.127Z] GET /api/content/home_data
[2026-03-28T15:08:59.127Z] GET /api/content/stories
[2026-03-28T15:08:59.129Z] GET /api/content/contact_data
[2026-03-28T15:08:59.130Z] GET /api/content/family_people
[2026-03-28T15:08:59.130Z] GET /api/content/family_families
[2026-03-28T15:08:59.131Z] GET /api/content/family_links
[2026-03-28T15:08:59.131Z] GET /api/content/groom_family_people
[2026-03-28T15:08:59.132Z] GET /api/content/groom_family_families
[2026-03-28T15:08:59.132Z] GET /api/content/groom_family_links
[2026-03-28T15:08:59.133Z] GET /api/rsvps
[2026-03-28T15:08:59.290Z] GET /api/content/events
[2026-03-28T15:08:59.291Z] GET /api/content/moments
[2026-03-28T15:08:59.292Z] GET /api/content/home_data
[2026-03-28T15:08:59.292Z] GET /api/content/gallery
[2026-03-28T15:08:59.292Z] GET /api/content/stories
[2026-03-28T15:08:59.295Z] GET /api/content/contact_data
[2026-03-28T15:08:59.299Z] GET /api/content/family_people
[2026-03-28T15:08:59.300Z] GET /api/content/family_families
[2026-03-28T15:08:59.300Z] GET /api/content/family_links
[2026-03-28T15:08:59.301Z] GET /api/content/groom_family_families
[2026-03-28T15:08:59.301Z] GET /api/content/groom_family_people
[2026-03-28T15:08:59.302Z] GET /api/content/groom_family_links
[2026-03-28T15:08:59.302Z] GET /api/rsvps
[2026-03-28T15:08:59.303Z] GET /api/content/events
[2026-03-28T15:08:59.304Z] GET /api/content/moments
[2026-03-28T15:08:59.307Z] GET /api/content/home_data
[2026-03-28T15:08:59.307Z] GET /api/content/gallery
[2026-03-28T15:08:59.307Z] GET /api/content/stories
[2026-03-28T15:08:59.308Z] GET /api/content/contact_data
[2026-03-28T15:08:59.310Z] GET /api/content/family_people
[2026-03-28T15:08:59.310Z] GET /api/content/family_families
[2026-03-28T15:08:59.311Z] GET /api/content/family_links
[2026-03-28T15:08:59.312Z] GET /api/content/groom_family_families
[2026-03-28T15:08:59.312Z] GET /api/content/groom_family_people
[2026-03-28T15:08:59.312Z] GET /api/content/groom_family_links
[2026-03-28T15:08:59.313Z] GET /api/rsvps
[2026-03-28T15:08:59.454Z] GET /api/content/events
[2026-03-28T15:08:59.455Z] GET /api/content/gallery
[2026-03-28T15:08:59.455Z] GET /api/content/moments
[2026-03-28T15:08:59.456Z] GET /api/content/home_data
[2026-03-28T15:08:59.457Z] GET /api/content/stories
[2026-03-28T15:08:59.457Z] GET /api/content/contact_data
[2026-03-28T15:08:59.464Z] GET /api/content/family_people
[2026-03-28T15:08:59.464Z] GET /api/content/family_families
[2026-03-28T15:08:59.465Z] GET /api/content/family_links
[2026-03-28T15:08:59.465Z] GET /api/content/groom_family_people
[2026-03-28T15:08:59.465Z] GET /api/content/groom_family_families
[2026-03-28T15:08:59.466Z] GET /api/rsvps
[2026-03-28T15:08:59.468Z] GET /api/content/groom_family_links
[2026-03-28T15:08:59.469Z] GET /api/content/events
[2026-03-28T15:08:59.470Z] GET /api/content/gallery
[2026-03-28T15:08:59.472Z] GET /api/content/moments
[2026-03-28T15:08:59.474Z] GET /api/content/home_data
[2026-03-28T15:08:59.474Z] GET /api/content/stories
[2026-03-28T15:08:59.474Z] GET /api/content/contact_data
[2026-03-28T15:08:59.475Z] GET /api/content/family_people
[2026-03-28T15:08:59.476Z] GET /api/content/family_families
[2026-03-28T15:08:59.477Z] GET /api/content/family_links
[2026-03-28T15:08:59.477Z] GET /api/content/groom_family_people
[2026-03-28T15:08:59.477Z] GET /api/content/groom_family_families
[2026-03-28T15:08:59.478Z] GET /api/rsvps
[2026-03-28T15:08:59.478Z] GET /api/content/groom_family_links
[2026-03-28T15:08:59.665Z] GET /api/content/events
[2026-03-28T15:08:59.666Z] GET /api/content/gallery
[2026-03-28T15:08:59.666Z] GET /api/content/moments
[2026-03-28T15:08:59.667Z] GET /api/content/home_data
[2026-03-28T15:08:59.667Z] GET /api/content/stories
[2026-03-28T15:08:59.667Z] GET /api/content/contact_data
[2026-03-28T15:08:59.673Z] GET /api/content/family_links
[2026-03-28T15:08:59.673Z] GET /api/content/groom_family_families
[2026-03-28T15:08:59.674Z] GET /api/rsvps
[2026-03-28T15:08:59.674Z] GET /api/content/family_people
[2026-03-28T15:08:59.675Z] GET /api/content/family_families
[2026-03-28T15:08:59.675Z] GET /api/content/groom_family_people
[2026-03-28T15:08:59.676Z] GET /api/content/groom_family_links
[2026-03-28T15:08:59.679Z] GET /api/content/gallery
[2026-03-28T15:08:59.679Z] GET /api/content/events
[2026-03-28T15:08:59.679Z] GET /api/content/moments
[2026-03-28T15:08:59.679Z] GET /api/content/home_data
[2026-03-28T15:08:59.680Z] GET /api/content/contact_data
[2026-03-28T15:08:59.682Z] GET /api/content/stories
[2026-03-28T15:08:59.683Z] GET /api/content/family_links
[2026-03-28T15:08:59.683Z] GET /api/content/groom_family_families
[2026-03-28T15:08:59.683Z] GET /api/content/family_people
[2026-03-28T15:08:59.684Z] GET /api/content/family_families
[2026-03-28T15:08:59.684Z] GET /api/rsvps
[2026-03-28T15:08:59.685Z] GET /api/content/groom_family_people
[2026-03-28T15:08:59.685Z] GET /api/content/groom_family_links
[2026-03-28T15:08:59.822Z] GET /api/content/events
[2026-03-28T15:08:59.823Z] GET /api/content/gallery
[2026-03-28T15:08:59.824Z] GET /api/content/moments
[2026-03-28T15:08:59.824Z] GET /api/content/home_data
[2026-03-28T15:08:59.825Z] GET /api/content/contact_data
[2026-03-28T15:08:59.825Z] GET /api/content/stories
[2026-03-28T15:08:59.831Z] GET /api/content/family_families
[2026-03-28T15:08:59.832Z] GET /api/content/family_links
[2026-03-28T15:08:59.832Z] GET /api/content/groom_family_people
[2026-03-28T15:08:59.832Z] GET /api/content/groom_family_families
[2026-03-28T15:08:59.832Z] GET /api/content/groom_family_links
[2026-03-28T15:08:59.832Z] GET /api/rsvps
[2026-03-28T15:08:59.836Z] GET /api/content/family_people
[2026-03-28T15:08:59.836Z] GET /api/content/events
[2026-03-28T15:08:59.837Z] GET /api/content/gallery
[2026-03-28T15:08:59.837Z] GET /api/content/moments
[2026-03-28T15:08:59.841Z] GET /api/content/contact_data
[2026-03-28T15:08:59.841Z] GET /api/content/home_data
[2026-03-28T15:08:59.841Z] GET /api/content/stories
[2026-03-28T15:08:59.841Z] GET /api/content/family_families
[2026-03-28T15:08:59.841Z] GET /api/content/family_links
[2026-03-28T15:08:59.842Z] GET /api/content/groom_family_families
[2026-03-28T15:08:59.844Z] GET /api/content/groom_family_people
[2026-03-28T15:08:59.845Z] GET /api/content/groom_family_links
[2026-03-28T15:08:59.845Z] GET /api/rsvps
[2026-03-28T15:08:59.846Z] GET /api/content/family_people
[2026-03-28T15:09:00.084Z] GET /api/content/events
[2026-03-28T15:09:00.085Z] GET /api/content/gallery
[2026-03-28T15:09:00.085Z] GET /api/content/moments
[2026-03-28T15:09:00.086Z] GET /api/content/home_data
[2026-03-28T15:09:00.089Z] GET /api/content/stories
[2026-03-28T15:09:00.092Z] GET /api/content/contact_data
[2026-03-28T15:09:00.094Z] GET /api/content/family_people
[2026-03-28T15:09:00.095Z] GET /api/content/family_families
[2026-03-28T15:09:00.096Z] GET /api/content/family_links
[2026-03-28T15:09:00.096Z] GET /api/content/groom_family_people
[2026-03-28T15:09:00.096Z] GET /api/content/groom_family_families
[2026-03-28T15:09:00.096Z] GET /api/content/groom_family_links
[2026-03-28T15:09:00.099Z] GET /api/rsvps
[2026-03-28T15:09:00.100Z] GET /api/content/events
[2026-03-28T15:09:00.101Z] GET /api/content/gallery
[2026-03-28T15:09:00.101Z] GET /api/content/moments
[2026-03-28T15:09:00.102Z] GET /api/content/home_data
[2026-03-28T15:09:00.102Z] GET /api/content/stories
[2026-03-28T15:09:00.103Z] GET /api/content/contact_data
[2026-03-28T15:09:00.103Z] GET /api/content/family_families
[2026-03-28T15:09:00.104Z] GET /api/content/family_people
[2026-03-28T15:09:00.104Z] GET /api/content/family_links
[2026-03-28T15:09:00.105Z] GET /api/content/groom_family_people
[2026-03-28T15:09:00.105Z] GET /api/content/groom_family_families
[2026-03-28T15:09:00.107Z] GET /api/content/groom_family_links
[2026-03-28T15:09:00.107Z] GET /api/rsvps
[2026-03-28T15:09:13.562Z] GET /api/content/moments
[2026-03-28T15:09:13.563Z] GET /api/content/events
[2026-03-28T15:09:13.563Z] GET /api/content/contact_data
[2026-03-28T15:09:13.563Z] GET /api/content/home_data
[2026-03-28T15:09:13.564Z] GET /api/content/gallery
[2026-03-28T15:09:13.564Z] GET /api/content/stories
[2026-03-28T15:09:13.577Z] GET /api/content/family_people
[2026-03-28T15:09:13.577Z] GET /api/content/family_families
[2026-03-28T15:09:13.577Z] GET /api/content/family_links
[2026-03-28T15:09:13.577Z] GET /api/content/groom_family_people
[2026-03-28T15:09:13.578Z] GET /api/content/groom_family_families
[2026-03-28T15:09:13.579Z] GET /api/content/groom_family_links
[2026-03-28T15:09:13.580Z] GET /api/rsvps
[2026-03-28T15:09:13.580Z] GET /api/content/gallery
[2026-03-28T15:09:13.581Z] GET /api/content/events
[2026-03-28T15:09:13.581Z] GET /api/content/stories
[2026-03-28T15:09:13.582Z] GET /api/content/moments
[2026-03-28T15:09:13.582Z] GET /api/content/home_data
[2026-03-28T15:09:13.584Z] GET /api/content/contact_data
[2026-03-28T15:09:13.584Z] GET /api/content/family_people
[2026-03-28T15:09:13.584Z] GET /api/content/family_families
[2026-03-28T15:09:13.584Z] GET /api/content/family_links
[2026-03-28T15:09:13.585Z] GET /api/content/groom_family_people
[2026-03-28T15:09:13.585Z] GET /api/content/groom_family_families
[2026-03-28T15:09:13.587Z] GET /api/content/groom_family_links
[2026-03-28T15:09:13.587Z] GET /api/rsvps
[2026-03-28T15:09:29.424Z] GET /api/content/events
[2026-03-28T15:09:29.427Z] GET /api/content/gallery
[2026-03-28T15:09:29.427Z] GET /api/content/stories
[2026-03-28T15:09:29.427Z] GET /api/content/moments
[2026-03-28T15:09:29.432Z] GET /api/content/home_data
[2026-03-28T15:09:29.436Z] GET /api/content/contact_data
[2026-03-28T15:09:29.440Z] GET /api/content/family_people
[2026-03-28T15:09:29.442Z] GET /api/content/groom_family_people
[2026-03-28T15:09:29.443Z] GET /api/rsvps
[2026-03-28T15:09:29.444Z] GET /api/content/groom_family_links
[2026-03-28T15:09:29.492Z] GET /api/content/family_families
[2026-03-28T15:09:29.493Z] GET /api/content/family_links
[2026-03-28T15:09:29.495Z] GET /api/content/groom_family_families
[2026-03-28T15:09:29.498Z] GET /api/content/events
[2026-03-28T15:09:29.499Z] GET /api/content/gallery
[2026-03-28T15:09:29.499Z] GET /api/content/stories
[2026-03-28T15:09:29.500Z] GET /api/content/moments
[2026-03-28T15:09:29.506Z] GET /api/content/contact_data
[2026-03-28T15:09:29.506Z] GET /api/content/family_people
[2026-03-28T15:09:29.507Z] GET /api/content/groom_family_people
[2026-03-28T15:09:29.509Z] GET /api/content/groom_family_links
[2026-03-28T15:09:29.512Z] GET /api/content/home_data
[2026-03-28T15:09:29.513Z] GET /api/content/family_families
[2026-03-28T15:09:29.514Z] GET /api/content/family_links
[2026-03-28T15:09:29.514Z] GET /api/content/groom_family_families
[2026-03-28T15:09:29.568Z] GET /api/rsvps
[2026-03-28T15:09:30.341Z] GET /api/content/events
[2026-03-28T15:09:30.341Z] GET /api/content/gallery
[2026-03-28T15:09:30.342Z] GET /api/content/moments
[2026-03-28T15:09:30.342Z] GET /api/content/home_data
[2026-03-28T15:09:30.342Z] GET /api/content/stories
[2026-03-28T15:09:30.342Z] GET /api/content/contact_data
[2026-03-28T15:09:30.347Z] GET /api/content/family_people
[2026-03-28T15:09:30.347Z] GET /api/content/family_families
[2026-03-28T15:09:30.348Z] GET /api/content/family_links
[2026-03-28T15:09:30.348Z] GET /api/content/groom_family_people
[2026-03-28T15:09:30.348Z] GET /api/content/groom_family_families
[2026-03-28T15:09:30.348Z] GET /api/content/groom_family_links
[2026-03-28T15:09:30.351Z] GET /api/rsvps
[2026-03-28T15:09:30.351Z] GET /api/content/events
[2026-03-28T15:09:30.351Z] GET /api/content/gallery
[2026-03-28T15:09:30.352Z] GET /api/content/moments
[2026-03-28T15:09:30.352Z] GET /api/content/stories
[2026-03-28T15:09:30.353Z] GET /api/content/home_data
[2026-03-28T15:09:30.359Z] GET /api/content/contact_data
[2026-03-28T15:09:30.365Z] GET /api/content/family_links
[2026-03-28T15:09:30.366Z] GET /api/content/family_people
[2026-03-28T15:09:30.366Z] GET /api/content/family_families
[2026-03-28T15:09:30.367Z] GET /api/content/groom_family_families
[2026-03-28T15:09:30.368Z] GET /api/content/groom_family_people
[2026-03-28T15:09:30.369Z] GET /api/content/groom_family_links
[2026-03-28T15:09:30.373Z] GET /api/rsvps
[2026-03-28T15:09:30.750Z] GET /api/content/events
[2026-03-28T15:09:30.751Z] GET /api/content/gallery
[2026-03-28T15:09:30.752Z] GET /api/content/moments
[2026-03-28T15:09:30.752Z] GET /api/content/home_data
[2026-03-28T15:09:30.752Z] GET /api/content/stories
[2026-03-28T15:09:30.753Z] GET /api/content/contact_data
[2026-03-28T15:09:30.759Z] GET /api/content/family_people
[2026-03-28T15:09:30.760Z] GET /api/content/family_families
[2026-03-28T15:09:30.760Z] GET /api/content/family_links
[2026-03-28T15:09:30.761Z] GET /api/content/groom_family_people
[2026-03-28T15:09:30.762Z] GET /api/content/groom_family_links
[2026-03-28T15:09:30.763Z] GET /api/content/groom_family_families
[2026-03-28T15:09:30.767Z] GET /api/rsvps
[2026-03-28T15:09:30.767Z] GET /api/content/events
[2026-03-28T15:09:30.767Z] GET /api/content/gallery
[2026-03-28T15:09:30.768Z] GET /api/content/moments
[2026-03-28T15:09:30.769Z] GET /api/content/home_data
[2026-03-28T15:09:30.770Z] GET /api/content/stories
[2026-03-28T15:09:30.775Z] GET /api/content/contact_data
[2026-03-28T15:09:30.776Z] GET /api/content/family_people
[2026-03-28T15:09:30.776Z] GET /api/content/family_families
[2026-03-28T15:09:30.777Z] GET /api/content/family_links
[2026-03-28T15:09:30.777Z] GET /api/content/groom_family_people
[2026-03-28T15:09:30.779Z] GET /api/content/groom_family_links
[2026-03-28T15:09:30.785Z] GET /api/content/groom_family_families
[2026-03-28T15:09:30.785Z] GET /api/rsvps
[2026-03-28T15:09:31.040Z] GET /api/content/events
[2026-03-28T15:09:31.041Z] GET /api/content/gallery
[2026-03-28T15:09:31.041Z] GET /api/content/moments
[2026-03-28T15:09:31.042Z] GET /api/content/home_data
[2026-03-28T15:09:31.043Z] GET /api/content/contact_data
[2026-03-28T15:09:31.045Z] GET /api/content/stories
[2026-03-28T15:09:31.046Z] GET /api/content/family_people
[2026-03-28T15:09:31.047Z] GET /api/content/family_families
[2026-03-28T15:09:31.048Z] GET /api/content/family_links
[2026-03-28T15:09:31.049Z] GET /api/content/groom_family_people
[2026-03-28T15:09:31.051Z] GET /api/content/groom_family_families
[2026-03-28T15:09:31.053Z] GET /api/content/groom_family_links
[2026-03-28T15:09:31.055Z] GET /api/rsvps
[2026-03-28T15:09:31.058Z] GET /api/content/gallery
[2026-03-28T15:09:31.064Z] GET /api/content/events
[2026-03-28T15:09:31.072Z] GET /api/content/moments
[2026-03-28T15:09:31.073Z] GET /api/content/home_data
[2026-03-28T15:09:31.074Z] GET /api/content/contact_data
[2026-03-28T15:09:31.085Z] GET /api/content/stories
[2026-03-28T15:09:31.086Z] GET /api/content/family_people
[2026-03-28T15:09:31.091Z] GET /api/content/family_families
[2026-03-28T15:09:31.095Z] GET /api/content/family_links
[2026-03-28T15:09:31.124Z] GET /api/content/groom_family_people
[2026-03-28T15:09:31.127Z] GET /api/content/groom_family_families
[2026-03-28T15:09:31.127Z] GET /api/content/groom_family_links
[2026-03-28T15:09:31.130Z] GET /api/rsvps
[2026-03-28T15:09:31.159Z] GET /api/content/events
[2026-03-28T15:09:31.160Z] GET /api/content/gallery
[2026-03-28T15:09:31.161Z] GET /api/content/moments
[2026-03-28T15:09:31.161Z] GET /api/content/home_data
[2026-03-28T15:09:31.162Z] GET /api/content/stories
[2026-03-28T15:09:31.162Z] GET /api/content/contact_data
[2026-03-28T15:09:31.164Z] GET /api/content/family_people
[2026-03-28T15:09:31.165Z] GET /api/content/family_links
[2026-03-28T15:09:31.166Z] GET /api/content/family_families
[2026-03-28T15:09:31.176Z] GET /api/content/groom_family_people
[2026-03-28T15:09:31.177Z] GET /api/content/groom_family_families
[2026-03-28T15:09:31.177Z] GET /api/content/groom_family_links
[2026-03-28T15:09:31.177Z] GET /api/rsvps
[2026-03-28T15:09:31.179Z] GET /api/content/events
[2026-03-28T15:09:31.180Z] GET /api/content/gallery
[2026-03-28T15:09:31.183Z] GET /api/content/moments
[2026-03-28T15:09:31.184Z] GET /api/content/home_data
[2026-03-28T15:09:31.192Z] GET /api/content/stories
[2026-03-28T15:09:31.192Z] GET /api/content/family_links
[2026-03-28T15:09:31.193Z] GET /api/content/contact_data
[2026-03-28T15:09:31.193Z] GET /api/content/family_people
[2026-03-28T15:09:31.195Z] GET /api/content/family_families
[2026-03-28T15:09:31.204Z] GET /api/content/groom_family_people
[2026-03-28T15:09:31.206Z] GET /api/content/groom_family_families
[2026-03-28T15:09:31.208Z] GET /api/content/groom_family_links
[2026-03-28T15:09:31.209Z] GET /api/rsvps
[2026-03-28T15:09:31.780Z] GET /api/content/events
[2026-03-28T15:09:31.781Z] GET /api/content/moments
[2026-03-28T15:09:31.783Z] GET /api/content/home_data
[2026-03-28T15:09:31.790Z] GET /api/content/gallery
[2026-03-28T15:09:31.791Z] GET /api/content/stories
[2026-03-28T15:09:31.791Z] GET /api/content/contact_data
[2026-03-28T15:09:31.804Z] GET /api/content/family_people
[2026-03-28T15:09:31.808Z] GET /api/content/family_links
[2026-03-28T15:09:31.812Z] GET /api/content/groom_family_people
[2026-03-28T15:09:31.812Z] GET /api/content/family_families
[2026-03-28T15:09:31.813Z] GET /api/content/groom_family_families
[2026-03-28T15:09:31.813Z] GET /api/content/groom_family_links
[2026-03-28T15:09:31.836Z] GET /api/rsvps
[2026-03-28T15:09:31.839Z] GET /api/content/moments
[2026-03-28T15:09:31.840Z] GET /api/content/events
[2026-03-28T15:09:31.842Z] GET /api/content/home_data
[2026-03-28T15:09:31.843Z] GET /api/content/contact_data
[2026-03-28T15:09:31.850Z] GET /api/content/gallery
[2026-03-28T15:09:31.850Z] GET /api/content/stories
[2026-03-28T15:09:31.857Z] GET /api/content/family_people
[2026-03-28T15:09:31.858Z] GET /api/content/family_families
[2026-03-28T15:09:31.858Z] GET /api/content/groom_family_links
[2026-03-28T15:09:31.864Z] GET /api/content/groom_family_families
[2026-03-28T15:09:31.866Z] GET /api/rsvps
[2026-03-28T15:09:31.932Z] GET /api/content/gallery
[2026-03-28T15:09:31.933Z] GET /api/content/home_data
[2026-03-28T15:09:31.934Z] GET /api/content/moments
[2026-03-28T15:09:31.934Z] GET /api/content/events
[2026-03-28T15:09:31.935Z] GET /api/content/stories
[2026-03-28T15:09:31.940Z] GET /api/content/contact_data
[2026-03-28T15:09:31.953Z] GET /api/content/family_people
[2026-03-28T15:09:31.954Z] GET /api/content/family_families
[2026-03-28T15:09:31.955Z] GET /api/content/family_links
[2026-03-28T15:09:31.955Z] GET /api/content/groom_family_people
[2026-03-28T15:09:31.956Z] GET /api/content/groom_family_families
[2026-03-28T15:09:31.961Z] GET /api/content/groom_family_links
[2026-03-28T15:09:31.976Z] GET /api/rsvps
[2026-03-28T15:09:31.990Z] GET /api/content/gallery
[2026-03-28T15:09:31.992Z] GET /api/content/home_data
[2026-03-28T15:09:31.994Z] GET /api/content/moments
[2026-03-28T15:09:31.997Z] GET /api/content/stories
[2026-03-28T15:09:31.998Z] GET /api/content/events
[2026-03-28T15:09:32.003Z] GET /api/content/contact_data
[2026-03-28T15:09:32.009Z] GET /api/content/family_people
[2026-03-28T15:09:32.010Z] GET /api/content/family_families
[2026-03-28T15:09:32.010Z] GET /api/content/groom_family_people
[2026-03-28T15:09:32.015Z] GET /api/content/family_links
[2026-03-28T15:09:32.015Z] GET /api/content/groom_family_families
[2026-03-28T15:09:32.015Z] GET /api/content/groom_family_links
[2026-03-28T15:09:32.016Z] GET /api/rsvps
[2026-03-28T15:09:32.072Z] GET /api/content/events
[2026-03-28T15:09:32.073Z] GET /api/content/gallery
[2026-03-28T15:09:32.073Z] GET /api/content/moments
[2026-03-28T15:09:32.074Z] GET /api/content/home_data
[2026-03-28T15:09:32.074Z] GET /api/content/contact_data
[2026-03-28T15:09:32.074Z] GET /api/content/stories
[2026-03-28T15:09:32.083Z] GET /api/content/family_people
[2026-03-28T15:09:32.085Z] GET /api/content/family_families
[2026-03-28T15:09:32.090Z] GET /api/content/family_links
[2026-03-28T15:09:32.091Z] GET /api/content/groom_family_people
[2026-03-28T15:09:32.092Z] GET /api/content/groom_family_families
[2026-03-28T15:09:32.092Z] GET /api/content/groom_family_links
[2026-03-28T15:09:32.108Z] GET /api/rsvps
[2026-03-28T15:09:32.113Z] GET /api/content/events
[2026-03-28T15:09:32.113Z] GET /api/content/gallery
[2026-03-28T15:09:32.113Z] GET /api/content/moments
[2026-03-28T15:09:32.113Z] GET /api/content/home_data
[2026-03-28T15:09:32.113Z] GET /api/content/contact_data
[2026-03-28T15:09:32.126Z] GET /api/content/stories
[2026-03-28T15:09:32.128Z] GET /api/content/family_people
[2026-03-28T15:09:32.129Z] GET /api/content/family_links
[2026-03-28T15:09:32.130Z] GET /api/content/family_families
[2026-03-28T15:09:32.130Z] GET /api/content/groom_family_families
[2026-03-28T15:09:32.131Z] GET /api/content/groom_family_people
[2026-03-28T15:09:32.134Z] GET /api/content/groom_family_links
[2026-03-28T15:09:32.134Z] GET /api/rsvps
[2026-03-28T15:09:32.201Z] GET /api/content/events
[2026-03-28T15:09:32.202Z] GET /api/content/gallery
[2026-03-28T15:09:32.202Z] GET /api/content/moments
[2026-03-28T15:09:32.202Z] GET /api/content/home_data
[2026-03-28T15:09:32.203Z] GET /api/content/stories
[2026-03-28T15:09:32.204Z] GET /api/content/contact_data
[2026-03-28T15:09:32.206Z] GET /api/content/family_people
[2026-03-28T15:09:32.207Z] GET /api/content/family_families
[2026-03-28T15:09:32.207Z] GET /api/content/family_links
[2026-03-28T15:09:32.210Z] GET /api/content/groom_family_families
[2026-03-28T15:09:32.211Z] GET /api/content/groom_family_people
[2026-03-28T15:09:32.211Z] GET /api/content/groom_family_links
[2026-03-28T15:09:32.213Z] GET /api/rsvps
[2026-03-28T15:09:32.216Z] GET /api/content/gallery
[2026-03-28T15:09:32.216Z] GET /api/content/events
[2026-03-28T15:09:32.217Z] GET /api/content/moments
[2026-03-28T15:09:32.219Z] GET /api/content/home_data
[2026-03-28T15:09:32.221Z] GET /api/content/stories
[2026-03-28T15:09:32.225Z] GET /api/content/contact_data
[2026-03-28T15:09:32.228Z] GET /api/content/family_families
[2026-03-28T15:09:32.229Z] GET /api/content/family_people
[2026-03-28T15:09:32.230Z] GET /api/content/family_links
[2026-03-28T15:09:32.230Z] GET /api/content/groom_family_families
[2026-03-28T15:09:32.230Z] GET /api/content/groom_family_people
[2026-03-28T15:09:32.232Z] GET /api/content/groom_family_links
[2026-03-28T15:09:32.235Z] GET /api/rsvps
[2026-03-28T15:09:33.208Z] GET /api/content/events
[2026-03-28T15:09:33.209Z] GET /api/content/gallery
[2026-03-28T15:09:33.209Z] GET /api/content/moments
[2026-03-28T15:09:33.209Z] GET /api/content/home_data
[2026-03-28T15:09:33.209Z] GET /api/content/stories
[2026-03-28T15:09:33.209Z] GET /api/content/contact_data
[2026-03-28T15:09:33.214Z] GET /api/content/family_people
[2026-03-28T15:09:33.214Z] GET /api/content/family_families
[2026-03-28T15:09:33.215Z] GET /api/content/family_links
[2026-03-28T15:09:33.216Z] GET /api/content/groom_family_people
[2026-03-28T15:09:33.216Z] GET /api/content/groom_family_families
[2026-03-28T15:09:33.217Z] GET /api/content/groom_family_links
[2026-03-28T15:09:33.220Z] GET /api/rsvps
[2026-03-28T15:09:33.222Z] GET /api/content/events
[2026-03-28T15:09:33.223Z] GET /api/content/gallery
[2026-03-28T15:09:33.224Z] GET /api/content/moments
[2026-03-28T15:09:33.224Z] GET /api/content/stories
[2026-03-28T15:09:33.225Z] GET /api/content/home_data
[2026-03-28T15:09:33.226Z] GET /api/content/contact_data
[2026-03-28T15:09:33.234Z] GET /api/content/family_links
[2026-03-28T15:09:33.235Z] GET /api/content/family_families
[2026-03-28T15:09:33.235Z] GET /api/content/groom_family_people
[2026-03-28T15:09:33.235Z] GET /api/content/groom_family_families
[2026-03-28T15:09:33.235Z] GET /api/content/family_people
[2026-03-28T15:09:33.235Z] GET /api/content/groom_family_links
[2026-03-28T15:09:33.238Z] GET /api/rsvps
[2026-03-28T15:09:33.847Z] GET /api/content/events
[2026-03-28T15:09:33.847Z] GET /api/content/moments
[2026-03-28T15:09:33.848Z] GET /api/content/gallery
[2026-03-28T15:09:33.848Z] GET /api/content/home_data
[2026-03-28T15:09:33.848Z] GET /api/content/stories
[2026-03-28T15:09:33.850Z] GET /api/content/contact_data
[2026-03-28T15:09:33.852Z] GET /api/content/family_families
[2026-03-28T15:09:33.852Z] GET /api/content/family_people
[2026-03-28T15:09:33.853Z] GET /api/content/family_links
[2026-03-28T15:09:33.853Z] GET /api/content/groom_family_people
[2026-03-28T15:09:33.853Z] GET /api/content/groom_family_families
[2026-03-28T15:09:33.854Z] GET /api/content/groom_family_links
[2026-03-28T15:09:33.857Z] GET /api/rsvps
[2026-03-28T15:09:33.858Z] GET /api/content/events
[2026-03-28T15:09:33.858Z] GET /api/content/moments
[2026-03-28T15:09:33.858Z] GET /api/content/gallery
[2026-03-28T15:09:33.858Z] GET /api/content/home_data
[2026-03-28T15:09:33.858Z] GET /api/content/stories
[2026-03-28T15:09:33.863Z] GET /api/content/contact_data
[2026-03-28T15:09:33.863Z] GET /api/content/family_people
[2026-03-28T15:09:33.863Z] GET /api/content/family_families
[2026-03-28T15:09:33.864Z] GET /api/content/family_links
[2026-03-28T15:09:33.865Z] GET /api/content/groom_family_people
[2026-03-28T15:09:33.867Z] GET /api/content/groom_family_families
[2026-03-28T15:09:33.868Z] GET /api/content/groom_family_links
[2026-03-28T15:09:33.868Z] GET /api/rsvps
[2026-03-28T15:09:34.016Z] GET /api/content/gallery
[2026-03-28T15:09:34.017Z] GET /api/content/events
[2026-03-28T15:09:34.017Z] GET /api/content/home_data
[2026-03-28T15:09:34.017Z] GET /api/content/moments
[2026-03-28T15:09:34.018Z] GET /api/content/stories
[2026-03-28T15:09:34.019Z] GET /api/content/contact_data
[2026-03-28T15:09:34.020Z] GET /api/content/family_people
[2026-03-28T15:09:34.020Z] GET /api/content/family_families
[2026-03-28T15:09:34.021Z] GET /api/content/family_links
[2026-03-28T15:09:34.022Z] GET /api/content/groom_family_people
[2026-03-28T15:09:34.023Z] GET /api/content/groom_family_families
[2026-03-28T15:09:34.024Z] GET /api/content/groom_family_links
[2026-03-28T15:09:34.025Z] GET /api/rsvps
[2026-03-28T15:09:34.039Z] GET /api/content/gallery
[2026-03-28T15:09:34.040Z] GET /api/content/events
[2026-03-28T15:09:34.041Z] GET /api/content/home_data
[2026-03-28T15:09:34.042Z] GET /api/content/moments
[2026-03-28T15:09:34.043Z] GET /api/content/stories
[2026-03-28T15:09:34.045Z] GET /api/content/contact_data
[2026-03-28T15:09:34.045Z] GET /api/content/family_people
[2026-03-28T15:09:34.048Z] GET /api/content/family_families
[2026-03-28T15:09:34.049Z] GET /api/content/groom_family_people
[2026-03-28T15:09:34.050Z] GET /api/content/family_links
[2026-03-28T15:09:34.050Z] GET /api/content/groom_family_families
[2026-03-28T15:09:34.050Z] GET /api/content/groom_family_links
[2026-03-28T15:09:34.051Z] GET /api/rsvps
[2026-03-28T15:09:34.219Z] GET /api/content/gallery
[2026-03-28T15:09:34.220Z] GET /api/content/moments
[2026-03-28T15:09:34.220Z] GET /api/content/home_data
[2026-03-28T15:09:34.220Z] GET /api/content/events
[2026-03-28T15:09:34.220Z] GET /api/content/contact_data
[2026-03-28T15:09:34.221Z] GET /api/content/stories
[2026-03-28T15:09:34.226Z] GET /api/content/family_people
[2026-03-28T15:09:34.227Z] GET /api/content/family_families
[2026-03-28T15:09:34.227Z] GET /api/content/family_links
[2026-03-28T15:09:34.227Z] GET /api/content/groom_family_people
[2026-03-28T15:09:34.228Z] GET /api/content/groom_family_families
[2026-03-28T15:09:34.230Z] GET /api/content/groom_family_links
[2026-03-28T15:09:34.232Z] GET /api/rsvps
[2026-03-28T15:09:34.232Z] GET /api/content/moments
[2026-03-28T15:09:34.234Z] GET /api/content/gallery
[2026-03-28T15:09:34.234Z] GET /api/content/events
[2026-03-28T15:09:34.234Z] GET /api/content/home_data
[2026-03-28T15:09:34.234Z] GET /api/content/contact_data
[2026-03-28T15:09:34.236Z] GET /api/content/stories
[2026-03-28T15:09:34.243Z] GET /api/content/family_families
[2026-03-28T15:09:34.244Z] GET /api/content/family_people
[2026-03-28T15:09:34.244Z] GET /api/content/groom_family_people
[2026-03-28T15:09:34.245Z] GET /api/content/groom_family_families
[2026-03-28T15:09:34.246Z] GET /api/content/family_links
[2026-03-28T15:09:34.246Z] GET /api/content/groom_family_links
[2026-03-28T15:09:34.247Z] GET /api/rsvps
[2026-03-28T15:09:34.481Z] GET /api/content/events
[2026-03-28T15:09:34.481Z] GET /api/content/gallery
[2026-03-28T15:09:34.481Z] GET /api/content/moments
[2026-03-28T15:09:34.481Z] GET /api/content/home_data
[2026-03-28T15:09:34.481Z] GET /api/content/stories
[2026-03-28T15:09:34.482Z] GET /api/content/contact_data
[2026-03-28T15:09:34.486Z] GET /api/content/family_people
[2026-03-28T15:09:34.487Z] GET /api/content/family_families
[2026-03-28T15:09:34.488Z] GET /api/content/family_links
[2026-03-28T15:09:34.489Z] GET /api/content/groom_family_people
[2026-03-28T15:09:34.490Z] GET /api/content/groom_family_families
[2026-03-28T15:09:34.490Z] GET /api/content/groom_family_links
[2026-03-28T15:09:34.493Z] GET /api/rsvps
[2026-03-28T15:09:34.495Z] GET /api/content/moments
[2026-03-28T15:09:34.497Z] GET /api/content/events
[2026-03-28T15:09:34.497Z] GET /api/content/gallery
[2026-03-28T15:09:34.497Z] GET /api/content/stories
[2026-03-28T15:09:34.505Z] GET /api/content/home_data
[2026-03-28T15:09:34.506Z] GET /api/content/contact_data
[2026-03-28T15:09:34.506Z] GET /api/content/family_people
[2026-03-28T15:09:34.506Z] GET /api/content/family_families
[2026-03-28T15:09:34.510Z] GET /api/content/family_links
[2026-03-28T15:09:34.511Z] GET /api/content/groom_family_people
[2026-03-28T15:09:34.511Z] GET /api/content/groom_family_families
[2026-03-28T15:09:34.511Z] GET /api/content/groom_family_links
[2026-03-28T15:09:34.512Z] GET /api/rsvps
[2026-03-28T15:09:34.973Z] GET /api/content/events
[2026-03-28T15:09:34.974Z] GET /api/content/gallery
[2026-03-28T15:09:34.974Z] GET /api/content/moments
[2026-03-28T15:09:34.974Z] GET /api/content/home_data
[2026-03-28T15:09:34.974Z] GET /api/content/stories
[2026-03-28T15:09:34.976Z] GET /api/content/contact_data
[2026-03-28T15:09:34.977Z] GET /api/content/family_people
[2026-03-28T15:09:34.978Z] GET /api/content/family_families
[2026-03-28T15:09:34.979Z] GET /api/content/family_links
[2026-03-28T15:09:34.981Z] GET /api/content/groom_family_people
[2026-03-28T15:09:34.981Z] GET /api/content/groom_family_families
[2026-03-28T15:09:34.991Z] GET /api/content/groom_family_links
[2026-03-28T15:09:34.993Z] GET /api/rsvps
[2026-03-28T15:09:34.994Z] GET /api/content/gallery
[2026-03-28T15:09:34.996Z] GET /api/content/events
[2026-03-28T15:09:34.996Z] GET /api/content/moments
[2026-03-28T15:09:34.996Z] GET /api/content/home_data
[2026-03-28T15:09:34.999Z] GET /api/content/stories
[2026-03-28T15:09:34.999Z] GET /api/content/contact_data
[2026-03-28T15:09:35.000Z] GET /api/content/family_people
[2026-03-28T15:09:35.000Z] GET /api/content/family_families
[2026-03-28T15:09:35.004Z] GET /api/content/family_links
[2026-03-28T15:09:35.007Z] GET /api/content/groom_family_families
[2026-03-28T15:09:35.007Z] GET /api/content/groom_family_people
[2026-03-28T15:09:35.008Z] GET /api/content/groom_family_links
[2026-03-28T15:09:35.008Z] GET /api/rsvps
[2026-03-28T15:09:35.156Z] GET /api/content/gallery
[2026-03-28T15:09:35.157Z] GET /api/content/events
[2026-03-28T15:09:35.157Z] GET /api/content/moments
[2026-03-28T15:09:35.157Z] GET /api/content/home_data
[2026-03-28T15:09:35.157Z] GET /api/content/stories
[2026-03-28T15:09:35.159Z] GET /api/content/contact_data
[2026-03-28T15:09:35.160Z] GET /api/content/family_people
[2026-03-28T15:09:35.161Z] GET /api/content/family_families
[2026-03-28T15:09:35.162Z] GET /api/content/family_links
[2026-03-28T15:09:35.163Z] GET /api/content/groom_family_people
[2026-03-28T15:09:35.165Z] GET /api/content/groom_family_families
[2026-03-28T15:09:35.166Z] GET /api/content/groom_family_links
[2026-03-28T15:09:35.168Z] GET /api/rsvps
[2026-03-28T15:09:35.169Z] GET /api/content/events
[2026-03-28T15:09:35.169Z] GET /api/content/gallery
[2026-03-28T15:09:35.170Z] GET /api/content/moments
[2026-03-28T15:09:35.170Z] GET /api/content/home_data
[2026-03-28T15:09:35.173Z] GET /api/content/stories
[2026-03-28T15:09:35.176Z] GET /api/content/contact_data
[2026-03-28T15:09:35.176Z] GET /api/content/family_people
[2026-03-28T15:09:35.177Z] GET /api/content/family_families
[2026-03-28T15:09:35.179Z] GET /api/content/family_links
[2026-03-28T15:09:35.179Z] GET /api/content/groom_family_links
[2026-03-28T15:09:35.180Z] GET /api/content/groom_family_people
[2026-03-28T15:09:35.180Z] GET /api/content/groom_family_families
[2026-03-28T15:09:35.180Z] GET /api/rsvps
[2026-03-28T15:09:35.317Z] GET /api/content/events
[2026-03-28T15:09:35.318Z] GET /api/content/gallery
[2026-03-28T15:09:35.318Z] GET /api/content/moments
[2026-03-28T15:09:35.318Z] GET /api/content/home_data
[2026-03-28T15:09:35.319Z] GET /api/content/stories
[2026-03-28T15:09:35.320Z] GET /api/content/contact_data
[2026-03-28T15:09:35.321Z] GET /api/content/family_people
[2026-03-28T15:09:35.321Z] GET /api/content/family_families
[2026-03-28T15:09:35.321Z] GET /api/content/family_links
[2026-03-28T15:09:35.323Z] GET /api/content/groom_family_people
[2026-03-28T15:09:35.324Z] GET /api/content/groom_family_families
[2026-03-28T15:09:35.324Z] GET /api/content/groom_family_links
[2026-03-28T15:09:35.328Z] GET /api/rsvps
[2026-03-28T15:09:35.328Z] GET /api/content/events
[2026-03-28T15:09:35.328Z] GET /api/content/gallery
[2026-03-28T15:09:35.328Z] GET /api/content/moments
[2026-03-28T15:09:35.329Z] GET /api/content/stories
[2026-03-28T15:09:35.329Z] GET /api/content/home_data
[2026-03-28T15:09:35.333Z] GET /api/content/contact_data
[2026-03-28T15:09:35.334Z] GET /api/content/family_families
[2026-03-28T15:09:35.335Z] GET /api/content/family_people
[2026-03-28T15:09:35.337Z] GET /api/content/family_links
[2026-03-28T15:09:35.338Z] GET /api/content/groom_family_people
[2026-03-28T15:09:35.340Z] GET /api/content/groom_family_links
[2026-03-28T15:09:35.340Z] GET /api/content/groom_family_families
[2026-03-28T15:09:35.340Z] GET /api/rsvps
[2026-03-28T15:09:37.647Z] GET /api/content/contact_data
[2026-03-28T15:09:37.652Z] GET /api/content/moments
[2026-03-28T15:09:37.653Z] GET /api/content/home_data
[2026-03-28T15:09:37.653Z] GET /api/content/events
[2026-03-28T15:09:37.654Z] GET /api/content/gallery
[2026-03-28T15:09:37.654Z] GET /api/content/family_people
[2026-03-28T15:09:37.659Z] GET /api/content/family_links
[2026-03-28T15:09:37.659Z] GET /api/content/stories
[2026-03-28T15:09:37.659Z] GET /api/content/family_families
[2026-03-28T15:09:37.659Z] GET /api/content/groom_family_people
[2026-03-28T15:09:37.660Z] GET /api/content/groom_family_links
[2026-03-28T15:09:37.661Z] GET /api/rsvps
[2026-03-28T15:09:37.663Z] GET /api/content/groom_family_families
[2026-03-28T15:09:37.664Z] GET /api/content/events
[2026-03-28T15:09:37.664Z] GET /api/content/gallery
[2026-03-28T15:09:37.665Z] GET /api/content/moments
[2026-03-28T15:09:37.668Z] GET /api/content/family_people
[2026-03-28T15:09:37.670Z] GET /api/content/contact_data
[2026-03-28T15:09:37.670Z] GET /api/content/home_data
[2026-03-28T15:09:37.671Z] GET /api/content/family_links
[2026-03-28T15:09:37.673Z] GET /api/content/stories
[2026-03-28T15:09:37.673Z] GET /api/content/family_families
[2026-03-28T15:09:37.674Z] GET /api/content/groom_family_people
[2026-03-28T15:09:37.675Z] GET /api/content/groom_family_links
[2026-03-28T15:09:37.676Z] GET /api/content/groom_family_families
[2026-03-28T15:09:37.689Z] GET /api/rsvps
[2026-03-28T15:09:37.751Z] GET /api/content/gallery
[2026-03-28T15:09:37.756Z] GET /api/content/events
[2026-03-28T15:09:37.757Z] GET /api/content/moments
[2026-03-28T15:09:37.760Z] GET /api/content/stories
[2026-03-28T15:09:37.762Z] GET /api/content/contact_data
[2026-03-28T15:09:37.763Z] GET /api/content/family_people
[2026-03-28T15:09:37.763Z] GET /api/content/home_data
[2026-03-28T15:09:37.763Z] GET /api/content/groom_family_families
[2026-03-28T15:09:37.764Z] GET /api/content/family_families
[2026-03-28T15:09:37.765Z] GET /api/content/family_links
[2026-03-28T15:09:37.770Z] GET /api/content/groom_family_people
[2026-03-28T15:09:37.772Z] GET /api/content/groom_family_links
[2026-03-28T15:09:37.775Z] GET /api/content/gallery
[2026-03-28T15:09:37.775Z] GET /api/content/events
[2026-03-28T15:09:37.775Z] GET /api/rsvps
[2026-03-28T15:09:37.775Z] GET /api/content/moments
[2026-03-28T15:09:37.778Z] GET /api/content/stories
[2026-03-28T15:09:37.779Z] GET /api/content/contact_data
[2026-03-28T15:09:37.779Z] GET /api/content/family_people
[2026-03-28T15:09:37.779Z] GET /api/content/groom_family_families
[2026-03-28T15:09:37.779Z] GET /api/content/family_families
[2026-03-28T15:09:37.781Z] GET /api/content/home_data
[2026-03-28T15:09:37.782Z] GET /api/content/family_links
[2026-03-28T15:09:37.782Z] GET /api/content/groom_family_links
[2026-03-28T15:09:37.782Z] GET /api/content/groom_family_people
[2026-03-28T15:09:37.782Z] GET /api/rsvps
[2026-03-28T15:09:37.887Z] GET /api/content/gallery
[2026-03-28T15:09:37.888Z] GET /api/content/moments
[2026-03-28T15:09:37.888Z] GET /api/content/events
[2026-03-28T15:09:37.889Z] GET /api/content/home_data
[2026-03-28T15:09:37.889Z] GET /api/content/stories
[2026-03-28T15:09:37.890Z] GET /api/content/contact_data
[2026-03-28T15:09:37.891Z] GET /api/content/family_people
[2026-03-28T15:09:37.892Z] GET /api/content/family_families
[2026-03-28T15:09:37.893Z] GET /api/content/family_links
[2026-03-28T15:09:37.895Z] GET /api/content/groom_family_people
[2026-03-28T15:09:37.895Z] GET /api/content/groom_family_families
[2026-03-28T15:09:37.896Z] GET /api/content/groom_family_links
[2026-03-28T15:09:37.896Z] GET /api/rsvps
[2026-03-28T15:09:37.896Z] GET /api/content/moments
[2026-03-28T15:09:37.896Z] GET /api/content/gallery
[2026-03-28T15:09:37.900Z] GET /api/content/events
[2026-03-28T15:09:37.900Z] GET /api/content/home_data
[2026-03-28T15:09:37.901Z] GET /api/content/stories
[2026-03-28T15:09:37.902Z] GET /api/content/contact_data
[2026-03-28T15:09:37.904Z] GET /api/content/family_people
[2026-03-28T15:09:37.905Z] GET /api/content/family_families
[2026-03-28T15:09:37.906Z] GET /api/content/family_links
[2026-03-28T15:09:37.908Z] GET /api/content/groom_family_families
[2026-03-28T15:09:37.908Z] GET /api/content/groom_family_people
[2026-03-28T15:09:37.908Z] GET /api/content/groom_family_links
[2026-03-28T15:09:37.909Z] GET /api/rsvps
[2026-03-28T15:09:38.052Z] GET /api/content/gallery
[2026-03-28T15:09:38.052Z] GET /api/content/events
[2026-03-28T15:09:38.052Z] GET /api/content/moments
[2026-03-28T15:09:38.052Z] GET /api/content/home_data
[2026-03-28T15:09:38.052Z] GET /api/content/contact_data
[2026-03-28T15:09:38.052Z] GET /api/content/stories
[2026-03-28T15:09:38.056Z] GET /api/content/family_people
[2026-03-28T15:09:38.057Z] GET /api/content/family_families
[2026-03-28T15:09:38.057Z] GET /api/content/family_links
[2026-03-28T15:09:38.057Z] GET /api/content/groom_family_people
[2026-03-28T15:09:38.057Z] GET /api/content/groom_family_families
[2026-03-28T15:09:38.059Z] GET /api/content/groom_family_links
[2026-03-28T15:09:38.060Z] GET /api/rsvps
[2026-03-28T15:09:38.062Z] GET /api/content/events
[2026-03-28T15:09:38.062Z] GET /api/content/moments
[2026-03-28T15:09:38.062Z] GET /api/content/gallery
[2026-03-28T15:09:38.063Z] GET /api/content/contact_data
[2026-03-28T15:09:38.065Z] GET /api/content/home_data
[2026-03-28T15:09:38.066Z] GET /api/content/stories
[2026-03-28T15:09:38.068Z] GET /api/content/family_families
[2026-03-28T15:09:38.068Z] GET /api/content/family_people
[2026-03-28T15:09:38.069Z] GET /api/content/groom_family_people
[2026-03-28T15:09:38.069Z] GET /api/content/family_links
[2026-03-28T15:09:38.069Z] GET /api/content/groom_family_families
[2026-03-28T15:09:38.070Z] GET /api/content/groom_family_links
[2026-03-28T15:09:38.071Z] GET /api/rsvps
[2026-03-28T15:09:52.608Z] GET /api/content/events
[2026-03-28T15:09:52.609Z] GET /api/content/gallery
[2026-03-28T15:09:52.609Z] GET /api/content/moments
[2026-03-28T15:09:52.610Z] GET /api/content/home_data
[2026-03-28T15:09:52.610Z] GET /api/content/stories
[2026-03-28T15:09:52.610Z] GET /api/content/contact_data
[2026-03-28T15:09:52.618Z] GET /api/content/family_people
[2026-03-28T15:09:52.619Z] GET /api/content/family_families
[2026-03-28T15:09:52.619Z] GET /api/content/family_links
[2026-03-28T15:09:52.620Z] GET /api/content/groom_family_people
[2026-03-28T15:09:52.625Z] GET /api/content/groom_family_families
[2026-03-28T15:09:52.634Z] GET /api/content/groom_family_links
[2026-03-28T15:09:52.668Z] GET /api/rsvps
[2026-03-28T15:09:52.671Z] GET /api/content/gallery
[2026-03-28T15:09:52.676Z] GET /api/content/stories
[2026-03-28T15:09:52.678Z] GET /api/content/moments
[2026-03-28T15:09:52.683Z] GET /api/content/contact_data
[2026-03-28T15:09:52.687Z] GET /api/content/events
[2026-03-28T15:09:52.691Z] GET /api/content/home_data
[2026-03-28T15:09:52.695Z] GET /api/content/family_people
[2026-03-28T15:09:52.696Z] GET /api/content/family_families
[2026-03-28T15:09:52.697Z] GET /api/content/family_links
[2026-03-28T15:09:52.698Z] GET /api/content/groom_family_people
[2026-03-28T15:09:52.700Z] GET /api/content/groom_family_families
[2026-03-28T15:09:52.700Z] GET /api/content/groom_family_links
[2026-03-28T15:09:52.701Z] GET /api/rsvps
[2026-03-28T15:09:52.842Z] GET /api/content/events
[2026-03-28T15:09:52.842Z] GET /api/content/gallery
[2026-03-28T15:09:52.842Z] GET /api/content/moments
[2026-03-28T15:09:52.842Z] GET /api/content/home_data
[2026-03-28T15:09:52.843Z] GET /api/content/stories
[2026-03-28T15:09:52.844Z] GET /api/content/contact_data
[2026-03-28T15:09:52.856Z] GET /api/content/family_people
[2026-03-28T15:09:52.856Z] GET /api/content/family_families
[2026-03-28T15:09:52.856Z] GET /api/content/family_links
[2026-03-28T15:09:52.857Z] GET /api/content/groom_family_people
[2026-03-28T15:09:52.857Z] GET /api/content/groom_family_families
[2026-03-28T15:09:52.857Z] GET /api/content/groom_family_links
[2026-03-28T15:09:52.860Z] GET /api/rsvps
[2026-03-28T15:09:52.863Z] GET /api/content/gallery
[2026-03-28T15:09:52.863Z] GET /api/content/events
[2026-03-28T15:09:52.865Z] GET /api/content/moments
[2026-03-28T15:09:52.865Z] GET /api/content/home_data
[2026-03-28T15:09:52.869Z] GET /api/content/stories
[2026-03-28T15:09:52.870Z] GET /api/content/contact_data
[2026-03-28T15:09:52.870Z] GET /api/content/family_families
[2026-03-28T15:09:52.870Z] GET /api/content/family_links
[2026-03-28T15:09:52.872Z] GET /api/content/groom_family_families
[2026-03-28T15:09:52.873Z] GET /api/content/family_people
[2026-03-28T15:09:52.874Z] GET /api/content/groom_family_people
[2026-03-28T15:09:52.875Z] GET /api/content/groom_family_links
[2026-03-28T15:09:52.876Z] GET /api/rsvps
[2026-03-28T15:09:53.044Z] GET /api/content/events
[2026-03-28T15:09:53.044Z] GET /api/content/gallery
[2026-03-28T15:09:53.044Z] GET /api/content/moments
[2026-03-28T15:09:53.045Z] GET /api/content/home_data
[2026-03-28T15:09:53.045Z] GET /api/content/stories
[2026-03-28T15:09:53.045Z] GET /api/content/contact_data
[2026-03-28T15:09:53.048Z] GET /api/content/family_people
[2026-03-28T15:09:53.048Z] GET /api/content/family_families
[2026-03-28T15:09:53.049Z] GET /api/content/family_links
[2026-03-28T15:09:53.049Z] GET /api/content/groom_family_people
[2026-03-28T15:09:53.049Z] GET /api/content/groom_family_families
[2026-03-28T15:09:53.049Z] GET /api/content/groom_family_links
[2026-03-28T15:09:53.055Z] GET /api/rsvps
[2026-03-28T15:09:53.055Z] GET /api/content/gallery
[2026-03-28T15:09:53.055Z] GET /api/content/events
[2026-03-28T15:09:53.056Z] GET /api/content/moments
[2026-03-28T15:09:53.056Z] GET /api/content/stories
[2026-03-28T15:09:53.057Z] GET /api/content/contact_data
[2026-03-28T15:09:53.060Z] GET /api/content/home_data
[2026-03-28T15:09:53.060Z] GET /api/content/family_links
[2026-03-28T15:09:53.062Z] GET /api/content/family_families
[2026-03-28T15:09:53.063Z] GET /api/content/family_people
[2026-03-28T15:09:53.065Z] GET /api/content/groom_family_links
[2026-03-28T15:09:53.066Z] GET /api/content/groom_family_people
[2026-03-28T15:09:53.067Z] GET /api/content/groom_family_families
[2026-03-28T15:09:53.070Z] GET /api/rsvps
[2026-03-28T15:09:53.245Z] GET /api/content/events
[2026-03-28T15:09:53.245Z] GET /api/content/gallery
[2026-03-28T15:09:53.245Z] GET /api/content/moments
[2026-03-28T15:09:53.245Z] GET /api/content/home_data
[2026-03-28T15:09:53.245Z] GET /api/content/stories
[2026-03-28T15:09:53.246Z] GET /api/content/contact_data
[2026-03-28T15:09:53.250Z] GET /api/content/family_people
[2026-03-28T15:09:53.250Z] GET /api/content/family_families
[2026-03-28T15:09:53.251Z] GET /api/content/family_links
[2026-03-28T15:09:53.252Z] GET /api/content/groom_family_people
[2026-03-28T15:09:53.252Z] GET /api/content/groom_family_families
[2026-03-28T15:09:53.254Z] GET /api/content/groom_family_links
[2026-03-28T15:09:53.258Z] GET /api/rsvps
[2026-03-28T15:09:53.258Z] GET /api/content/events
[2026-03-28T15:09:53.258Z] GET /api/content/gallery
[2026-03-28T15:09:53.258Z] GET /api/content/moments
[2026-03-28T15:09:53.258Z] GET /api/content/stories
[2026-03-28T15:09:53.258Z] GET /api/content/contact_data
[2026-03-28T15:09:53.261Z] GET /api/content/home_data
[2026-03-28T15:09:53.265Z] GET /api/content/family_families
[2026-03-28T15:09:53.265Z] GET /api/content/family_people
[2026-03-28T15:09:53.266Z] GET /api/content/groom_family_people
[2026-03-28T15:09:53.267Z] GET /api/content/family_links
[2026-03-28T15:09:53.268Z] GET /api/content/groom_family_families
[2026-03-28T15:09:53.269Z] GET /api/content/groom_family_links
[2026-03-28T15:09:53.270Z] GET /api/rsvps
[2026-03-28T15:09:53.423Z] GET /api/content/events
[2026-03-28T15:09:53.423Z] GET /api/content/gallery
[2026-03-28T15:09:53.424Z] GET /api/content/moments
[2026-03-28T15:09:53.424Z] GET /api/content/stories
[2026-03-28T15:09:53.424Z] GET /api/content/contact_data
[2026-03-28T15:09:53.424Z] GET /api/content/home_data
[2026-03-28T15:09:53.427Z] GET /api/content/family_people
[2026-03-28T15:09:53.427Z] GET /api/content/family_families
[2026-03-28T15:09:53.427Z] GET /api/content/family_links
[2026-03-28T15:09:53.427Z] GET /api/content/groom_family_people
[2026-03-28T15:09:53.428Z] GET /api/content/groom_family_families
[2026-03-28T15:09:53.428Z] GET /api/content/groom_family_links
[2026-03-28T15:09:53.431Z] GET /api/rsvps
[2026-03-28T15:09:53.433Z] GET /api/content/events
[2026-03-28T15:09:53.433Z] GET /api/content/gallery
[2026-03-28T15:09:53.434Z] GET /api/content/moments
[2026-03-28T15:09:53.434Z] GET /api/content/stories
[2026-03-28T15:09:53.434Z] GET /api/content/contact_data
[2026-03-28T15:09:53.441Z] GET /api/content/home_data
[2026-03-28T15:09:53.441Z] GET /api/content/family_families
[2026-03-28T15:09:53.441Z] GET /api/content/family_links
[2026-03-28T15:09:53.442Z] GET /api/content/family_people
[2026-03-28T15:09:53.445Z] GET /api/content/groom_family_people
[2026-03-28T15:09:53.446Z] GET /api/content/groom_family_families
[2026-03-28T15:09:53.447Z] GET /api/content/groom_family_links
[2026-03-28T15:09:53.450Z] GET /api/rsvps
[2026-03-28T15:09:53.591Z] GET /api/content/events
[2026-03-28T15:09:53.592Z] GET /api/content/gallery
[2026-03-28T15:09:53.592Z] GET /api/content/moments
[2026-03-28T15:09:53.592Z] GET /api/content/home_data
[2026-03-28T15:09:53.592Z] GET /api/content/stories
[2026-03-28T15:09:53.594Z] GET /api/content/contact_data
[2026-03-28T15:09:53.596Z] GET /api/content/family_people
[2026-03-28T15:09:53.596Z] GET /api/content/family_families
[2026-03-28T15:09:53.596Z] GET /api/content/family_links
[2026-03-28T15:09:53.596Z] GET /api/content/groom_family_people
[2026-03-28T15:09:53.596Z] GET /api/content/groom_family_families
[2026-03-28T15:09:53.603Z] GET /api/content/groom_family_links
[2026-03-28T15:09:53.607Z] GET /api/rsvps
[2026-03-28T15:09:53.608Z] GET /api/content/gallery
[2026-03-28T15:09:53.608Z] GET /api/content/events
[2026-03-28T15:09:53.608Z] GET /api/content/moments
[2026-03-28T15:09:53.609Z] GET /api/content/home_data
[2026-03-28T15:09:53.610Z] GET /api/content/stories
[2026-03-28T15:09:53.613Z] GET /api/content/contact_data
[2026-03-28T15:09:53.614Z] GET /api/content/family_families
[2026-03-28T15:09:53.615Z] GET /api/content/family_people
[2026-03-28T15:09:53.616Z] GET /api/content/family_links
[2026-03-28T15:09:53.618Z] GET /api/content/groom_family_people
[2026-03-28T15:09:53.619Z] GET /api/content/groom_family_families
[2026-03-28T15:09:53.619Z] GET /api/content/groom_family_links
[2026-03-28T15:09:53.620Z] GET /api/rsvps
[2026-03-28T15:09:53.759Z] GET /api/content/events
[2026-03-28T15:09:53.760Z] GET /api/content/gallery
[2026-03-28T15:09:53.760Z] GET /api/content/moments
[2026-03-28T15:09:53.760Z] GET /api/content/home_data
[2026-03-28T15:09:53.760Z] GET /api/content/stories
[2026-03-28T15:09:53.762Z] GET /api/content/contact_data
[2026-03-28T15:09:53.763Z] GET /api/content/family_people
[2026-03-28T15:09:53.763Z] GET /api/content/family_families
[2026-03-28T15:09:53.764Z] GET /api/content/family_links
[2026-03-28T15:09:53.764Z] GET /api/content/groom_family_people
[2026-03-28T15:09:53.764Z] GET /api/content/groom_family_families
[2026-03-28T15:09:53.771Z] GET /api/content/groom_family_links
[2026-03-28T15:09:53.773Z] GET /api/rsvps
[2026-03-28T15:09:53.775Z] GET /api/content/events
[2026-03-28T15:09:53.775Z] GET /api/content/gallery
[2026-03-28T15:09:53.775Z] GET /api/content/moments
[2026-03-28T15:09:53.776Z] GET /api/content/home_data
[2026-03-28T15:09:53.776Z] GET /api/content/stories
[2026-03-28T15:09:53.780Z] GET /api/content/contact_data
[2026-03-28T15:09:53.783Z] GET /api/content/family_families
[2026-03-28T15:09:53.783Z] GET /api/content/family_people
[2026-03-28T15:09:53.783Z] GET /api/content/family_links
[2026-03-28T15:09:53.784Z] GET /api/content/groom_family_people
[2026-03-28T15:09:53.786Z] GET /api/content/groom_family_families
[2026-03-28T15:09:53.786Z] GET /api/content/groom_family_links
[2026-03-28T15:09:53.786Z] GET /api/rsvps
[2026-03-28T15:09:53.979Z] GET /api/content/events
[2026-03-28T15:09:53.979Z] GET /api/content/moments
[2026-03-28T15:09:53.980Z] GET /api/content/gallery
[2026-03-28T15:09:53.980Z] GET /api/content/home_data
[2026-03-28T15:09:53.980Z] GET /api/content/stories
[2026-03-28T15:09:53.980Z] GET /api/content/contact_data
[2026-03-28T15:09:53.983Z] GET /api/content/family_people
[2026-03-28T15:09:53.984Z] GET /api/content/family_links
[2026-03-28T15:09:53.984Z] GET /api/content/family_families
[2026-03-28T15:09:53.984Z] GET /api/content/groom_family_people
[2026-03-28T15:09:53.984Z] GET /api/content/groom_family_links
[2026-03-28T15:09:53.984Z] GET /api/content/groom_family_families
[2026-03-28T15:09:53.988Z] GET /api/rsvps
[2026-03-28T15:09:53.989Z] GET /api/content/events
[2026-03-28T15:09:53.990Z] GET /api/content/moments
[2026-03-28T15:09:53.991Z] GET /api/content/gallery
[2026-03-28T15:09:53.991Z] GET /api/content/home_data
[2026-03-28T15:09:53.993Z] GET /api/content/stories
[2026-03-28T15:09:53.997Z] GET /api/content/contact_data
[2026-03-28T15:09:54.000Z] GET /api/content/family_links
[2026-03-28T15:09:54.001Z] GET /api/content/family_families
[2026-03-28T15:09:54.002Z] GET /api/content/groom_family_people
[2026-03-28T15:09:54.002Z] GET /api/content/family_people
[2026-03-28T15:09:54.002Z] GET /api/content/groom_family_links
[2026-03-28T15:09:54.003Z] GET /api/content/groom_family_families
[2026-03-28T15:09:54.006Z] GET /api/rsvps
[2026-03-28T15:09:54.161Z] GET /api/content/events
[2026-03-28T15:09:54.162Z] GET /api/content/gallery
[2026-03-28T15:09:54.162Z] GET /api/content/moments
[2026-03-28T15:09:54.162Z] GET /api/content/home_data
[2026-03-28T15:09:54.162Z] GET /api/content/stories
[2026-03-28T15:09:54.164Z] GET /api/content/contact_data
[2026-03-28T15:09:54.165Z] GET /api/content/family_people
[2026-03-28T15:09:54.166Z] GET /api/content/family_links
[2026-03-28T15:09:54.166Z] GET /api/content/family_families
[2026-03-28T15:09:54.166Z] GET /api/content/groom_family_people
[2026-03-28T15:09:54.166Z] GET /api/content/groom_family_links
[2026-03-28T15:09:54.168Z] GET /api/content/groom_family_families
[2026-03-28T15:09:54.170Z] GET /api/rsvps
[2026-03-28T15:09:54.170Z] GET /api/content/gallery
[2026-03-28T15:09:54.171Z] GET /api/content/events
[2026-03-28T15:09:54.171Z] GET /api/content/moments
[2026-03-28T15:09:54.171Z] GET /api/content/home_data
[2026-03-28T15:09:54.173Z] GET /api/content/stories
[2026-03-28T15:09:54.176Z] GET /api/content/contact_data
[2026-03-28T15:09:54.177Z] GET /api/content/family_people
[2026-03-28T15:09:54.178Z] GET /api/content/family_families
[2026-03-28T15:09:54.179Z] GET /api/content/groom_family_people
[2026-03-28T15:09:54.180Z] GET /api/content/family_links
[2026-03-28T15:09:54.181Z] GET /api/content/groom_family_links
[2026-03-28T15:09:54.182Z] GET /api/content/groom_family_families
[2026-03-28T15:09:54.183Z] GET /api/rsvps
[2026-03-28T15:09:54.383Z] GET /api/content/events
[2026-03-28T15:09:54.384Z] GET /api/content/gallery
[2026-03-28T15:09:54.384Z] GET /api/content/moments
[2026-03-28T15:09:54.384Z] GET /api/content/home_data
[2026-03-28T15:09:54.385Z] GET /api/content/contact_data
[2026-03-28T15:09:54.386Z] GET /api/content/stories
[2026-03-28T15:09:54.388Z] GET /api/content/family_people
[2026-03-28T15:09:54.388Z] GET /api/content/family_families
[2026-03-28T15:09:54.389Z] GET /api/content/family_links
[2026-03-28T15:09:54.389Z] GET /api/content/groom_family_people
[2026-03-28T15:09:54.389Z] GET /api/content/groom_family_families
[2026-03-28T15:09:54.391Z] GET /api/content/groom_family_links
[2026-03-28T15:09:54.393Z] GET /api/rsvps
[2026-03-28T15:09:54.394Z] GET /api/content/gallery
[2026-03-28T15:09:54.394Z] GET /api/content/events
[2026-03-28T15:09:54.394Z] GET /api/content/moments
[2026-03-28T15:09:54.394Z] GET /api/content/home_data
[2026-03-28T15:09:54.394Z] GET /api/content/contact_data
[2026-03-28T15:09:54.400Z] GET /api/content/stories
[2026-03-28T15:09:54.401Z] GET /api/content/family_families
[2026-03-28T15:09:54.401Z] GET /api/content/family_people
[2026-03-28T15:09:54.403Z] GET /api/content/family_links
[2026-03-28T15:09:54.405Z] GET /api/content/groom_family_people
[2026-03-28T15:09:54.406Z] GET /api/content/groom_family_families
[2026-03-28T15:09:54.407Z] GET /api/content/groom_family_links
[2026-03-28T15:09:54.407Z] GET /api/rsvps
[2026-03-28T15:09:54.601Z] GET /api/content/events
[2026-03-28T15:09:54.601Z] GET /api/content/gallery
[2026-03-28T15:09:54.601Z] GET /api/content/moments
[2026-03-28T15:09:54.601Z] GET /api/content/home_data
[2026-03-28T15:09:54.601Z] GET /api/content/stories
[2026-03-28T15:09:54.603Z] GET /api/content/contact_data
[2026-03-28T15:09:54.604Z] GET /api/content/family_people
[2026-03-28T15:09:54.606Z] GET /api/content/family_links
[2026-03-28T15:09:54.607Z] GET /api/content/family_families
[2026-03-28T15:09:54.607Z] GET /api/content/groom_family_people
[2026-03-28T15:09:54.607Z] GET /api/content/groom_family_families
[2026-03-28T15:09:54.616Z] GET /api/content/groom_family_links
[2026-03-28T15:09:54.617Z] GET /api/rsvps
[2026-03-28T15:09:54.618Z] GET /api/content/gallery
[2026-03-28T15:09:54.618Z] GET /api/content/events
[2026-03-28T15:09:54.620Z] GET /api/content/moments
[2026-03-28T15:09:54.622Z] GET /api/content/home_data
[2026-03-28T15:09:54.622Z] GET /api/content/stories
[2026-03-28T15:09:54.624Z] GET /api/content/contact_data
[2026-03-28T15:09:54.625Z] GET /api/content/family_people
[2026-03-28T15:09:54.625Z] GET /api/content/family_links
[2026-03-28T15:09:54.628Z] GET /api/content/family_families
[2026-03-28T15:09:54.629Z] GET /api/content/groom_family_people
[2026-03-28T15:09:54.629Z] GET /api/content/groom_family_families
[2026-03-28T15:09:54.629Z] GET /api/content/groom_family_links
[2026-03-28T15:09:54.630Z] GET /api/rsvps
[2026-03-28T15:09:54.798Z] GET /api/content/events
[2026-03-28T15:09:54.799Z] GET /api/content/gallery
[2026-03-28T15:09:54.799Z] GET /api/content/moments
[2026-03-28T15:09:54.799Z] GET /api/content/home_data
[2026-03-28T15:09:54.800Z] GET /api/content/stories
[2026-03-28T15:09:54.801Z] GET /api/content/contact_data
[2026-03-28T15:09:54.802Z] GET /api/content/family_families
[2026-03-28T15:09:54.802Z] GET /api/content/family_people
[2026-03-28T15:09:54.803Z] GET /api/content/family_links
[2026-03-28T15:09:54.804Z] GET /api/content/groom_family_people
[2026-03-28T15:09:54.805Z] GET /api/content/groom_family_families
[2026-03-28T15:09:54.806Z] GET /api/content/groom_family_links
[2026-03-28T15:09:54.807Z] GET /api/rsvps
[2026-03-28T15:09:54.807Z] GET /api/content/events
[2026-03-28T15:09:54.808Z] GET /api/content/gallery
[2026-03-28T15:09:54.809Z] GET /api/content/moments
[2026-03-28T15:09:54.810Z] GET /api/content/home_data
[2026-03-28T15:09:54.813Z] GET /api/content/stories
[2026-03-28T15:09:54.814Z] GET /api/content/contact_data
[2026-03-28T15:09:54.814Z] GET /api/content/family_families
[2026-03-28T15:09:54.815Z] GET /api/content/family_people
[2026-03-28T15:09:54.816Z] GET /api/content/family_links
[2026-03-28T15:09:54.818Z] GET /api/content/groom_family_people
[2026-03-28T15:09:54.823Z] GET /api/content/groom_family_families
[2026-03-28T15:09:54.823Z] GET /api/content/groom_family_links
[2026-03-28T15:09:54.823Z] GET /api/rsvps
[2026-03-28T15:09:54.998Z] GET /api/content/events
[2026-03-28T15:09:54.998Z] GET /api/content/moments
[2026-03-28T15:09:54.998Z] GET /api/content/gallery
[2026-03-28T15:09:54.998Z] GET /api/content/home_data
[2026-03-28T15:09:54.999Z] GET /api/content/stories
[2026-03-28T15:09:55.000Z] GET /api/content/contact_data
[2026-03-28T15:09:55.002Z] GET /api/content/family_people
[2026-03-28T15:09:55.002Z] GET /api/content/family_families
[2026-03-28T15:09:55.003Z] GET /api/content/family_links
[2026-03-28T15:09:55.004Z] GET /api/content/groom_family_people
[2026-03-28T15:09:55.004Z] GET /api/content/groom_family_families
[2026-03-28T15:09:55.005Z] GET /api/content/groom_family_links
[2026-03-28T15:09:55.006Z] GET /api/rsvps
[2026-03-28T15:09:55.007Z] GET /api/content/events
[2026-03-28T15:09:55.007Z] GET /api/content/moments
[2026-03-28T15:09:55.009Z] GET /api/content/gallery
[2026-03-28T15:09:55.010Z] GET /api/content/stories
[2026-03-28T15:09:55.012Z] GET /api/content/home_data
[2026-03-28T15:09:55.013Z] GET /api/content/contact_data
[2026-03-28T15:09:55.015Z] GET /api/content/family_families
[2026-03-28T15:09:55.024Z] GET /api/content/family_people
[2026-03-28T15:09:55.025Z] GET /api/content/family_links
[2026-03-28T15:09:55.030Z] GET /api/content/groom_family_links
[2026-03-28T15:09:55.030Z] GET /api/content/groom_family_families
[2026-03-28T15:09:55.030Z] GET /api/content/groom_family_people
[2026-03-28T15:09:55.031Z] GET /api/rsvps
[2026-03-28T15:09:55.197Z] GET /api/content/events
[2026-03-28T15:09:55.198Z] GET /api/content/gallery
[2026-03-28T15:09:55.198Z] GET /api/content/moments
[2026-03-28T15:09:55.198Z] GET /api/content/home_data
[2026-03-28T15:09:55.198Z] GET /api/content/stories
[2026-03-28T15:09:55.199Z] GET /api/content/contact_data
[2026-03-28T15:09:55.201Z] GET /api/content/family_people
[2026-03-28T15:09:55.202Z] GET /api/content/family_families
[2026-03-28T15:09:55.202Z] GET /api/content/family_links
[2026-03-28T15:09:55.203Z] GET /api/content/groom_family_people
[2026-03-28T15:09:55.204Z] GET /api/content/groom_family_families
[2026-03-28T15:09:55.205Z] GET /api/content/groom_family_links
[2026-03-28T15:09:55.205Z] GET /api/content/gallery
[2026-03-28T15:09:55.205Z] GET /api/rsvps
[2026-03-28T15:09:55.207Z] GET /api/content/events
[2026-03-28T15:09:55.208Z] GET /api/content/moments
[2026-03-28T15:09:55.208Z] GET /api/content/home_data
[2026-03-28T15:09:55.208Z] GET /api/content/stories
[2026-03-28T15:09:55.208Z] GET /api/content/contact_data
[2026-03-28T15:09:55.215Z] GET /api/content/family_people
[2026-03-28T15:09:55.215Z] GET /api/content/family_families
[2026-03-28T15:09:55.217Z] GET /api/content/family_links
[2026-03-28T15:09:55.217Z] GET /api/content/groom_family_people
[2026-03-28T15:09:55.218Z] GET /api/content/groom_family_links
[2026-03-28T15:09:55.218Z] GET /api/content/groom_family_families
[2026-03-28T15:09:55.220Z] GET /api/rsvps
[2026-03-28T15:09:55.439Z] GET /api/content/events
[2026-03-28T15:09:55.439Z] GET /api/content/gallery
[2026-03-28T15:09:55.439Z] GET /api/content/moments
[2026-03-28T15:09:55.439Z] GET /api/content/home_data
[2026-03-28T15:09:55.440Z] GET /api/content/stories
[2026-03-28T15:09:55.441Z] GET /api/content/contact_data
[2026-03-28T15:09:55.443Z] GET /api/content/family_people
[2026-03-28T15:09:55.444Z] GET /api/content/family_families
[2026-03-28T15:09:55.444Z] GET /api/content/family_links
[2026-03-28T15:09:55.445Z] GET /api/content/groom_family_people
[2026-03-28T15:09:55.447Z] GET /api/content/groom_family_families
[2026-03-28T15:09:55.447Z] GET /api/content/groom_family_links
[2026-03-28T15:09:55.451Z] GET /api/rsvps
[2026-03-28T15:09:55.451Z] GET /api/content/gallery
[2026-03-28T15:09:55.451Z] GET /api/content/events
[2026-03-28T15:09:55.451Z] GET /api/content/moments
[2026-03-28T15:09:55.452Z] GET /api/content/home_data
[2026-03-28T15:09:55.452Z] GET /api/content/stories
[2026-03-28T15:09:55.457Z] GET /api/content/contact_data
[2026-03-28T15:09:55.458Z] GET /api/content/family_people
[2026-03-28T15:09:55.458Z] GET /api/content/family_families
[2026-03-28T15:09:55.460Z] GET /api/content/groom_family_people
[2026-03-28T15:09:55.461Z] GET /api/content/family_links
[2026-03-28T15:09:55.462Z] GET /api/content/groom_family_links
[2026-03-28T15:09:55.464Z] GET /api/content/groom_family_families
[2026-03-28T15:09:55.465Z] GET /api/rsvps
[2026-03-28T15:09:55.631Z] GET /api/content/events
[2026-03-28T15:09:55.631Z] GET /api/content/gallery
[2026-03-28T15:09:55.631Z] GET /api/content/moments
[2026-03-28T15:09:55.631Z] GET /api/content/stories
[2026-03-28T15:09:55.631Z] GET /api/content/home_data
[2026-03-28T15:09:55.631Z] GET /api/content/contact_data
[2026-03-28T15:09:55.635Z] GET /api/content/family_people
[2026-03-28T15:09:55.635Z] GET /api/content/family_families
[2026-03-28T15:09:55.636Z] GET /api/content/groom_family_people
[2026-03-28T15:09:55.636Z] GET /api/content/groom_family_families
[2026-03-28T15:09:55.636Z] GET /api/content/groom_family_links
[2026-03-28T15:09:55.637Z] GET /api/content/family_links
[2026-03-28T15:09:55.640Z] GET /api/rsvps
[2026-03-28T15:09:55.641Z] GET /api/content/gallery
[2026-03-28T15:09:55.642Z] GET /api/content/events
[2026-03-28T15:09:55.642Z] GET /api/content/moments
[2026-03-28T15:09:55.642Z] GET /api/content/contact_data
[2026-03-28T15:09:55.644Z] GET /api/content/home_data
[2026-03-28T15:09:55.645Z] GET /api/content/stories
[2026-03-28T15:09:55.648Z] GET /api/content/family_families
[2026-03-28T15:09:55.649Z] GET /api/content/family_people
[2026-03-28T15:09:55.651Z] GET /api/content/groom_family_people
[2026-03-28T15:09:55.660Z] GET /api/content/groom_family_families
[2026-03-28T15:09:55.660Z] GET /api/content/groom_family_links
[2026-03-28T15:09:55.660Z] GET /api/content/family_links
[2026-03-28T15:09:55.661Z] GET /api/rsvps
[2026-03-28T15:09:55.870Z] GET /api/content/events
[2026-03-28T15:09:55.871Z] GET /api/content/gallery
[2026-03-28T15:09:55.872Z] GET /api/content/moments
[2026-03-28T15:09:55.872Z] GET /api/content/home_data
[2026-03-28T15:09:55.873Z] GET /api/content/stories
[2026-03-28T15:09:55.874Z] GET /api/content/contact_data
[2026-03-28T15:09:55.875Z] GET /api/content/family_people
[2026-03-28T15:09:55.875Z] GET /api/content/family_families
[2026-03-28T15:09:55.875Z] GET /api/content/family_links
[2026-03-28T15:09:55.876Z] GET /api/content/groom_family_people
[2026-03-28T15:09:55.879Z] GET /api/content/groom_family_families
[2026-03-28T15:09:55.881Z] GET /api/content/groom_family_links
[2026-03-28T15:09:55.881Z] GET /api/rsvps
[2026-03-28T15:09:55.882Z] GET /api/content/gallery
[2026-03-28T15:09:55.883Z] GET /api/content/events
[2026-03-28T15:09:55.884Z] GET /api/content/moments
[2026-03-28T15:09:55.886Z] GET /api/content/home_data
[2026-03-28T15:09:55.888Z] GET /api/content/stories
[2026-03-28T15:09:55.889Z] GET /api/content/contact_data
[2026-03-28T15:09:55.890Z] GET /api/content/family_people
[2026-03-28T15:09:55.891Z] GET /api/content/family_families
[2026-03-28T15:09:55.892Z] GET /api/content/family_links
[2026-03-28T15:09:55.896Z] GET /api/content/groom_family_people
[2026-03-28T15:09:55.897Z] GET /api/content/groom_family_links
[2026-03-28T15:09:55.898Z] GET /api/content/groom_family_families
[2026-03-28T15:09:55.898Z] GET /api/rsvps
[2026-03-28T15:09:56.086Z] GET /api/content/events
[2026-03-28T15:09:56.086Z] GET /api/content/gallery
[2026-03-28T15:09:56.086Z] GET /api/content/moments
[2026-03-28T15:09:56.086Z] GET /api/content/home_data
[2026-03-28T15:09:56.086Z] GET /api/content/stories
[2026-03-28T15:09:56.086Z] GET /api/content/contact_data
[2026-03-28T15:09:56.091Z] GET /api/content/family_people
[2026-03-28T15:09:56.091Z] GET /api/content/family_links
[2026-03-28T15:09:56.092Z] GET /api/content/family_families
[2026-03-28T15:09:56.092Z] GET /api/content/groom_family_people
[2026-03-28T15:09:56.092Z] GET /api/content/groom_family_families
[2026-03-28T15:09:56.093Z] GET /api/content/groom_family_links
[2026-03-28T15:09:56.097Z] GET /api/rsvps
[2026-03-28T15:09:56.097Z] GET /api/content/moments
[2026-03-28T15:09:56.097Z] GET /api/content/gallery
[2026-03-28T15:09:56.097Z] GET /api/content/events
[2026-03-28T15:09:56.098Z] GET /api/content/stories
[2026-03-28T15:09:56.098Z] GET /api/content/home_data
[2026-03-28T15:09:56.101Z] GET /api/content/contact_data
[2026-03-28T15:09:56.104Z] GET /api/content/family_people
[2026-03-28T15:09:56.105Z] GET /api/content/family_links
[2026-03-28T15:09:56.105Z] GET /api/content/family_families
[2026-03-28T15:09:56.107Z] GET /api/content/groom_family_people
[2026-03-28T15:09:56.108Z] GET /api/content/groom_family_families
[2026-03-28T15:09:56.110Z] GET /api/content/groom_family_links
[2026-03-28T15:09:56.110Z] GET /api/rsvps
[2026-03-28T15:09:56.252Z] GET /api/content/events
[2026-03-28T15:09:56.253Z] GET /api/content/gallery
[2026-03-28T15:09:56.253Z] GET /api/content/moments
[2026-03-28T15:09:56.253Z] GET /api/content/home_data
[2026-03-28T15:09:56.253Z] GET /api/content/stories
[2026-03-28T15:09:56.254Z] GET /api/content/contact_data
[2026-03-28T15:09:56.258Z] GET /api/content/family_people
[2026-03-28T15:09:56.259Z] GET /api/content/family_families
[2026-03-28T15:09:56.259Z] GET /api/content/family_links
[2026-03-28T15:09:56.260Z] GET /api/content/groom_family_people
[2026-03-28T15:09:56.264Z] GET /api/content/groom_family_families
[2026-03-28T15:09:56.265Z] GET /api/content/groom_family_links
[2026-03-28T15:09:56.265Z] GET /api/rsvps
[2026-03-28T15:09:56.267Z] GET /api/content/gallery
[2026-03-28T15:09:56.267Z] GET /api/content/events
[2026-03-28T15:09:56.268Z] GET /api/content/moments
[2026-03-28T15:09:56.269Z] GET /api/content/home_data
[2026-03-28T15:09:56.270Z] GET /api/content/stories
[2026-03-28T15:09:56.274Z] GET /api/content/contact_data
[2026-03-28T15:09:56.275Z] GET /api/content/family_people
[2026-03-28T15:09:56.277Z] GET /api/content/family_links
[2026-03-28T15:09:56.277Z] GET /api/content/family_families
[2026-03-28T15:09:56.278Z] GET /api/content/groom_family_people
[2026-03-28T15:09:56.278Z] GET /api/content/groom_family_families
[2026-03-28T15:09:56.279Z] GET /api/content/groom_family_links
[2026-03-28T15:09:56.280Z] GET /api/rsvps
[2026-03-28T15:09:56.490Z] GET /api/content/events
[2026-03-28T15:09:56.490Z] GET /api/content/gallery
[2026-03-28T15:09:56.490Z] GET /api/content/moments
[2026-03-28T15:09:56.491Z] GET /api/content/home_data
[2026-03-28T15:09:56.491Z] GET /api/content/stories
[2026-03-28T15:09:56.492Z] GET /api/content/contact_data
[2026-03-28T15:09:56.495Z] GET /api/content/family_people
[2026-03-28T15:09:56.495Z] GET /api/content/family_families
[2026-03-28T15:09:56.495Z] GET /api/content/family_links
[2026-03-28T15:09:56.495Z] GET /api/content/groom_family_people
[2026-03-28T15:09:56.496Z] GET /api/content/groom_family_families
[2026-03-28T15:09:56.496Z] GET /api/content/groom_family_links
[2026-03-28T15:09:56.502Z] GET /api/rsvps
[2026-03-28T15:09:56.502Z] GET /api/content/events
[2026-03-28T15:09:56.503Z] GET /api/content/gallery
[2026-03-28T15:09:56.503Z] GET /api/content/moments
[2026-03-28T15:09:56.503Z] GET /api/content/home_data
[2026-03-28T15:09:56.504Z] GET /api/content/stories
[2026-03-28T15:09:56.510Z] GET /api/content/contact_data
[2026-03-28T15:09:56.510Z] GET /api/content/family_families
[2026-03-28T15:09:56.510Z] GET /api/content/family_people
[2026-03-28T15:09:56.510Z] GET /api/content/family_links
[2026-03-28T15:09:56.511Z] GET /api/content/groom_family_families
[2026-03-28T15:09:56.511Z] GET /api/content/groom_family_links
[2026-03-28T15:09:56.515Z] GET /api/content/groom_family_people
[2026-03-28T15:09:56.516Z] GET /api/rsvps
[2026-03-28T15:09:56.685Z] GET /api/content/events
[2026-03-28T15:09:56.686Z] GET /api/content/gallery
[2026-03-28T15:09:56.686Z] GET /api/content/moments
[2026-03-28T15:09:56.687Z] GET /api/content/home_data
[2026-03-28T15:09:56.688Z] GET /api/content/stories
[2026-03-28T15:09:56.689Z] GET /api/content/contact_data
[2026-03-28T15:09:56.690Z] GET /api/content/family_people
[2026-03-28T15:09:56.690Z] GET /api/content/family_families
[2026-03-28T15:09:56.691Z] GET /api/content/family_links
[2026-03-28T15:09:56.692Z] GET /api/content/groom_family_people
[2026-03-28T15:09:56.692Z] GET /api/content/groom_family_families
[2026-03-28T15:09:56.702Z] GET /api/content/groom_family_links
[2026-03-28T15:09:56.703Z] GET /api/rsvps
[2026-03-28T15:09:56.703Z] GET /api/content/events
[2026-03-28T15:09:56.703Z] GET /api/content/gallery
[2026-03-28T15:09:56.703Z] GET /api/content/moments
[2026-03-28T15:09:56.703Z] GET /api/content/home_data
[2026-03-28T15:09:56.708Z] GET /api/content/stories
[2026-03-28T15:09:56.709Z] GET /api/content/contact_data
[2026-03-28T15:09:56.710Z] GET /api/content/family_people
[2026-03-28T15:09:56.711Z] GET /api/content/family_links
[2026-03-28T15:09:56.712Z] GET /api/content/family_families
[2026-03-28T15:09:56.713Z] GET /api/content/groom_family_people
[2026-03-28T15:09:56.714Z] GET /api/content/groom_family_families
[2026-03-28T15:09:56.715Z] GET /api/rsvps
[2026-03-28T15:09:56.715Z] GET /api/content/groom_family_links
[2026-03-28T15:09:56.852Z] GET /api/content/events
[2026-03-28T15:09:56.852Z] GET /api/content/gallery
[2026-03-28T15:09:56.852Z] GET /api/content/moments
[2026-03-28T15:09:56.852Z] GET /api/content/home_data
[2026-03-28T15:09:56.852Z] GET /api/content/stories
[2026-03-28T15:09:56.852Z] GET /api/content/contact_data
[2026-03-28T15:09:56.859Z] GET /api/content/family_people
[2026-03-28T15:09:56.860Z] GET /api/content/family_families
[2026-03-28T15:09:56.860Z] GET /api/content/family_links
[2026-03-28T15:09:56.860Z] GET /api/content/groom_family_people
[2026-03-28T15:09:56.861Z] GET /api/content/groom_family_families
[2026-03-28T15:09:56.861Z] GET /api/content/groom_family_links
[2026-03-28T15:09:56.865Z] GET /api/content/events
[2026-03-28T15:09:56.865Z] GET /api/rsvps
[2026-03-28T15:09:56.865Z] GET /api/content/gallery
[2026-03-28T15:09:56.868Z] GET /api/content/home_data
[2026-03-28T15:09:56.868Z] GET /api/content/moments
[2026-03-28T15:09:56.868Z] GET /api/content/stories
[2026-03-28T15:09:56.872Z] GET /api/content/contact_data
[2026-03-28T15:09:56.874Z] GET /api/content/family_people
[2026-03-28T15:09:56.874Z] GET /api/content/family_families
[2026-03-28T15:09:56.876Z] GET /api/content/groom_family_families
[2026-03-28T15:09:56.877Z] GET /api/content/groom_family_people
[2026-03-28T15:09:56.877Z] GET /api/content/family_links
[2026-03-28T15:09:56.878Z] GET /api/content/groom_family_links
[2026-03-28T15:09:56.879Z] GET /api/rsvps
[2026-03-28T15:09:57.038Z] GET /api/content/events
[2026-03-28T15:09:57.039Z] GET /api/content/gallery
[2026-03-28T15:09:57.039Z] GET /api/content/moments
[2026-03-28T15:09:57.039Z] GET /api/content/home_data
[2026-03-28T15:09:57.039Z] GET /api/content/stories
[2026-03-28T15:09:57.039Z] GET /api/content/contact_data
[2026-03-28T15:09:57.047Z] GET /api/content/family_people
[2026-03-28T15:09:57.048Z] GET /api/content/family_families
[2026-03-28T15:09:57.049Z] GET /api/content/family_links
[2026-03-28T15:09:57.050Z] GET /api/content/groom_family_people
[2026-03-28T15:09:57.051Z] GET /api/content/groom_family_links
[2026-03-28T15:09:57.052Z] GET /api/content/groom_family_families
[2026-03-28T15:09:57.053Z] GET /api/rsvps
[2026-03-28T15:09:57.054Z] GET /api/content/events
[2026-03-28T15:09:57.055Z] GET /api/content/gallery
[2026-03-28T15:09:57.056Z] GET /api/content/moments
[2026-03-28T15:09:57.056Z] GET /api/content/home_data
[2026-03-28T15:09:57.057Z] GET /api/content/stories
[2026-03-28T15:09:57.060Z] GET /api/content/contact_data
[2026-03-28T15:09:57.064Z] GET /api/content/family_people
[2026-03-28T15:09:57.064Z] GET /api/content/family_families
[2026-03-28T15:09:57.065Z] GET /api/content/family_links
[2026-03-28T15:09:57.065Z] GET /api/content/groom_family_people
[2026-03-28T15:09:57.065Z] GET /api/content/groom_family_links
[2026-03-28T15:09:57.065Z] GET /api/content/groom_family_families
[2026-03-28T15:09:57.067Z] GET /api/rsvps
[2026-03-28T15:09:57.202Z] GET /api/content/events
[2026-03-28T15:09:57.203Z] GET /api/content/gallery
[2026-03-28T15:09:57.203Z] GET /api/content/moments
[2026-03-28T15:09:57.203Z] GET /api/content/home_data
[2026-03-28T15:09:57.204Z] GET /api/content/stories
[2026-03-28T15:09:57.205Z] GET /api/content/contact_data
[2026-03-28T15:09:57.207Z] GET /api/content/family_people
[2026-03-28T15:09:57.208Z] GET /api/content/family_families
[2026-03-28T15:09:57.208Z] GET /api/content/family_links
[2026-03-28T15:09:57.208Z] GET /api/content/groom_family_people
[2026-03-28T15:09:57.210Z] GET /api/content/groom_family_families
[2026-03-28T15:09:57.211Z] GET /api/content/groom_family_links
[2026-03-28T15:09:57.213Z] GET /api/rsvps
[2026-03-28T15:09:57.213Z] GET /api/content/events
[2026-03-28T15:09:57.214Z] GET /api/content/gallery
[2026-03-28T15:09:57.215Z] GET /api/content/moments
[2026-03-28T15:09:57.217Z] GET /api/content/home_data
[2026-03-28T15:09:57.218Z] GET /api/content/stories
[2026-03-28T15:09:57.218Z] GET /api/content/contact_data
[2026-03-28T15:09:57.223Z] GET /api/content/family_people
[2026-03-28T15:09:57.224Z] GET /api/content/family_families
[2026-03-28T15:09:57.225Z] GET /api/content/groom_family_families
[2026-03-28T15:09:57.225Z] GET /api/content/family_links
[2026-03-28T15:09:57.226Z] GET /api/content/groom_family_people
[2026-03-28T15:09:57.227Z] GET /api/content/groom_family_links
[2026-03-28T15:09:57.228Z] GET /api/rsvps
[2026-03-28T15:09:57.369Z] GET /api/content/events
[2026-03-28T15:09:57.369Z] GET /api/content/gallery
[2026-03-28T15:09:57.369Z] GET /api/content/moments
[2026-03-28T15:09:57.369Z] GET /api/content/home_data
[2026-03-28T15:09:57.370Z] GET /api/content/stories
[2026-03-28T15:09:57.372Z] GET /api/content/contact_data
[2026-03-28T15:09:57.374Z] GET /api/content/family_people
[2026-03-28T15:09:57.374Z] GET /api/content/family_links
[2026-03-28T15:09:57.374Z] GET /api/content/family_families
[2026-03-28T15:09:57.375Z] GET /api/content/groom_family_people
[2026-03-28T15:09:57.382Z] GET /api/content/groom_family_families
[2026-03-28T15:09:57.383Z] GET /api/content/groom_family_links
[2026-03-28T15:09:57.385Z] GET /api/rsvps
[2026-03-28T15:09:57.388Z] GET /api/content/events
[2026-03-28T15:09:57.388Z] GET /api/content/gallery
[2026-03-28T15:09:57.389Z] GET /api/content/home_data
[2026-03-28T15:09:57.389Z] GET /api/content/moments
[2026-03-28T15:09:57.389Z] GET /api/content/stories
[2026-03-28T15:09:57.392Z] GET /api/content/contact_data
[2026-03-28T15:09:57.395Z] GET /api/content/family_links
[2026-03-28T15:09:57.396Z] GET /api/content/family_families
[2026-03-28T15:09:57.396Z] GET /api/content/family_people
[2026-03-28T15:09:57.396Z] GET /api/content/groom_family_people
[2026-03-28T15:09:57.396Z] GET /api/content/groom_family_families
[2026-03-28T15:09:57.396Z] GET /api/content/groom_family_links
[2026-03-28T15:09:57.401Z] GET /api/rsvps
[2026-03-28T15:09:57.557Z] GET /api/content/events
[2026-03-28T15:09:57.557Z] GET /api/content/gallery
[2026-03-28T15:09:57.557Z] GET /api/content/moments
[2026-03-28T15:09:57.557Z] GET /api/content/home_data
[2026-03-28T15:09:57.557Z] GET /api/content/stories
[2026-03-28T15:09:57.558Z] GET /api/content/contact_data
[2026-03-28T15:09:57.560Z] GET /api/content/family_people
[2026-03-28T15:09:57.561Z] GET /api/content/family_families
[2026-03-28T15:09:57.561Z] GET /api/content/family_links
[2026-03-28T15:09:57.562Z] GET /api/content/groom_family_people
[2026-03-28T15:09:57.563Z] GET /api/content/groom_family_links
[2026-03-28T15:09:57.563Z] GET /api/content/groom_family_families
[2026-03-28T15:09:57.566Z] GET /api/rsvps
[2026-03-28T15:09:57.567Z] GET /api/content/gallery
[2026-03-28T15:09:57.567Z] GET /api/content/events
[2026-03-28T15:09:57.568Z] GET /api/content/moments
[2026-03-28T15:09:57.569Z] GET /api/content/home_data
[2026-03-28T15:09:57.571Z] GET /api/content/stories
[2026-03-28T15:09:57.574Z] GET /api/content/contact_data
[2026-03-28T15:09:57.575Z] GET /api/content/family_people
[2026-03-28T15:09:57.576Z] GET /api/content/family_families
[2026-03-28T15:09:57.577Z] GET /api/content/family_links
[2026-03-28T15:09:57.580Z] GET /api/content/groom_family_links
[2026-03-28T15:09:57.581Z] GET /api/content/groom_family_people
[2026-03-28T15:09:57.581Z] GET /api/content/groom_family_families
[2026-03-28T15:09:57.581Z] GET /api/rsvps
[2026-03-28T15:09:57.719Z] GET /api/content/events
[2026-03-28T15:09:57.720Z] GET /api/content/gallery
[2026-03-28T15:09:57.720Z] GET /api/content/moments
[2026-03-28T15:09:57.720Z] GET /api/content/home_data
[2026-03-28T15:09:57.721Z] GET /api/content/stories
[2026-03-28T15:09:57.722Z] GET /api/content/contact_data
[2026-03-28T15:09:57.724Z] GET /api/content/family_people
[2026-03-28T15:09:57.724Z] GET /api/content/family_families
[2026-03-28T15:09:57.725Z] GET /api/content/family_links
[2026-03-28T15:09:57.725Z] GET /api/content/groom_family_people
[2026-03-28T15:09:57.726Z] GET /api/content/groom_family_families
[2026-03-28T15:09:57.727Z] GET /api/content/groom_family_links
[2026-03-28T15:09:57.736Z] GET /api/rsvps
[2026-03-28T15:09:57.739Z] GET /api/content/gallery
[2026-03-28T15:09:57.739Z] GET /api/content/events
[2026-03-28T15:09:57.739Z] GET /api/content/moments
[2026-03-28T15:09:57.739Z] GET /api/content/home_data
[2026-03-28T15:09:57.739Z] GET /api/content/stories
[2026-03-28T15:09:57.743Z] GET /api/content/contact_data
[2026-03-28T15:09:57.744Z] GET /api/content/family_people
[2026-03-28T15:09:57.745Z] GET /api/content/family_families
[2026-03-28T15:09:57.745Z] GET /api/content/family_links
[2026-03-28T15:09:57.746Z] GET /api/content/groom_family_people
[2026-03-28T15:09:57.749Z] GET /api/content/groom_family_families
[2026-03-28T15:09:57.749Z] GET /api/content/groom_family_links
[2026-03-28T15:09:57.749Z] GET /api/rsvps
[2026-03-28T15:09:59.073Z] GET /api/content/events
[2026-03-28T15:09:59.075Z] GET /api/content/gallery
[2026-03-28T15:09:59.076Z] GET /api/content/home_data
[2026-03-28T15:09:59.077Z] GET /api/content/stories
[2026-03-28T15:09:59.078Z] GET /api/content/contact_data
[2026-03-28T15:09:59.079Z] GET /api/content/moments
[2026-03-28T15:09:59.080Z] GET /api/content/family_families
[2026-03-28T15:09:59.080Z] GET /api/content/family_people
[2026-03-28T15:09:59.080Z] GET /api/content/family_links
[2026-03-28T15:09:59.080Z] GET /api/content/groom_family_people
[2026-03-28T15:09:59.082Z] GET /api/content/groom_family_links
[2026-03-28T15:09:59.082Z] GET /api/content/groom_family_families
[2026-03-28T15:09:59.085Z] GET /api/rsvps
[2026-03-28T15:09:59.088Z] GET /api/content/events
[2026-03-28T15:09:59.089Z] GET /api/content/gallery
[2026-03-28T15:09:59.089Z] GET /api/content/contact_data
[2026-03-28T15:09:59.090Z] GET /api/content/home_data
[2026-03-28T15:09:59.093Z] GET /api/content/stories
[2026-03-28T15:09:59.095Z] GET /api/content/family_links
[2026-03-28T15:09:59.102Z] GET /api/content/moments
[2026-03-28T15:09:59.104Z] GET /api/content/family_families
[2026-03-28T15:09:59.104Z] GET /api/content/family_people
[2026-03-28T15:09:59.105Z] GET /api/content/groom_family_people
[2026-03-28T15:09:59.106Z] GET /api/content/groom_family_families
[2026-03-28T15:09:59.106Z] GET /api/content/groom_family_links
[2026-03-28T15:09:59.108Z] GET /api/rsvps
[2026-03-28T15:09:59.187Z] GET /api/content/events
[2026-03-28T15:09:59.187Z] GET /api/content/gallery
[2026-03-28T15:09:59.188Z] GET /api/content/home_data
[2026-03-28T15:09:59.189Z] GET /api/content/moments
[2026-03-28T15:09:59.190Z] GET /api/content/stories
[2026-03-28T15:09:59.190Z] GET /api/content/contact_data
[2026-03-28T15:09:59.191Z] GET /api/content/family_people
[2026-03-28T15:09:59.191Z] GET /api/content/family_families
[2026-03-28T15:09:59.192Z] GET /api/content/family_links
[2026-03-28T15:09:59.194Z] GET /api/content/groom_family_people
[2026-03-28T15:09:59.194Z] GET /api/content/groom_family_links
[2026-03-28T15:09:59.195Z] GET /api/rsvps
[2026-03-28T15:09:59.195Z] GET /api/content/groom_family_families
[2026-03-28T15:09:59.196Z] GET /api/content/events
[2026-03-28T15:09:59.196Z] GET /api/content/gallery
[2026-03-28T15:09:59.197Z] GET /api/content/home_data
[2026-03-28T15:09:59.200Z] GET /api/content/moments
[2026-03-28T15:09:59.201Z] GET /api/content/stories
[2026-03-28T15:09:59.202Z] GET /api/content/contact_data
[2026-03-28T15:09:59.203Z] GET /api/content/family_people
[2026-03-28T15:09:59.204Z] GET /api/content/family_families
[2026-03-28T15:09:59.204Z] GET /api/content/family_links
[2026-03-28T15:09:59.205Z] GET /api/content/groom_family_people
[2026-03-28T15:09:59.205Z] GET /api/content/groom_family_links
[2026-03-28T15:09:59.206Z] GET /api/content/groom_family_families
[2026-03-28T15:09:59.206Z] GET /api/rsvps
[2026-03-28T15:09:59.351Z] GET /api/content/events
[2026-03-28T15:09:59.352Z] GET /api/content/gallery
[2026-03-28T15:09:59.352Z] GET /api/content/moments
[2026-03-28T15:09:59.353Z] GET /api/content/home_data
[2026-03-28T15:09:59.353Z] GET /api/content/contact_data
[2026-03-28T15:09:59.355Z] GET /api/content/stories
[2026-03-28T15:09:59.355Z] GET /api/content/family_people
[2026-03-28T15:09:59.355Z] GET /api/content/family_families
[2026-03-28T15:09:59.356Z] GET /api/content/family_links
[2026-03-28T15:09:59.357Z] GET /api/content/groom_family_people
[2026-03-28T15:09:59.358Z] GET /api/content/groom_family_families
[2026-03-28T15:09:59.359Z] GET /api/content/groom_family_links
[2026-03-28T15:09:59.360Z] GET /api/rsvps
[2026-03-28T15:09:59.360Z] GET /api/content/events
[2026-03-28T15:09:59.361Z] GET /api/content/gallery
[2026-03-28T15:09:59.361Z] GET /api/content/moments
[2026-03-28T15:09:59.362Z] GET /api/content/home_data
[2026-03-28T15:09:59.365Z] GET /api/content/contact_data
[2026-03-28T15:09:59.365Z] GET /api/content/stories
[2026-03-28T15:09:59.366Z] GET /api/content/family_people
[2026-03-28T15:09:59.366Z] GET /api/content/family_families
[2026-03-28T15:09:59.367Z] GET /api/content/family_links
[2026-03-28T15:09:59.367Z] GET /api/content/groom_family_people
[2026-03-28T15:09:59.369Z] GET /api/content/groom_family_families
[2026-03-28T15:09:59.369Z] GET /api/rsvps
[2026-03-28T15:09:59.369Z] GET /api/content/groom_family_links
[2026-03-28T15:09:59.537Z] GET /api/content/events
[2026-03-28T15:09:59.538Z] GET /api/content/moments
[2026-03-28T15:09:59.538Z] GET /api/content/home_data
[2026-03-28T15:09:59.539Z] GET /api/content/gallery
[2026-03-28T15:09:59.539Z] GET /api/content/stories
[2026-03-28T15:09:59.541Z] GET /api/content/contact_data
[2026-03-28T15:09:59.542Z] GET /api/content/family_people
[2026-03-28T15:09:59.543Z] GET /api/content/family_families
[2026-03-28T15:09:59.545Z] GET /api/content/groom_family_people
[2026-03-28T15:09:59.546Z] GET /api/content/family_links
[2026-03-28T15:09:59.547Z] GET /api/content/groom_family_families
[2026-03-28T15:09:59.547Z] GET /api/content/groom_family_links
[2026-03-28T15:09:59.549Z] GET /api/rsvps
[2026-03-28T15:09:59.550Z] GET /api/content/events
[2026-03-28T15:09:59.551Z] GET /api/content/moments
[2026-03-28T15:09:59.552Z] GET /api/content/home_data
[2026-03-28T15:09:59.554Z] GET /api/content/gallery
[2026-03-28T15:09:59.554Z] GET /api/content/stories
[2026-03-28T15:09:59.556Z] GET /api/content/family_people
[2026-03-28T15:09:59.556Z] GET /api/content/contact_data
[2026-03-28T15:09:59.557Z] GET /api/content/family_families
[2026-03-28T15:09:59.557Z] GET /api/content/family_links
[2026-03-28T15:09:59.558Z] GET /api/content/groom_family_links
[2026-03-28T15:09:59.558Z] GET /api/content/groom_family_families
[2026-03-28T15:09:59.559Z] GET /api/content/groom_family_people
[2026-03-28T15:09:59.560Z] GET /api/rsvps
[2026-03-28T15:09:59.702Z] GET /api/content/events
[2026-03-28T15:09:59.703Z] GET /api/content/gallery
[2026-03-28T15:09:59.703Z] GET /api/content/moments
[2026-03-28T15:09:59.704Z] GET /api/content/home_data
[2026-03-28T15:09:59.705Z] GET /api/content/stories
[2026-03-28T15:09:59.706Z] GET /api/content/contact_data
[2026-03-28T15:09:59.710Z] GET /api/content/family_people
[2026-03-28T15:09:59.711Z] GET /api/content/family_links
[2026-03-28T15:09:59.712Z] GET /api/content/family_families
[2026-03-28T15:09:59.713Z] GET /api/content/groom_family_people
[2026-03-28T15:09:59.714Z] GET /api/content/groom_family_families
[2026-03-28T15:09:59.716Z] GET /api/content/groom_family_links
[2026-03-28T15:09:59.716Z] GET /api/rsvps
[2026-03-28T15:09:59.717Z] GET /api/content/events
[2026-03-28T15:09:59.718Z] GET /api/content/gallery
[2026-03-28T15:09:59.719Z] GET /api/content/moments
[2026-03-28T15:09:59.720Z] GET /api/content/home_data
[2026-03-28T15:09:59.720Z] GET /api/content/stories
[2026-03-28T15:09:59.722Z] GET /api/content/contact_data
[2026-03-28T15:09:59.722Z] GET /api/content/family_people
[2026-03-28T15:09:59.722Z] GET /api/content/family_links
[2026-03-28T15:09:59.723Z] GET /api/content/family_families
[2026-03-28T15:09:59.724Z] GET /api/content/groom_family_people
[2026-03-28T15:09:59.725Z] GET /api/content/groom_family_families
[2026-03-28T15:09:59.725Z] GET /api/content/groom_family_links
[2026-03-28T15:09:59.725Z] GET /api/rsvps
[2026-03-28T15:09:59.888Z] GET /api/content/events
[2026-03-28T15:09:59.888Z] GET /api/content/gallery
[2026-03-28T15:09:59.889Z] GET /api/content/moments
[2026-03-28T15:09:59.889Z] GET /api/content/home_data
[2026-03-28T15:09:59.889Z] GET /api/content/stories
[2026-03-28T15:09:59.889Z] GET /api/content/contact_data
[2026-03-28T15:09:59.894Z] GET /api/content/family_people
[2026-03-28T15:09:59.895Z] GET /api/content/family_families
[2026-03-28T15:09:59.896Z] GET /api/content/family_links
[2026-03-28T15:09:59.897Z] GET /api/content/groom_family_people
[2026-03-28T15:09:59.899Z] GET /api/content/groom_family_families
[2026-03-28T15:09:59.900Z] GET /api/content/groom_family_links
[2026-03-28T15:09:59.900Z] GET /api/rsvps
[2026-03-28T15:09:59.902Z] GET /api/content/events
[2026-03-28T15:09:59.903Z] GET /api/content/moments
[2026-03-28T15:09:59.904Z] GET /api/content/gallery
[2026-03-28T15:09:59.904Z] GET /api/content/stories
[2026-03-28T15:09:59.904Z] GET /api/content/contact_data
[2026-03-28T15:09:59.905Z] GET /api/content/home_data
[2026-03-28T15:09:59.907Z] GET /api/content/family_people
[2026-03-28T15:09:59.907Z] GET /api/content/family_families
[2026-03-28T15:09:59.908Z] GET /api/content/family_links
[2026-03-28T15:09:59.908Z] GET /api/content/groom_family_people
[2026-03-28T15:09:59.909Z] GET /api/content/groom_family_families
[2026-03-28T15:09:59.910Z] GET /api/content/groom_family_links
[2026-03-28T15:09:59.910Z] GET /api/rsvps
[2026-03-28T15:10:00.074Z] GET /api/content/events
[2026-03-28T15:10:00.075Z] GET /api/content/gallery
[2026-03-28T15:10:00.075Z] GET /api/content/moments
[2026-03-28T15:10:00.075Z] GET /api/content/home_data
[2026-03-28T15:10:00.076Z] GET /api/content/stories
[2026-03-28T15:10:00.076Z] GET /api/content/contact_data
[2026-03-28T15:10:00.080Z] GET /api/content/family_people
[2026-03-28T15:10:00.082Z] GET /api/content/family_families
[2026-03-28T15:10:00.085Z] GET /api/content/family_links
[2026-03-28T15:10:00.085Z] GET /api/content/groom_family_people
[2026-03-28T15:10:00.086Z] GET /api/content/groom_family_families
[2026-03-28T15:10:00.086Z] GET /api/content/groom_family_links
[2026-03-28T15:10:00.087Z] GET /api/rsvps
[2026-03-28T15:10:00.090Z] GET /api/content/events
[2026-03-28T15:10:00.091Z] GET /api/content/gallery
[2026-03-28T15:10:00.091Z] GET /api/content/moments
[2026-03-28T15:10:00.092Z] GET /api/content/home_data
[2026-03-28T15:10:00.092Z] GET /api/content/stories
[2026-03-28T15:10:00.094Z] GET /api/content/contact_data
[2026-03-28T15:10:00.094Z] GET /api/content/family_people
[2026-03-28T15:10:00.095Z] GET /api/content/family_families
[2026-03-28T15:10:00.095Z] GET /api/content/family_links
[2026-03-28T15:10:00.096Z] GET /api/content/groom_family_people
[2026-03-28T15:10:00.097Z] GET /api/content/groom_family_families
[2026-03-28T15:10:00.097Z] GET /api/content/groom_family_links
[2026-03-28T15:10:00.097Z] GET /api/rsvps
[2026-03-28T15:10:00.253Z] GET /api/content/events
[2026-03-28T15:10:00.253Z] GET /api/content/gallery
[2026-03-28T15:10:00.254Z] GET /api/content/moments
[2026-03-28T15:10:00.254Z] GET /api/content/home_data
[2026-03-28T15:10:00.254Z] GET /api/content/stories
[2026-03-28T15:10:00.255Z] GET /api/content/contact_data
[2026-03-28T15:10:00.259Z] GET /api/content/family_families
[2026-03-28T15:10:00.259Z] GET /api/content/family_people
[2026-03-28T15:10:00.260Z] GET /api/content/family_links
[2026-03-28T15:10:00.261Z] GET /api/content/groom_family_people
[2026-03-28T15:10:00.263Z] GET /api/content/groom_family_families
[2026-03-28T15:10:00.263Z] GET /api/content/groom_family_links
[2026-03-28T15:10:00.265Z] GET /api/rsvps
[2026-03-28T15:10:00.266Z] GET /api/content/events
[2026-03-28T15:10:00.267Z] GET /api/content/gallery
[2026-03-28T15:10:00.267Z] GET /api/content/moments
[2026-03-28T15:10:00.268Z] GET /api/content/stories
[2026-03-28T15:10:00.269Z] GET /api/content/home_data
[2026-03-28T15:10:00.270Z] GET /api/content/contact_data
[2026-03-28T15:10:00.272Z] GET /api/content/family_families
[2026-03-28T15:10:00.273Z] GET /api/content/family_people
[2026-03-28T15:10:00.273Z] GET /api/content/family_links
[2026-03-28T15:10:00.273Z] GET /api/content/groom_family_families
[2026-03-28T15:10:00.274Z] GET /api/content/groom_family_people
[2026-03-28T15:10:00.274Z] GET /api/content/groom_family_links
[2026-03-28T15:10:00.275Z] GET /api/rsvps
[2026-03-28T15:10:00.437Z] GET /api/content/events
[2026-03-28T15:10:00.438Z] GET /api/content/gallery
[2026-03-28T15:10:00.438Z] GET /api/content/moments
[2026-03-28T15:10:00.438Z] GET /api/content/home_data
[2026-03-28T15:10:00.438Z] GET /api/content/stories
[2026-03-28T15:10:00.439Z] GET /api/content/contact_data
[2026-03-28T15:10:00.442Z] GET /api/content/family_people
[2026-03-28T15:10:00.443Z] GET /api/content/family_families
[2026-03-28T15:10:00.443Z] GET /api/content/family_links
[2026-03-28T15:10:00.444Z] GET /api/content/groom_family_people
[2026-03-28T15:10:00.445Z] GET /api/content/groom_family_families
[2026-03-28T15:10:00.446Z] GET /api/content/groom_family_links
[2026-03-28T15:10:00.448Z] GET /api/rsvps
[2026-03-28T15:10:00.449Z] GET /api/content/events
[2026-03-28T15:10:00.450Z] GET /api/content/gallery
[2026-03-28T15:10:00.451Z] GET /api/content/moments
[2026-03-28T15:10:00.452Z] GET /api/content/home_data
[2026-03-28T15:10:00.452Z] GET /api/content/stories
[2026-03-28T15:10:00.453Z] GET /api/content/contact_data
[2026-03-28T15:10:00.458Z] GET /api/content/family_people
[2026-03-28T15:10:00.458Z] GET /api/content/family_families
[2026-03-28T15:10:00.459Z] GET /api/content/family_links
[2026-03-28T15:10:00.462Z] GET /api/content/groom_family_people
[2026-03-28T15:10:00.462Z] GET /api/content/groom_family_links
[2026-03-28T15:10:00.463Z] GET /api/content/groom_family_families
[2026-03-28T15:10:00.463Z] GET /api/rsvps
[2026-03-28T15:11:42.562Z] GET /api/content/moments
[2026-03-28T15:11:42.563Z] GET /api/content/events
[2026-03-28T15:11:42.563Z] GET /api/content/home_data
[2026-03-28T15:11:42.564Z] GET /api/content/gallery
[2026-03-28T15:11:42.564Z] GET /api/content/contact_data
[2026-03-28T15:11:42.564Z] GET /api/content/stories
[2026-03-28T15:11:42.568Z] GET /api/content/family_families
[2026-03-28T15:11:42.569Z] GET /api/content/groom_family_people
[2026-03-28T15:11:42.569Z] GET /api/content/family_people
[2026-03-28T15:11:42.569Z] GET /api/content/family_links
[2026-03-28T15:11:42.569Z] GET /api/content/groom_family_links
[2026-03-28T15:11:42.570Z] GET /api/content/groom_family_families
[2026-03-28T15:11:42.572Z] GET /api/rsvps
[2026-03-28T15:11:42.572Z] GET /api/content/gallery
[2026-03-28T15:11:42.572Z] GET /api/content/stories
[2026-03-28T15:11:42.572Z] GET /api/content/contact_data
[2026-03-28T15:11:42.574Z] GET /api/content/events
[2026-03-28T15:11:42.574Z] GET /api/content/moments
[2026-03-28T15:11:42.575Z] GET /api/content/home_data
[2026-03-28T15:11:42.578Z] GET /api/content/family_families
[2026-03-28T15:11:42.579Z] GET /api/content/groom_family_people
[2026-03-28T15:11:42.580Z] GET /api/content/family_people
[2026-03-28T15:11:42.588Z] GET /api/content/family_links
[2026-03-28T15:11:42.590Z] GET /api/content/groom_family_links
[2026-03-28T15:11:42.603Z] GET /api/content/groom_family_families
[2026-03-28T15:11:42.607Z] GET /api/rsvps
[2026-03-28T15:11:43.475Z] GET /api/content/events
[2026-03-28T15:11:43.475Z] GET /api/content/gallery
[2026-03-28T15:11:43.475Z] GET /api/content/moments
[2026-03-28T15:11:43.475Z] GET /api/content/home_data
[2026-03-28T15:11:43.475Z] GET /api/content/stories
[2026-03-28T15:11:43.477Z] GET /api/content/contact_data
[2026-03-28T15:11:43.479Z] GET /api/content/family_people
[2026-03-28T15:11:43.485Z] GET /api/content/family_families
[2026-03-28T15:11:43.486Z] GET /api/content/family_links
[2026-03-28T15:11:43.487Z] GET /api/content/groom_family_people
[2026-03-28T15:11:43.490Z] GET /api/content/groom_family_families
[2026-03-28T15:11:43.491Z] GET /api/content/groom_family_links
[2026-03-28T15:11:43.491Z] GET /api/rsvps
[2026-03-28T15:11:43.492Z] GET /api/content/events
[2026-03-28T15:11:43.493Z] GET /api/content/gallery
[2026-03-28T15:11:43.494Z] GET /api/content/moments
[2026-03-28T15:11:43.496Z] GET /api/content/home_data
[2026-03-28T15:11:43.496Z] GET /api/content/stories
[2026-03-28T15:11:43.497Z] GET /api/content/contact_data
[2026-03-28T15:11:43.500Z] GET /api/content/family_people
[2026-03-28T15:11:43.501Z] GET /api/content/family_families
[2026-03-28T15:11:43.501Z] GET /api/content/family_links
[2026-03-28T15:11:43.502Z] GET /api/content/groom_family_people
[2026-03-28T15:11:43.503Z] GET /api/content/groom_family_families
[2026-03-28T15:11:43.503Z] GET /api/content/groom_family_links
[2026-03-28T15:11:43.505Z] GET /api/rsvps
[2026-03-28T15:11:43.909Z] GET /api/content/events
[2026-03-28T15:11:43.909Z] GET /api/content/gallery
[2026-03-28T15:11:43.909Z] GET /api/content/moments
[2026-03-28T15:11:43.909Z] GET /api/content/home_data
[2026-03-28T15:11:43.909Z] GET /api/content/stories
[2026-03-28T15:11:43.909Z] GET /api/content/contact_data
[2026-03-28T15:11:43.912Z] GET /api/content/family_people
[2026-03-28T15:11:43.913Z] GET /api/content/family_families
[2026-03-28T15:11:43.913Z] GET /api/content/family_links
[2026-03-28T15:11:43.913Z] GET /api/content/groom_family_people
[2026-03-28T15:11:43.913Z] GET /api/content/groom_family_families
[2026-03-28T15:11:43.913Z] GET /api/content/groom_family_links
[2026-03-28T15:11:43.915Z] GET /api/rsvps
[2026-03-28T15:11:43.916Z] GET /api/content/events
[2026-03-28T15:11:43.916Z] GET /api/content/gallery
[2026-03-28T15:11:43.916Z] GET /api/content/moments
[2026-03-28T15:11:43.917Z] GET /api/content/contact_data
[2026-03-28T15:11:43.918Z] GET /api/content/stories
[2026-03-28T15:11:43.918Z] GET /api/content/family_families
[2026-03-28T15:11:43.918Z] GET /api/content/home_data
[2026-03-28T15:11:43.920Z] GET /api/content/family_people
[2026-03-28T15:11:43.924Z] GET /api/content/family_links
[2026-03-28T15:11:43.926Z] GET /api/content/groom_family_people
[2026-03-28T15:11:43.926Z] GET /api/content/groom_family_families
[2026-03-28T15:11:43.928Z] GET /api/content/groom_family_links
[2026-03-28T15:11:43.928Z] GET /api/rsvps
[2026-03-28T15:13:07.426Z] GET /api/content/gallery
[2026-03-28T15:13:07.431Z] GET /api/content/home_data
[2026-03-28T15:13:07.432Z] GET /api/content/events
[2026-03-28T15:13:07.432Z] GET /api/content/moments
[2026-03-28T15:13:07.432Z] GET /api/content/contact_data
[2026-03-28T15:13:07.433Z] GET /api/content/stories
[2026-03-28T15:13:07.681Z] GET /api/content/family_people
[2026-03-28T15:13:07.682Z] GET /api/content/groom_family_people
[2026-03-28T15:13:07.683Z] GET /api/content/family_families
[2026-03-28T15:13:07.683Z] GET /api/content/family_links
[2026-03-28T15:13:07.684Z] GET /api/content/groom_family_families
[2026-03-28T15:13:07.685Z] GET /api/content/groom_family_links
[2026-03-28T15:13:07.686Z] GET /api/rsvps
[2026-03-28T15:13:07.689Z] GET /api/content/moments
[2026-03-28T15:13:07.689Z] GET /api/content/gallery
[2026-03-28T15:13:07.689Z] GET /api/content/contact_data
[2026-03-28T15:13:07.689Z] GET /api/content/events
[2026-03-28T15:13:07.689Z] GET /api/content/home_data
[2026-03-28T15:13:07.692Z] GET /api/content/stories
[2026-03-28T15:13:07.693Z] GET /api/content/groom_family_people
[2026-03-28T15:13:07.693Z] GET /api/content/family_families
[2026-03-28T15:13:07.693Z] GET /api/content/family_people
[2026-03-28T15:13:07.694Z] GET /api/content/family_links
[2026-03-28T15:13:07.697Z] GET /api/content/groom_family_families
[2026-03-28T15:13:07.697Z] GET /api/content/groom_family_links
[2026-03-28T15:13:07.746Z] GET /api/rsvps
[2026-03-28T15:13:11.962Z] GET /api/content/events
[2026-03-28T15:13:11.963Z] GET /api/content/moments
[2026-03-28T15:13:11.964Z] GET /api/content/home_data
[2026-03-28T15:13:11.965Z] GET /api/content/gallery
[2026-03-28T15:13:11.967Z] GET /api/content/stories
[2026-03-28T15:13:11.968Z] GET /api/content/contact_data
[2026-03-28T15:13:11.969Z] GET /api/content/family_people
[2026-03-28T15:13:11.970Z] GET /api/content/family_families
[2026-03-28T15:13:11.971Z] GET /api/content/groom_family_people
[2026-03-28T15:13:11.972Z] GET /api/content/groom_family_links
[2026-03-28T15:13:11.972Z] GET /api/content/family_links
[2026-03-28T15:13:11.973Z] GET /api/rsvps
[2026-03-28T15:13:11.973Z] GET /api/content/events
[2026-03-28T15:13:11.974Z] GET /api/content/groom_family_families
[2026-03-28T15:13:11.977Z] GET /api/content/moments
[2026-03-28T15:13:11.977Z] GET /api/content/home_data
[2026-03-28T15:13:11.978Z] GET /api/content/gallery
[2026-03-28T15:13:11.979Z] GET /api/content/stories
[2026-03-28T15:13:11.979Z] GET /api/content/contact_data
[2026-03-28T15:13:11.979Z] GET /api/content/family_people
[2026-03-28T15:13:11.983Z] GET /api/content/family_families
[2026-03-28T15:13:11.983Z] GET /api/content/groom_family_links
[2026-03-28T15:13:11.983Z] GET /api/content/groom_family_people
[2026-03-28T15:13:11.985Z] GET /api/content/groom_family_families
[2026-03-28T15:13:11.985Z] GET /api/content/family_links
[2026-03-28T15:13:11.985Z] GET /api/rsvps
[2026-03-28T15:13:15.353Z] POST /api/content/stories
[2026-03-28T15:13:20.222Z] GET /api/users
[2026-03-28T15:13:20.224Z] GET /api/rsvps
[2026-03-28T15:13:20.226Z] GET /api/guests
[2026-03-28T15:13:20.228Z] GET /api/users
[2026-03-28T15:13:20.233Z] GET /api/rsvps
[2026-03-28T15:13:20.256Z] GET /api/guests
[2026-03-28T15:13:35.548Z] GET /api/content/events
[2026-03-28T15:13:35.549Z] GET /api/content/gallery
[2026-03-28T15:13:35.550Z] GET /api/content/home_data
[2026-03-28T15:13:35.550Z] GET /api/content/moments
[2026-03-28T15:13:35.550Z] GET /api/content/stories
[2026-03-28T15:13:35.550Z] GET /api/content/contact_data
[2026-03-28T15:13:35.633Z] GET /api/content/family_links
[2026-03-28T15:13:35.634Z] GET /api/content/family_people
[2026-03-28T15:13:35.634Z] GET /api/content/groom_family_people
[2026-03-28T15:13:35.634Z] GET /api/content/family_families
[2026-03-28T15:13:35.636Z] GET /api/content/groom_family_families
[2026-03-28T15:13:35.649Z] GET /api/rsvps
[2026-03-28T15:13:35.651Z] GET /api/content/groom_family_links
[2026-03-28T15:13:35.651Z] GET /api/content/events
[2026-03-28T15:13:35.653Z] GET /api/content/gallery
[2026-03-28T15:13:35.653Z] GET /api/content/contact_data
[2026-03-28T15:13:35.657Z] GET /api/content/moments
[2026-03-28T15:13:35.657Z] GET /api/content/stories
[2026-03-28T15:13:35.657Z] GET /api/content/family_families
[2026-03-28T15:13:35.658Z] GET /api/content/family_links
[2026-03-28T15:13:35.663Z] GET /api/content/groom_family_people
[2026-03-28T15:13:35.666Z] GET /api/content/family_people
[2026-03-28T15:13:35.669Z] GET /api/content/groom_family_families
[2026-03-28T15:13:35.678Z] GET /api/content/groom_family_links
[2026-03-28T15:13:35.697Z] GET /api/rsvps
[2026-03-28T15:13:35.704Z] GET /api/content/home_data
[2026-03-28T15:15:29.969Z] GET /api/users
[2026-03-28T15:15:29.991Z] GET /api/guests
[2026-03-28T15:15:29.996Z] GET /api/rsvps
[2026-03-28T15:15:30.083Z] GET /api/users
[2026-03-28T15:15:30.097Z] GET /api/guests
[2026-03-28T15:15:30.104Z] GET /api/rsvps
[2026-03-28T15:15:46.102Z] POST /api/content/gallery
PayloadTooLargeError: request entity too large
    at readStream (/Users/raacoon/Desktop/Project/invitation2/node_modules/raw-body/index.js:163:17)
    at getRawBody (/Users/raacoon/Desktop/Project/invitation2/node_modules/raw-body/index.js:116:12)
    at read (/Users/raacoon/Desktop/Project/invitation2/node_modules/body-parser/lib/read.js:114:3)
    at jsonParser (/Users/raacoon/Desktop/Project/invitation2/node_modules/body-parser/lib/types/json.js:90:5)
    at Layer.handleRequest (/Users/raacoon/Desktop/Project/invitation2/node_modules/router/lib/layer.js:152:17)
    at trimPrefix (/Users/raacoon/Desktop/Project/invitation2/node_modules/router/index.js:342:13)
    at /Users/raacoon/Desktop/Project/invitation2/node_modules/router/index.js:297:9
    at processParams (/Users/raacoon/Desktop/Project/invitation2/node_modules/router/index.js:582:12)
    at next (/Users/raacoon/Desktop/Project/invitation2/node_modules/router/index.js:291:5)
    at cors (/Users/raacoon/Desktop/Project/invitation2/node_modules/cors/lib/index.js:188:7)
[2026-03-28T15:15:49.651Z] POST /api/content/gallery
[2026-03-28T15:15:55.521Z] POST /api/content/gallery
PayloadTooLargeError: request entity too large
    at readStream (/Users/raacoon/Desktop/Project/invitation2/node_modules/raw-body/index.js:163:17)
    at getRawBody (/Users/raacoon/Desktop/Project/invitation2/node_modules/raw-body/index.js:116:12)
    at read (/Users/raacoon/Desktop/Project/invitation2/node_modules/body-parser/lib/read.js:114:3)
    at jsonParser (/Users/raacoon/Desktop/Project/invitation2/node_modules/body-parser/lib/types/json.js:90:5)
    at Layer.handleRequest (/Users/raacoon/Desktop/Project/invitation2/node_modules/router/lib/layer.js:152:17)
    at trimPrefix (/Users/raacoon/Desktop/Project/invitation2/node_modules/router/index.js:342:13)
    at /Users/raacoon/Desktop/Project/invitation2/node_modules/router/index.js:297:9
    at processParams (/Users/raacoon/Desktop/Project/invitation2/node_modules/router/index.js:582:12)
    at next (/Users/raacoon/Desktop/Project/invitation2/node_modules/router/index.js:291:5)
    at cors (/Users/raacoon/Desktop/Project/invitation2/node_modules/cors/lib/index.js:188:7)
[2026-03-28T15:16:01.769Z] POST /api/content/gallery
PayloadTooLargeError: request entity too large
    at readStream (/Users/raacoon/Desktop/Project/invitation2/node_modules/raw-body/index.js:163:17)
    at getRawBody (/Users/raacoon/Desktop/Project/invitation2/node_modules/raw-body/index.js:116:12)
    at read (/Users/raacoon/Desktop/Project/invitation2/node_modules/body-parser/lib/read.js:114:3)
    at jsonParser (/Users/raacoon/Desktop/Project/invitation2/node_modules/body-parser/lib/types/json.js:90:5)
    at Layer.handleRequest (/Users/raacoon/Desktop/Project/invitation2/node_modules/router/lib/layer.js:152:17)
    at trimPrefix (/Users/raacoon/Desktop/Project/invitation2/node_modules/router/index.js:342:13)
    at /Users/raacoon/Desktop/Project/invitation2/node_modules/router/index.js:297:9
    at processParams (/Users/raacoon/Desktop/Project/invitation2/node_modules/router/index.js:582:12)
    at next (/Users/raacoon/Desktop/Project/invitation2/node_modules/router/index.js:291:5)
    at cors (/Users/raacoon/Desktop/Project/invitation2/node_modules/cors/lib/index.js:188:7)
[2026-03-28T15:16:09.852Z] POST /api/content/gallery
PayloadTooLargeError: request entity too large
    at readStream (/Users/raacoon/Desktop/Project/invitation2/node_modules/raw-body/index.js:163:17)
    at getRawBody (/Users/raacoon/Desktop/Project/invitation2/node_modules/raw-body/index.js:116:12)
    at read (/Users/raacoon/Desktop/Project/invitation2/node_modules/body-parser/lib/read.js:114:3)
    at jsonParser (/Users/raacoon/Desktop/Project/invitation2/node_modules/body-parser/lib/types/json.js:90:5)
    at Layer.handleRequest (/Users/raacoon/Desktop/Project/invitation2/node_modules/router/lib/layer.js:152:17)
    at trimPrefix (/Users/raacoon/Desktop/Project/invitation2/node_modules/router/index.js:342:13)
    at /Users/raacoon/Desktop/Project/invitation2/node_modules/router/index.js:297:9
    at processParams (/Users/raacoon/Desktop/Project/invitation2/node_modules/router/index.js:582:12)
    at next (/Users/raacoon/Desktop/Project/invitation2/node_modules/router/index.js:291:5)
    at cors (/Users/raacoon/Desktop/Project/invitation2/node_modules/cors/lib/index.js:188:7)
[2026-03-28T15:17:25.927Z] POST /api/content/gallery
PayloadTooLargeError: request entity too large
    at readStream (/Users/raacoon/Desktop/Project/invitation2/node_modules/raw-body/index.js:163:17)
    at getRawBody (/Users/raacoon/Desktop/Project/invitation2/node_modules/raw-body/index.js:116:12)
    at read (/Users/raacoon/Desktop/Project/invitation2/node_modules/body-parser/lib/read.js:114:3)
    at jsonParser (/Users/raacoon/Desktop/Project/invitation2/node_modules/body-parser/lib/types/json.js:90:5)
    at Layer.handleRequest (/Users/raacoon/Desktop/Project/invitation2/node_modules/router/lib/layer.js:152:17)
    at trimPrefix (/Users/raacoon/Desktop/Project/invitation2/node_modules/router/index.js:342:13)
    at /Users/raacoon/Desktop/Project/invitation2/node_modules/router/index.js:297:9
    at processParams (/Users/raacoon/Desktop/Project/invitation2/node_modules/router/index.js:582:12)
    at next (/Users/raacoon/Desktop/Project/invitation2/node_modules/router/index.js:291:5)
    at cors (/Users/raacoon/Desktop/Project/invitation2/node_modules/cors/lib/index.js:188:7)
[2026-03-28T15:21:16.475Z] POST /api/content/stories
[2026-03-28T15:21:44.971Z] POST /api/content/stories
PayloadTooLargeError: request entity too large
    at readStream (/Users/raacoon/Desktop/Project/invitation2/node_modules/raw-body/index.js:163:17)
    at getRawBody (/Users/raacoon/Desktop/Project/invitation2/node_modules/raw-body/index.js:116:12)
    at read (/Users/raacoon/Desktop/Project/invitation2/node_modules/body-parser/lib/read.js:114:3)
    at jsonParser (/Users/raacoon/Desktop/Project/invitation2/node_modules/body-parser/lib/types/json.js:90:5)
    at Layer.handleRequest (/Users/raacoon/Desktop/Project/invitation2/node_modules/router/lib/layer.js:152:17)
    at trimPrefix (/Users/raacoon/Desktop/Project/invitation2/node_modules/router/index.js:342:13)
    at /Users/raacoon/Desktop/Project/invitation2/node_modules/router/index.js:297:9
    at processParams (/Users/raacoon/Desktop/Project/invitation2/node_modules/router/index.js:582:12)
    at next (/Users/raacoon/Desktop/Project/invitation2/node_modules/router/index.js:291:5)
    at cors (/Users/raacoon/Desktop/Project/invitation2/node_modules/cors/lib/index.js:188:7)
[2026-03-28T15:21:48.387Z] POST /api/content/stories
PayloadTooLargeError: request entity too large
    at readStream (/Users/raacoon/Desktop/Project/invitation2/node_modules/raw-body/index.js:163:17)
    at getRawBody (/Users/raacoon/Desktop/Project/invitation2/node_modules/raw-body/index.js:116:12)
    at read (/Users/raacoon/Desktop/Project/invitation2/node_modules/body-parser/lib/read.js:114:3)
    at jsonParser (/Users/raacoon/Desktop/Project/invitation2/node_modules/body-parser/lib/types/json.js:90:5)
    at Layer.handleRequest (/Users/raacoon/Desktop/Project/invitation2/node_modules/router/lib/layer.js:152:17)
    at trimPrefix (/Users/raacoon/Desktop/Project/invitation2/node_modules/router/index.js:342:13)
    at /Users/raacoon/Desktop/Project/invitation2/node_modules/router/index.js:297:9
    at processParams (/Users/raacoon/Desktop/Project/invitation2/node_modules/router/index.js:582:12)
    at next (/Users/raacoon/Desktop/Project/invitation2/node_modules/router/index.js:291:5)
    at cors (/Users/raacoon/Desktop/Project/invitation2/node_modules/cors/lib/index.js:188:7)
[2026-03-28T15:21:48.537Z] POST /api/content/stories
PayloadTooLargeError: request entity too large
    at readStream (/Users/raacoon/Desktop/Project/invitation2/node_modules/raw-body/index.js:163:17)
    at getRawBody (/Users/raacoon/Desktop/Project/invitation2/node_modules/raw-body/index.js:116:12)
    at read (/Users/raacoon/Desktop/Project/invitation2/node_modules/body-parser/lib/read.js:114:3)
    at jsonParser (/Users/raacoon/Desktop/Project/invitation2/node_modules/body-parser/lib/types/json.js:90:5)
    at Layer.handleRequest (/Users/raacoon/Desktop/Project/invitation2/node_modules/router/lib/layer.js:152:17)
    at trimPrefix (/Users/raacoon/Desktop/Project/invitation2/node_modules/router/index.js:342:13)
    at /Users/raacoon/Desktop/Project/invitation2/node_modules/router/index.js:297:9
    at processParams (/Users/raacoon/Desktop/Project/invitation2/node_modules/router/index.js:582:12)
    at next (/Users/raacoon/Desktop/Project/invitation2/node_modules/router/index.js:291:5)
    at cors (/Users/raacoon/Desktop/Project/invitation2/node_modules/cors/lib/index.js:188:7)
[2026-03-28T15:21:49.538Z] POST /api/content/stories
PayloadTooLargeError: request entity too large
    at readStream (/Users/raacoon/Desktop/Project/invitation2/node_modules/raw-body/index.js:163:17)
    at getRawBody (/Users/raacoon/Desktop/Project/invitation2/node_modules/raw-body/index.js:116:12)
    at read (/Users/raacoon/Desktop/Project/invitation2/node_modules/body-parser/lib/read.js:114:3)
    at jsonParser (/Users/raacoon/Desktop/Project/invitation2/node_modules/body-parser/lib/types/json.js:90:5)
    at Layer.handleRequest (/Users/raacoon/Desktop/Project/invitation2/node_modules/router/lib/layer.js:152:17)
    at trimPrefix (/Users/raacoon/Desktop/Project/invitation2/node_modules/router/index.js:342:13)
    at /Users/raacoon/Desktop/Project/invitation2/node_modules/router/index.js:297:9
    at processParams (/Users/raacoon/Desktop/Project/invitation2/node_modules/router/index.js:582:12)
    at next (/Users/raacoon/Desktop/Project/invitation2/node_modules/router/index.js:291:5)
    at cors (/Users/raacoon/Desktop/Project/invitation2/node_modules/cors/lib/index.js:188:7)
[2026-03-28T15:21:49.731Z] POST /api/content/stories
PayloadTooLargeError: request entity too large
    at readStream (/Users/raacoon/Desktop/Project/invitation2/node_modules/raw-body/index.js:163:17)
    at getRawBody (/Users/raacoon/Desktop/Project/invitation2/node_modules/raw-body/index.js:116:12)
    at read (/Users/raacoon/Desktop/Project/invitation2/node_modules/body-parser/lib/read.js:114:3)
    at jsonParser (/Users/raacoon/Desktop/Project/invitation2/node_modules/body-parser/lib/types/json.js:90:5)
    at Layer.handleRequest (/Users/raacoon/Desktop/Project/invitation2/node_modules/router/lib/layer.js:152:17)
    at trimPrefix (/Users/raacoon/Desktop/Project/invitation2/node_modules/router/index.js:342:13)
    at /Users/raacoon/Desktop/Project/invitation2/node_modules/router/index.js:297:9
    at processParams (/Users/raacoon/Desktop/Project/invitation2/node_modules/router/index.js:582:12)
    at next (/Users/raacoon/Desktop/Project/invitation2/node_modules/router/index.js:291:5)
    at cors (/Users/raacoon/Desktop/Project/invitation2/node_modules/cors/lib/index.js:188:7)
[2026-03-28T15:21:50.285Z] POST /api/content/stories
PayloadTooLargeError: request entity too large
    at readStream (/Users/raacoon/Desktop/Project/invitation2/node_modules/raw-body/index.js:163:17)
    at getRawBody (/Users/raacoon/Desktop/Project/invitation2/node_modules/raw-body/index.js:116:12)
    at read (/Users/raacoon/Desktop/Project/invitation2/node_modules/body-parser/lib/read.js:114:3)
    at jsonParser (/Users/raacoon/Desktop/Project/invitation2/node_modules/body-parser/lib/types/json.js:90:5)
    at Layer.handleRequest (/Users/raacoon/Desktop/Project/invitation2/node_modules/router/lib/layer.js:152:17)
    at trimPrefix (/Users/raacoon/Desktop/Project/invitation2/node_modules/router/index.js:342:13)
    at /Users/raacoon/Desktop/Project/invitation2/node_modules/router/index.js:297:9
    at processParams (/Users/raacoon/Desktop/Project/invitation2/node_modules/router/index.js:582:12)
    at next (/Users/raacoon/Desktop/Project/invitation2/node_modules/router/index.js:291:5)
    at cors (/Users/raacoon/Desktop/Project/invitation2/node_modules/cors/lib/index.js:188:7)
[2026-03-28T15:21:52.010Z] POST /api/content/stories
PayloadTooLargeError: request entity too large
    at readStream (/Users/raacoon/Desktop/Project/invitation2/node_modules/raw-body/index.js:163:17)
    at getRawBody (/Users/raacoon/Desktop/Project/invitation2/node_modules/raw-body/index.js:116:12)
    at read (/Users/raacoon/Desktop/Project/invitation2/node_modules/body-parser/lib/read.js:114:3)
    at jsonParser (/Users/raacoon/Desktop/Project/invitation2/node_modules/body-parser/lib/types/json.js:90:5)
    at Layer.handleRequest (/Users/raacoon/Desktop/Project/invitation2/node_modules/router/lib/layer.js:152:17)
    at trimPrefix (/Users/raacoon/Desktop/Project/invitation2/node_modules/router/index.js:342:13)
    at /Users/raacoon/Desktop/Project/invitation2/node_modules/router/index.js:297:9
    at processParams (/Users/raacoon/Desktop/Project/invitation2/node_modules/router/index.js:582:12)
    at next (/Users/raacoon/Desktop/Project/invitation2/node_modules/router/index.js:291:5)
    at cors (/Users/raacoon/Desktop/Project/invitation2/node_modules/cors/lib/index.js:188:7)
[2026-03-28T15:21:52.200Z] POST /api/content/stories
PayloadTooLargeError: request entity too large
    at readStream (/Users/raacoon/Desktop/Project/invitation2/node_modules/raw-body/index.js:163:17)
    at getRawBody (/Users/raacoon/Desktop/Project/invitation2/node_modules/raw-body/index.js:116:12)
    at read (/Users/raacoon/Desktop/Project/invitation2/node_modules/body-parser/lib/read.js:114:3)
    at jsonParser (/Users/raacoon/Desktop/Project/invitation2/node_modules/body-parser/lib/types/json.js:90:5)
    at Layer.handleRequest (/Users/raacoon/Desktop/Project/invitation2/node_modules/router/lib/layer.js:152:17)
    at trimPrefix (/Users/raacoon/Desktop/Project/invitation2/node_modules/router/index.js:342:13)
    at /Users/raacoon/Desktop/Project/invitation2/node_modules/router/index.js:297:9
    at processParams (/Users/raacoon/Desktop/Project/invitation2/node_modules/router/index.js:582:12)
    at next (/Users/raacoon/Desktop/Project/invitation2/node_modules/router/index.js:291:5)
    at cors (/Users/raacoon/Desktop/Project/invitation2/node_modules/cors/lib/index.js:188:7)
[2026-03-28T15:21:52.408Z] POST /api/content/stories
PayloadTooLargeError: request entity too large
    at readStream (/Users/raacoon/Desktop/Project/invitation2/node_modules/raw-body/index.js:163:17)
    at getRawBody (/Users/raacoon/Desktop/Project/invitation2/node_modules/raw-body/index.js:116:12)
    at read (/Users/raacoon/Desktop/Project/invitation2/node_modules/body-parser/lib/read.js:114:3)
    at jsonParser (/Users/raacoon/Desktop/Project/invitation2/node_modules/body-parser/lib/types/json.js:90:5)
    at Layer.handleRequest (/Users/raacoon/Desktop/Project/invitation2/node_modules/router/lib/layer.js:152:17)
    at trimPrefix (/Users/raacoon/Desktop/Project/invitation2/node_modules/router/index.js:342:13)
    at /Users/raacoon/Desktop/Project/invitation2/node_modules/router/index.js:297:9
    at processParams (/Users/raacoon/Desktop/Project/invitation2/node_modules/router/index.js:582:12)
    at next (/Users/raacoon/Desktop/Project/invitation2/node_modules/router/index.js:291:5)
    at cors (/Users/raacoon/Desktop/Project/invitation2/node_modules/cors/lib/index.js:188:7)
[2026-03-28T15:21:52.801Z] POST /api/content/stories
PayloadTooLargeError: request entity too large
    at readStream (/Users/raacoon/Desktop/Project/invitation2/node_modules/raw-body/index.js:163:17)
    at getRawBody (/Users/raacoon/Desktop/Project/invitation2/node_modules/raw-body/index.js:116:12)
    at read (/Users/raacoon/Desktop/Project/invitation2/node_modules/body-parser/lib/read.js:114:3)
    at jsonParser (/Users/raacoon/Desktop/Project/invitation2/node_modules/body-parser/lib/types/json.js:90:5)
    at Layer.handleRequest (/Users/raacoon/Desktop/Project/invitation2/node_modules/router/lib/layer.js:152:17)
    at trimPrefix (/Users/raacoon/Desktop/Project/invitation2/node_modules/router/index.js:342:13)
    at /Users/raacoon/Desktop/Project/invitation2/node_modules/router/index.js:297:9
    at processParams (/Users/raacoon/Desktop/Project/invitation2/node_modules/router/index.js:582:12)
    at next (/Users/raacoon/Desktop/Project/invitation2/node_modules/router/index.js:291:5)
    at cors (/Users/raacoon/Desktop/Project/invitation2/node_modules/cors/lib/index.js:188:7)
[2026-03-28T15:21:53.584Z] POST /api/content/stories
PayloadTooLargeError: request entity too large
    at readStream (/Users/raacoon/Desktop/Project/invitation2/node_modules/raw-body/index.js:163:17)
    at getRawBody (/Users/raacoon/Desktop/Project/invitation2/node_modules/raw-body/index.js:116:12)
    at read (/Users/raacoon/Desktop/Project/invitation2/node_modules/body-parser/lib/read.js:114:3)
    at jsonParser (/Users/raacoon/Desktop/Project/invitation2/node_modules/body-parser/lib/types/json.js:90:5)
    at Layer.handleRequest (/Users/raacoon/Desktop/Project/invitation2/node_modules/router/lib/layer.js:152:17)
    at trimPrefix (/Users/raacoon/Desktop/Project/invitation2/node_modules/router/index.js:342:13)
    at /Users/raacoon/Desktop/Project/invitation2/node_modules/router/index.js:297:9
    at processParams (/Users/raacoon/Desktop/Project/invitation2/node_modules/router/index.js:582:12)
    at next (/Users/raacoon/Desktop/Project/invitation2/node_modules/router/index.js:291:5)
    at cors (/Users/raacoon/Desktop/Project/invitation2/node_modules/cors/lib/index.js:188:7)
[2026-03-28T15:21:53.794Z] POST /api/content/stories
PayloadTooLargeError: request entity too large
    at readStream (/Users/raacoon/Desktop/Project/invitation2/node_modules/raw-body/index.js:163:17)
    at getRawBody (/Users/raacoon/Desktop/Project/invitation2/node_modules/raw-body/index.js:116:12)
    at read (/Users/raacoon/Desktop/Project/invitation2/node_modules/body-parser/lib/read.js:114:3)
    at jsonParser (/Users/raacoon/Desktop/Project/invitation2/node_modules/body-parser/lib/types/json.js:90:5)
    at Layer.handleRequest (/Users/raacoon/Desktop/Project/invitation2/node_modules/router/lib/layer.js:152:17)
    at trimPrefix (/Users/raacoon/Desktop/Project/invitation2/node_modules/router/index.js:342:13)
    at /Users/raacoon/Desktop/Project/invitation2/node_modules/router/index.js:297:9
    at processParams (/Users/raacoon/Desktop/Project/invitation2/node_modules/router/index.js:582:12)
    at next (/Users/raacoon/Desktop/Project/invitation2/node_modules/router/index.js:291:5)
    at cors (/Users/raacoon/Desktop/Project/invitation2/node_modules/cors/lib/index.js:188:7)
[2026-03-28T15:21:54.134Z] POST /api/content/stories
PayloadTooLargeError: request entity too large
    at readStream (/Users/raacoon/Desktop/Project/invitation2/node_modules/raw-body/index.js:163:17)
    at getRawBody (/Users/raacoon/Desktop/Project/invitation2/node_modules/raw-body/index.js:116:12)
    at read (/Users/raacoon/Desktop/Project/invitation2/node_modules/body-parser/lib/read.js:114:3)
    at jsonParser (/Users/raacoon/Desktop/Project/invitation2/node_modules/body-parser/lib/types/json.js:90:5)
    at Layer.handleRequest (/Users/raacoon/Desktop/Project/invitation2/node_modules/router/lib/layer.js:152:17)
    at trimPrefix (/Users/raacoon/Desktop/Project/invitation2/node_modules/router/index.js:342:13)
    at /Users/raacoon/Desktop/Project/invitation2/node_modules/router/index.js:297:9
    at processParams (/Users/raacoon/Desktop/Project/invitation2/node_modules/router/index.js:582:12)
    at next (/Users/raacoon/Desktop/Project/invitation2/node_modules/router/index.js:291:5)
    at cors (/Users/raacoon/Desktop/Project/invitation2/node_modules/cors/lib/index.js:188:7)
[2026-03-28T15:21:56.551Z] POST /api/content/stories
PayloadTooLargeError: request entity too large
    at readStream (/Users/raacoon/Desktop/Project/invitation2/node_modules/raw-body/index.js:163:17)
    at getRawBody (/Users/raacoon/Desktop/Project/invitation2/node_modules/raw-body/index.js:116:12)
    at read (/Users/raacoon/Desktop/Project/invitation2/node_modules/body-parser/lib/read.js:114:3)
    at jsonParser (/Users/raacoon/Desktop/Project/invitation2/node_modules/body-parser/lib/types/json.js:90:5)
    at Layer.handleRequest (/Users/raacoon/Desktop/Project/invitation2/node_modules/router/lib/layer.js:152:17)
    at trimPrefix (/Users/raacoon/Desktop/Project/invitation2/node_modules/router/index.js:342:13)
    at /Users/raacoon/Desktop/Project/invitation2/node_modules/router/index.js:297:9
    at processParams (/Users/raacoon/Desktop/Project/invitation2/node_modules/router/index.js:582:12)
    at next (/Users/raacoon/Desktop/Project/invitation2/node_modules/router/index.js:291:5)
    at cors (/Users/raacoon/Desktop/Project/invitation2/node_modules/cors/lib/index.js:188:7)
[2026-03-28T15:21:56.712Z] POST /api/content/stories
PayloadTooLargeError: request entity too large
    at readStream (/Users/raacoon/Desktop/Project/invitation2/node_modules/raw-body/index.js:163:17)
    at getRawBody (/Users/raacoon/Desktop/Project/invitation2/node_modules/raw-body/index.js:116:12)
    at read (/Users/raacoon/Desktop/Project/invitation2/node_modules/body-parser/lib/read.js:114:3)
    at jsonParser (/Users/raacoon/Desktop/Project/invitation2/node_modules/body-parser/lib/types/json.js:90:5)
    at Layer.handleRequest (/Users/raacoon/Desktop/Project/invitation2/node_modules/router/lib/layer.js:152:17)
    at trimPrefix (/Users/raacoon/Desktop/Project/invitation2/node_modules/router/index.js:342:13)
    at /Users/raacoon/Desktop/Project/invitation2/node_modules/router/index.js:297:9
    at processParams (/Users/raacoon/Desktop/Project/invitation2/node_modules/router/index.js:582:12)
    at next (/Users/raacoon/Desktop/Project/invitation2/node_modules/router/index.js:291:5)
    at cors (/Users/raacoon/Desktop/Project/invitation2/node_modules/cors/lib/index.js:188:7)
[2026-03-28T15:21:56.882Z] POST /api/content/stories
PayloadTooLargeError: request entity too large
    at readStream (/Users/raacoon/Desktop/Project/invitation2/node_modules/raw-body/index.js:163:17)
    at getRawBody (/Users/raacoon/Desktop/Project/invitation2/node_modules/raw-body/index.js:116:12)
    at read (/Users/raacoon/Desktop/Project/invitation2/node_modules/body-parser/lib/read.js:114:3)
    at jsonParser (/Users/raacoon/Desktop/Project/invitation2/node_modules/body-parser/lib/types/json.js:90:5)
    at Layer.handleRequest (/Users/raacoon/Desktop/Project/invitation2/node_modules/router/lib/layer.js:152:17)
    at trimPrefix (/Users/raacoon/Desktop/Project/invitation2/node_modules/router/index.js:342:13)
    at /Users/raacoon/Desktop/Project/invitation2/node_modules/router/index.js:297:9
    at processParams (/Users/raacoon/Desktop/Project/invitation2/node_modules/router/index.js:582:12)
    at next (/Users/raacoon/Desktop/Project/invitation2/node_modules/router/index.js:291:5)
    at cors (/Users/raacoon/Desktop/Project/invitation2/node_modules/cors/lib/index.js:188:7)
[2026-03-28T15:21:57.354Z] POST /api/content/stories
PayloadTooLargeError: request entity too large
    at readStream (/Users/raacoon/Desktop/Project/invitation2/node_modules/raw-body/index.js:163:17)
    at getRawBody (/Users/raacoon/Desktop/Project/invitation2/node_modules/raw-body/index.js:116:12)
    at read (/Users/raacoon/Desktop/Project/invitation2/node_modules/body-parser/lib/read.js:114:3)
    at jsonParser (/Users/raacoon/Desktop/Project/invitation2/node_modules/body-parser/lib/types/json.js:90:5)
    at Layer.handleRequest (/Users/raacoon/Desktop/Project/invitation2/node_modules/router/lib/layer.js:152:17)
    at trimPrefix (/Users/raacoon/Desktop/Project/invitation2/node_modules/router/index.js:342:13)
    at /Users/raacoon/Desktop/Project/invitation2/node_modules/router/index.js:297:9
    at processParams (/Users/raacoon/Desktop/Project/invitation2/node_modules/router/index.js:582:12)
    at next (/Users/raacoon/Desktop/Project/invitation2/node_modules/router/index.js:291:5)
    at cors (/Users/raacoon/Desktop/Project/invitation2/node_modules/cors/lib/index.js:188:7)
[2026-03-28T15:21:57.933Z] POST /api/content/stories
PayloadTooLargeError: request entity too large
    at readStream (/Users/raacoon/Desktop/Project/invitation2/node_modules/raw-body/index.js:163:17)
    at getRawBody (/Users/raacoon/Desktop/Project/invitation2/node_modules/raw-body/index.js:116:12)
    at read (/Users/raacoon/Desktop/Project/invitation2/node_modules/body-parser/lib/read.js:114:3)
    at jsonParser (/Users/raacoon/Desktop/Project/invitation2/node_modules/body-parser/lib/types/json.js:90:5)
    at Layer.handleRequest (/Users/raacoon/Desktop/Project/invitation2/node_modules/router/lib/layer.js:152:17)
    at trimPrefix (/Users/raacoon/Desktop/Project/invitation2/node_modules/router/index.js:342:13)
    at /Users/raacoon/Desktop/Project/invitation2/node_modules/router/index.js:297:9
    at processParams (/Users/raacoon/Desktop/Project/invitation2/node_modules/router/index.js:582:12)
    at next (/Users/raacoon/Desktop/Project/invitation2/node_modules/router/index.js:291:5)
    at cors (/Users/raacoon/Desktop/Project/invitation2/node_modules/cors/lib/index.js:188:7)
[2026-03-28T15:21:58.085Z] POST /api/content/stories
PayloadTooLargeError: request entity too large
    at readStream (/Users/raacoon/Desktop/Project/invitation2/node_modules/raw-body/index.js:163:17)
    at getRawBody (/Users/raacoon/Desktop/Project/invitation2/node_modules/raw-body/index.js:116:12)
    at read (/Users/raacoon/Desktop/Project/invitation2/node_modules/body-parser/lib/read.js:114:3)
    at jsonParser (/Users/raacoon/Desktop/Project/invitation2/node_modules/body-parser/lib/types/json.js:90:5)
    at Layer.handleRequest (/Users/raacoon/Desktop/Project/invitation2/node_modules/router/lib/layer.js:152:17)
    at trimPrefix (/Users/raacoon/Desktop/Project/invitation2/node_modules/router/index.js:342:13)
    at /Users/raacoon/Desktop/Project/invitation2/node_modules/router/index.js:297:9
    at processParams (/Users/raacoon/Desktop/Project/invitation2/node_modules/router/index.js:582:12)
    at next (/Users/raacoon/Desktop/Project/invitation2/node_modules/router/index.js:291:5)
    at cors (/Users/raacoon/Desktop/Project/invitation2/node_modules/cors/lib/index.js:188:7)
[2026-03-28T15:21:58.650Z] POST /api/content/stories
PayloadTooLargeError: request entity too large
    at readStream (/Users/raacoon/Desktop/Project/invitation2/node_modules/raw-body/index.js:163:17)
    at getRawBody (/Users/raacoon/Desktop/Project/invitation2/node_modules/raw-body/index.js:116:12)
    at read (/Users/raacoon/Desktop/Project/invitation2/node_modules/body-parser/lib/read.js:114:3)
    at jsonParser (/Users/raacoon/Desktop/Project/invitation2/node_modules/body-parser/lib/types/json.js:90:5)
    at Layer.handleRequest (/Users/raacoon/Desktop/Project/invitation2/node_modules/router/lib/layer.js:152:17)
    at trimPrefix (/Users/raacoon/Desktop/Project/invitation2/node_modules/router/index.js:342:13)
    at /Users/raacoon/Desktop/Project/invitation2/node_modules/router/index.js:297:9
    at processParams (/Users/raacoon/Desktop/Project/invitation2/node_modules/router/index.js:582:12)
    at next (/Users/raacoon/Desktop/Project/invitation2/node_modules/router/index.js:291:5)
    at cors (/Users/raacoon/Desktop/Project/invitation2/node_modules/cors/lib/index.js:188:7)
[2026-03-28T15:21:58.915Z] POST /api/content/stories
PayloadTooLargeError: request entity too large
    at readStream (/Users/raacoon/Desktop/Project/invitation2/node_modules/raw-body/index.js:163:17)
    at getRawBody (/Users/raacoon/Desktop/Project/invitation2/node_modules/raw-body/index.js:116:12)
    at read (/Users/raacoon/Desktop/Project/invitation2/node_modules/body-parser/lib/read.js:114:3)
    at jsonParser (/Users/raacoon/Desktop/Project/invitation2/node_modules/body-parser/lib/types/json.js:90:5)
    at Layer.handleRequest (/Users/raacoon/Desktop/Project/invitation2/node_modules/router/lib/layer.js:152:17)
    at trimPrefix (/Users/raacoon/Desktop/Project/invitation2/node_modules/router/index.js:342:13)
    at /Users/raacoon/Desktop/Project/invitation2/node_modules/router/index.js:297:9
    at processParams (/Users/raacoon/Desktop/Project/invitation2/node_modules/router/index.js:582:12)
    at next (/Users/raacoon/Desktop/Project/invitation2/node_modules/router/index.js:291:5)
    at cors (/Users/raacoon/Desktop/Project/invitation2/node_modules/cors/lib/index.js:188:7)
[2026-03-28T15:22:04.539Z] POST /api/content/stories
PayloadTooLargeError: request entity too large
    at readStream (/Users/raacoon/Desktop/Project/invitation2/node_modules/raw-body/index.js:163:17)
    at getRawBody (/Users/raacoon/Desktop/Project/invitation2/node_modules/raw-body/index.js:116:12)
    at read (/Users/raacoon/Desktop/Project/invitation2/node_modules/body-parser/lib/read.js:114:3)
    at jsonParser (/Users/raacoon/Desktop/Project/invitation2/node_modules/body-parser/lib/types/json.js:90:5)
    at Layer.handleRequest (/Users/raacoon/Desktop/Project/invitation2/node_modules/router/lib/layer.js:152:17)
    at trimPrefix (/Users/raacoon/Desktop/Project/invitation2/node_modules/router/index.js:342:13)
    at /Users/raacoon/Desktop/Project/invitation2/node_modules/router/index.js:297:9
    at processParams (/Users/raacoon/Desktop/Project/invitation2/node_modules/router/index.js:582:12)
    at next (/Users/raacoon/Desktop/Project/invitation2/node_modules/router/index.js:291:5)
    at cors (/Users/raacoon/Desktop/Project/invitation2/node_modules/cors/lib/index.js:188:7)
[2026-03-28T15:22:04.802Z] POST /api/content/stories
PayloadTooLargeError: request entity too large
    at readStream (/Users/raacoon/Desktop/Project/invitation2/node_modules/raw-body/index.js:163:17)
    at getRawBody (/Users/raacoon/Desktop/Project/invitation2/node_modules/raw-body/index.js:116:12)
    at read (/Users/raacoon/Desktop/Project/invitation2/node_modules/body-parser/lib/read.js:114:3)
    at jsonParser (/Users/raacoon/Desktop/Project/invitation2/node_modules/body-parser/lib/types/json.js:90:5)
    at Layer.handleRequest (/Users/raacoon/Desktop/Project/invitation2/node_modules/router/lib/layer.js:152:17)
    at trimPrefix (/Users/raacoon/Desktop/Project/invitation2/node_modules/router/index.js:342:13)
    at /Users/raacoon/Desktop/Project/invitation2/node_modules/router/index.js:297:9
    at processParams (/Users/raacoon/Desktop/Project/invitation2/node_modules/router/index.js:582:12)
    at next (/Users/raacoon/Desktop/Project/invitation2/node_modules/router/index.js:291:5)
    at cors (/Users/raacoon/Desktop/Project/invitation2/node_modules/cors/lib/index.js:188:7)
[2026-03-28T15:22:05.099Z] POST /api/content/stories
PayloadTooLargeError: request entity too large
    at readStream (/Users/raacoon/Desktop/Project/invitation2/node_modules/raw-body/index.js:163:17)
    at getRawBody (/Users/raacoon/Desktop/Project/invitation2/node_modules/raw-body/index.js:116:12)
    at read (/Users/raacoon/Desktop/Project/invitation2/node_modules/body-parser/lib/read.js:114:3)
    at jsonParser (/Users/raacoon/Desktop/Project/invitation2/node_modules/body-parser/lib/types/json.js:90:5)
    at Layer.handleRequest (/Users/raacoon/Desktop/Project/invitation2/node_modules/router/lib/layer.js:152:17)
    at trimPrefix (/Users/raacoon/Desktop/Project/invitation2/node_modules/router/index.js:342:13)
    at /Users/raacoon/Desktop/Project/invitation2/node_modules/router/index.js:297:9
    at processParams (/Users/raacoon/Desktop/Project/invitation2/node_modules/router/index.js:582:12)
    at next (/Users/raacoon/Desktop/Project/invitation2/node_modules/router/index.js:291:5)
    at cors (/Users/raacoon/Desktop/Project/invitation2/node_modules/cors/lib/index.js:188:7)
[2026-03-28T15:22:05.109Z] POST /api/content/stories
PayloadTooLargeError: request entity too large
    at readStream (/Users/raacoon/Desktop/Project/invitation2/node_modules/raw-body/index.js:163:17)
    at getRawBody (/Users/raacoon/Desktop/Project/invitation2/node_modules/raw-body/index.js:116:12)
    at read (/Users/raacoon/Desktop/Project/invitation2/node_modules/body-parser/lib/read.js:114:3)
    at jsonParser (/Users/raacoon/Desktop/Project/invitation2/node_modules/body-parser/lib/types/json.js:90:5)
    at Layer.handleRequest (/Users/raacoon/Desktop/Project/invitation2/node_modules/router/lib/layer.js:152:17)
    at trimPrefix (/Users/raacoon/Desktop/Project/invitation2/node_modules/router/index.js:342:13)
    at /Users/raacoon/Desktop/Project/invitation2/node_modules/router/index.js:297:9
    at processParams (/Users/raacoon/Desktop/Project/invitation2/node_modules/router/index.js:582:12)
    at next (/Users/raacoon/Desktop/Project/invitation2/node_modules/router/index.js:291:5)
    at cors (/Users/raacoon/Desktop/Project/invitation2/node_modules/cors/lib/index.js:188:7)
[2026-03-28T15:22:05.376Z] POST /api/content/stories
PayloadTooLargeError: request entity too large
    at readStream (/Users/raacoon/Desktop/Project/invitation2/node_modules/raw-body/index.js:163:17)
    at getRawBody (/Users/raacoon/Desktop/Project/invitation2/node_modules/raw-body/index.js:116:12)
    at read (/Users/raacoon/Desktop/Project/invitation2/node_modules/body-parser/lib/read.js:114:3)
    at jsonParser (/Users/raacoon/Desktop/Project/invitation2/node_modules/body-parser/lib/types/json.js:90:5)
    at Layer.handleRequest (/Users/raacoon/Desktop/Project/invitation2/node_modules/router/lib/layer.js:152:17)
    at trimPrefix (/Users/raacoon/Desktop/Project/invitation2/node_modules/router/index.js:342:13)
    at /Users/raacoon/Desktop/Project/invitation2/node_modules/router/index.js:297:9
    at processParams (/Users/raacoon/Desktop/Project/invitation2/node_modules/router/index.js:582:12)
    at next (/Users/raacoon/Desktop/Project/invitation2/node_modules/router/index.js:291:5)
    at cors (/Users/raacoon/Desktop/Project/invitation2/node_modules/cors/lib/index.js:188:7)
[2026-03-28T15:22:05.392Z] POST /api/content/stories
PayloadTooLargeError: request entity too large
    at readStream (/Users/raacoon/Desktop/Project/invitation2/node_modules/raw-body/index.js:163:17)
    at getRawBody (/Users/raacoon/Desktop/Project/invitation2/node_modules/raw-body/index.js:116:12)
    at read (/Users/raacoon/Desktop/Project/invitation2/node_modules/body-parser/lib/read.js:114:3)
    at jsonParser (/Users/raacoon/Desktop/Project/invitation2/node_modules/body-parser/lib/types/json.js:90:5)
    at Layer.handleRequest (/Users/raacoon/Desktop/Project/invitation2/node_modules/router/lib/layer.js:152:17)
    at trimPrefix (/Users/raacoon/Desktop/Project/invitation2/node_modules/router/index.js:342:13)
    at /Users/raacoon/Desktop/Project/invitation2/node_modules/router/index.js:297:9
    at processParams (/Users/raacoon/Desktop/Project/invitation2/node_modules/router/index.js:582:12)
    at next (/Users/raacoon/Desktop/Project/invitation2/node_modules/router/index.js:291:5)
    at cors (/Users/raacoon/Desktop/Project/invitation2/node_modules/cors/lib/index.js:188:7)
[2026-03-28T15:22:05.394Z] POST /api/content/stories
PayloadTooLargeError: request entity too large
    at readStream (/Users/raacoon/Desktop/Project/invitation2/node_modules/raw-body/index.js:163:17)
    at getRawBody (/Users/raacoon/Desktop/Project/invitation2/node_modules/raw-body/index.js:116:12)
    at read (/Users/raacoon/Desktop/Project/invitation2/node_modules/body-parser/lib/read.js:114:3)
    at jsonParser (/Users/raacoon/Desktop/Project/invitation2/node_modules/body-parser/lib/types/json.js:90:5)
    at Layer.handleRequest (/Users/raacoon/Desktop/Project/invitation2/node_modules/router/lib/layer.js:152:17)
    at trimPrefix (/Users/raacoon/Desktop/Project/invitation2/node_modules/router/index.js:342:13)
    at /Users/raacoon/Desktop/Project/invitation2/node_modules/router/index.js:297:9
    at processParams (/Users/raacoon/Desktop/Project/invitation2/node_modules/router/index.js:582:12)
    at next (/Users/raacoon/Desktop/Project/invitation2/node_modules/router/index.js:291:5)
    at cors (/Users/raacoon/Desktop/Project/invitation2/node_modules/cors/lib/index.js:188:7)
[2026-03-28T15:22:06.768Z] POST /api/content/stories
PayloadTooLargeError: request entity too large
    at readStream (/Users/raacoon/Desktop/Project/invitation2/node_modules/raw-body/index.js:163:17)
    at getRawBody (/Users/raacoon/Desktop/Project/invitation2/node_modules/raw-body/index.js:116:12)
    at read (/Users/raacoon/Desktop/Project/invitation2/node_modules/body-parser/lib/read.js:114:3)
    at jsonParser (/Users/raacoon/Desktop/Project/invitation2/node_modules/body-parser/lib/types/json.js:90:5)
    at Layer.handleRequest (/Users/raacoon/Desktop/Project/invitation2/node_modules/router/lib/layer.js:152:17)
    at trimPrefix (/Users/raacoon/Desktop/Project/invitation2/node_modules/router/index.js:342:13)
    at /Users/raacoon/Desktop/Project/invitation2/node_modules/router/index.js:297:9
    at processParams (/Users/raacoon/Desktop/Project/invitation2/node_modules/router/index.js:582:12)
    at next (/Users/raacoon/Desktop/Project/invitation2/node_modules/router/index.js:291:5)
    at cors (/Users/raacoon/Desktop/Project/invitation2/node_modules/cors/lib/index.js:188:7)
[2026-03-28T15:22:06.938Z] POST /api/content/stories
PayloadTooLargeError: request entity too large
    at readStream (/Users/raacoon/Desktop/Project/invitation2/node_modules/raw-body/index.js:163:17)
    at getRawBody (/Users/raacoon/Desktop/Project/invitation2/node_modules/raw-body/index.js:116:12)
    at read (/Users/raacoon/Desktop/Project/invitation2/node_modules/body-parser/lib/read.js:114:3)
    at jsonParser (/Users/raacoon/Desktop/Project/invitation2/node_modules/body-parser/lib/types/json.js:90:5)
    at Layer.handleRequest (/Users/raacoon/Desktop/Project/invitation2/node_modules/router/lib/layer.js:152:17)
    at trimPrefix (/Users/raacoon/Desktop/Project/invitation2/node_modules/router/index.js:342:13)
    at /Users/raacoon/Desktop/Project/invitation2/node_modules/router/index.js:297:9
    at processParams (/Users/raacoon/Desktop/Project/invitation2/node_modules/router/index.js:582:12)
    at next (/Users/raacoon/Desktop/Project/invitation2/node_modules/router/index.js:291:5)
    at cors (/Users/raacoon/Desktop/Project/invitation2/node_modules/cors/lib/index.js:188:7)
[2026-03-28T15:22:07.067Z] POST /api/content/stories
PayloadTooLargeError: request entity too large
    at readStream (/Users/raacoon/Desktop/Project/invitation2/node_modules/raw-body/index.js:163:17)
    at getRawBody (/Users/raacoon/Desktop/Project/invitation2/node_modules/raw-body/index.js:116:12)
    at read (/Users/raacoon/Desktop/Project/invitation2/node_modules/body-parser/lib/read.js:114:3)
    at jsonParser (/Users/raacoon/Desktop/Project/invitation2/node_modules/body-parser/lib/types/json.js:90:5)
    at Layer.handleRequest (/Users/raacoon/Desktop/Project/invitation2/node_modules/router/lib/layer.js:152:17)
    at trimPrefix (/Users/raacoon/Desktop/Project/invitation2/node_modules/router/index.js:342:13)
    at /Users/raacoon/Desktop/Project/invitation2/node_modules/router/index.js:297:9
    at processParams (/Users/raacoon/Desktop/Project/invitation2/node_modules/router/index.js:582:12)
    at next (/Users/raacoon/Desktop/Project/invitation2/node_modules/router/index.js:291:5)
    at cors (/Users/raacoon/Desktop/Project/invitation2/node_modules/cors/lib/index.js:188:7)
[2026-03-28T15:22:07.226Z] POST /api/content/stories
PayloadTooLargeError: request entity too large
    at readStream (/Users/raacoon/Desktop/Project/invitation2/node_modules/raw-body/index.js:163:17)
    at getRawBody (/Users/raacoon/Desktop/Project/invitation2/node_modules/raw-body/index.js:116:12)
    at read (/Users/raacoon/Desktop/Project/invitation2/node_modules/body-parser/lib/read.js:114:3)
    at jsonParser (/Users/raacoon/Desktop/Project/invitation2/node_modules/body-parser/lib/types/json.js:90:5)
    at Layer.handleRequest (/Users/raacoon/Desktop/Project/invitation2/node_modules/router/lib/layer.js:152:17)
    at trimPrefix (/Users/raacoon/Desktop/Project/invitation2/node_modules/router/index.js:342:13)
    at /Users/raacoon/Desktop/Project/invitation2/node_modules/router/index.js:297:9
    at processParams (/Users/raacoon/Desktop/Project/invitation2/node_modules/router/index.js:582:12)
    at next (/Users/raacoon/Desktop/Project/invitation2/node_modules/router/index.js:291:5)
    at cors (/Users/raacoon/Desktop/Project/invitation2/node_modules/cors/lib/index.js:188:7)
[2026-03-28T15:22:07.337Z] POST /api/content/stories
PayloadTooLargeError: request entity too large
    at readStream (/Users/raacoon/Desktop/Project/invitation2/node_modules/raw-body/index.js:163:17)
    at getRawBody (/Users/raacoon/Desktop/Project/invitation2/node_modules/raw-body/index.js:116:12)
    at read (/Users/raacoon/Desktop/Project/invitation2/node_modules/body-parser/lib/read.js:114:3)
    at jsonParser (/Users/raacoon/Desktop/Project/invitation2/node_modules/body-parser/lib/types/json.js:90:5)
    at Layer.handleRequest (/Users/raacoon/Desktop/Project/invitation2/node_modules/router/lib/layer.js:152:17)
    at trimPrefix (/Users/raacoon/Desktop/Project/invitation2/node_modules/router/index.js:342:13)
    at /Users/raacoon/Desktop/Project/invitation2/node_modules/router/index.js:297:9
    at processParams (/Users/raacoon/Desktop/Project/invitation2/node_modules/router/index.js:582:12)
    at next (/Users/raacoon/Desktop/Project/invitation2/node_modules/router/index.js:291:5)
    at cors (/Users/raacoon/Desktop/Project/invitation2/node_modules/cors/lib/index.js:188:7)
[2026-03-28T15:22:07.354Z] POST /api/content/stories
PayloadTooLargeError: request entity too large
    at readStream (/Users/raacoon/Desktop/Project/invitation2/node_modules/raw-body/index.js:163:17)
    at getRawBody (/Users/raacoon/Desktop/Project/invitation2/node_modules/raw-body/index.js:116:12)
    at read (/Users/raacoon/Desktop/Project/invitation2/node_modules/body-parser/lib/read.js:114:3)
    at jsonParser (/Users/raacoon/Desktop/Project/invitation2/node_modules/body-parser/lib/types/json.js:90:5)
    at Layer.handleRequest (/Users/raacoon/Desktop/Project/invitation2/node_modules/router/lib/layer.js:152:17)
    at trimPrefix (/Users/raacoon/Desktop/Project/invitation2/node_modules/router/index.js:342:13)
    at /Users/raacoon/Desktop/Project/invitation2/node_modules/router/index.js:297:9
    at processParams (/Users/raacoon/Desktop/Project/invitation2/node_modules/router/index.js:582:12)
    at next (/Users/raacoon/Desktop/Project/invitation2/node_modules/router/index.js:291:5)
    at cors (/Users/raacoon/Desktop/Project/invitation2/node_modules/cors/lib/index.js:188:7)
[2026-03-28T15:22:07.548Z] POST /api/content/stories
PayloadTooLargeError: request entity too large
    at readStream (/Users/raacoon/Desktop/Project/invitation2/node_modules/raw-body/index.js:163:17)
    at getRawBody (/Users/raacoon/Desktop/Project/invitation2/node_modules/raw-body/index.js:116:12)
    at read (/Users/raacoon/Desktop/Project/invitation2/node_modules/body-parser/lib/read.js:114:3)
    at jsonParser (/Users/raacoon/Desktop/Project/invitation2/node_modules/body-parser/lib/types/json.js:90:5)
    at Layer.handleRequest (/Users/raacoon/Desktop/Project/invitation2/node_modules/router/lib/layer.js:152:17)
    at trimPrefix (/Users/raacoon/Desktop/Project/invitation2/node_modules/router/index.js:342:13)
    at /Users/raacoon/Desktop/Project/invitation2/node_modules/router/index.js:297:9
    at processParams (/Users/raacoon/Desktop/Project/invitation2/node_modules/router/index.js:582:12)
    at next (/Users/raacoon/Desktop/Project/invitation2/node_modules/router/index.js:291:5)
    at cors (/Users/raacoon/Desktop/Project/invitation2/node_modules/cors/lib/index.js:188:7)
[2026-03-28T15:22:07.595Z] POST /api/content/stories
PayloadTooLargeError: request entity too large
    at readStream (/Users/raacoon/Desktop/Project/invitation2/node_modules/raw-body/index.js:163:17)
    at getRawBody (/Users/raacoon/Desktop/Project/invitation2/node_modules/raw-body/index.js:116:12)
    at read (/Users/raacoon/Desktop/Project/invitation2/node_modules/body-parser/lib/read.js:114:3)
    at jsonParser (/Users/raacoon/Desktop/Project/invitation2/node_modules/body-parser/lib/types/json.js:90:5)
    at Layer.handleRequest (/Users/raacoon/Desktop/Project/invitation2/node_modules/router/lib/layer.js:152:17)
    at trimPrefix (/Users/raacoon/Desktop/Project/invitation2/node_modules/router/index.js:342:13)
    at /Users/raacoon/Desktop/Project/invitation2/node_modules/router/index.js:297:9
    at processParams (/Users/raacoon/Desktop/Project/invitation2/node_modules/router/index.js:582:12)
    at next (/Users/raacoon/Desktop/Project/invitation2/node_modules/router/index.js:291:5)
    at cors (/Users/raacoon/Desktop/Project/invitation2/node_modules/cors/lib/index.js:188:7)
[2026-03-28T15:22:07.625Z] POST /api/content/stories
PayloadTooLargeError: request entity too large
    at readStream (/Users/raacoon/Desktop/Project/invitation2/node_modules/raw-body/index.js:163:17)
    at getRawBody (/Users/raacoon/Desktop/Project/invitation2/node_modules/raw-body/index.js:116:12)
    at read (/Users/raacoon/Desktop/Project/invitation2/node_modules/body-parser/lib/read.js:114:3)
    at jsonParser (/Users/raacoon/Desktop/Project/invitation2/node_modules/body-parser/lib/types/json.js:90:5)
    at Layer.handleRequest (/Users/raacoon/Desktop/Project/invitation2/node_modules/router/lib/layer.js:152:17)
    at trimPrefix (/Users/raacoon/Desktop/Project/invitation2/node_modules/router/index.js:342:13)
    at /Users/raacoon/Desktop/Project/invitation2/node_modules/router/index.js:297:9
    at processParams (/Users/raacoon/Desktop/Project/invitation2/node_modules/router/index.js:582:12)
    at next (/Users/raacoon/Desktop/Project/invitation2/node_modules/router/index.js:291:5)
    at cors (/Users/raacoon/Desktop/Project/invitation2/node_modules/cors/lib/index.js:188:7)
[2026-03-28T15:22:07.806Z] POST /api/content/stories
PayloadTooLargeError: request entity too large
    at readStream (/Users/raacoon/Desktop/Project/invitation2/node_modules/raw-body/index.js:163:17)
    at getRawBody (/Users/raacoon/Desktop/Project/invitation2/node_modules/raw-body/index.js:116:12)
    at read (/Users/raacoon/Desktop/Project/invitation2/node_modules/body-parser/lib/read.js:114:3)
    at jsonParser (/Users/raacoon/Desktop/Project/invitation2/node_modules/body-parser/lib/types/json.js:90:5)
    at Layer.handleRequest (/Users/raacoon/Desktop/Project/invitation2/node_modules/router/lib/layer.js:152:17)
    at trimPrefix (/Users/raacoon/Desktop/Project/invitation2/node_modules/router/index.js:342:13)
    at /Users/raacoon/Desktop/Project/invitation2/node_modules/router/index.js:297:9
    at processParams (/Users/raacoon/Desktop/Project/invitation2/node_modules/router/index.js:582:12)
    at next (/Users/raacoon/Desktop/Project/invitation2/node_modules/router/index.js:291:5)
    at cors (/Users/raacoon/Desktop/Project/invitation2/node_modules/cors/lib/index.js:188:7)
[2026-03-28T15:22:07.865Z] POST /api/content/stories
PayloadTooLargeError: request entity too large
    at readStream (/Users/raacoon/Desktop/Project/invitation2/node_modules/raw-body/index.js:163:17)
    at getRawBody (/Users/raacoon/Desktop/Project/invitation2/node_modules/raw-body/index.js:116:12)
    at read (/Users/raacoon/Desktop/Project/invitation2/node_modules/body-parser/lib/read.js:114:3)
    at jsonParser (/Users/raacoon/Desktop/Project/invitation2/node_modules/body-parser/lib/types/json.js:90:5)
    at Layer.handleRequest (/Users/raacoon/Desktop/Project/invitation2/node_modules/router/lib/layer.js:152:17)
    at trimPrefix (/Users/raacoon/Desktop/Project/invitation2/node_modules/router/index.js:342:13)
    at /Users/raacoon/Desktop/Project/invitation2/node_modules/router/index.js:297:9
    at processParams (/Users/raacoon/Desktop/Project/invitation2/node_modules/router/index.js:582:12)
    at next (/Users/raacoon/Desktop/Project/invitation2/node_modules/router/index.js:291:5)
    at cors (/Users/raacoon/Desktop/Project/invitation2/node_modules/cors/lib/index.js:188:7)
[2026-03-28T15:22:07.893Z] POST /api/content/stories
PayloadTooLargeError: request entity too large
    at readStream (/Users/raacoon/Desktop/Project/invitation2/node_modules/raw-body/index.js:163:17)
    at getRawBody (/Users/raacoon/Desktop/Project/invitation2/node_modules/raw-body/index.js:116:12)
    at read (/Users/raacoon/Desktop/Project/invitation2/node_modules/body-parser/lib/read.js:114:3)
    at jsonParser (/Users/raacoon/Desktop/Project/invitation2/node_modules/body-parser/lib/types/json.js:90:5)
    at Layer.handleRequest (/Users/raacoon/Desktop/Project/invitation2/node_modules/router/lib/layer.js:152:17)
    at trimPrefix (/Users/raacoon/Desktop/Project/invitation2/node_modules/router/index.js:342:13)
    at /Users/raacoon/Desktop/Project/invitation2/node_modules/router/index.js:297:9
    at processParams (/Users/raacoon/Desktop/Project/invitation2/node_modules/router/index.js:582:12)
    at next (/Users/raacoon/Desktop/Project/invitation2/node_modules/router/index.js:291:5)
    at cors (/Users/raacoon/Desktop/Project/invitation2/node_modules/cors/lib/index.js:188:7)
[2026-03-28T15:22:12.889Z] POST /api/content/stories
PayloadTooLargeError: request entity too large
    at readStream (/Users/raacoon/Desktop/Project/invitation2/node_modules/raw-body/index.js:163:17)
    at getRawBody (/Users/raacoon/Desktop/Project/invitation2/node_modules/raw-body/index.js:116:12)
    at read (/Users/raacoon/Desktop/Project/invitation2/node_modules/body-parser/lib/read.js:114:3)
    at jsonParser (/Users/raacoon/Desktop/Project/invitation2/node_modules/body-parser/lib/types/json.js:90:5)
    at Layer.handleRequest (/Users/raacoon/Desktop/Project/invitation2/node_modules/router/lib/layer.js:152:17)
    at trimPrefix (/Users/raacoon/Desktop/Project/invitation2/node_modules/router/index.js:342:13)
    at /Users/raacoon/Desktop/Project/invitation2/node_modules/router/index.js:297:9
    at processParams (/Users/raacoon/Desktop/Project/invitation2/node_modules/router/index.js:582:12)
    at next (/Users/raacoon/Desktop/Project/invitation2/node_modules/router/index.js:291:5)
    at cors (/Users/raacoon/Desktop/Project/invitation2/node_modules/cors/lib/index.js:188:7)
[2026-03-28T15:22:18.611Z] POST /api/content/stories
PayloadTooLargeError: request entity too large
    at readStream (/Users/raacoon/Desktop/Project/invitation2/node_modules/raw-body/index.js:163:17)
    at getRawBody (/Users/raacoon/Desktop/Project/invitation2/node_modules/raw-body/index.js:116:12)
    at read (/Users/raacoon/Desktop/Project/invitation2/node_modules/body-parser/lib/read.js:114:3)
    at jsonParser (/Users/raacoon/Desktop/Project/invitation2/node_modules/body-parser/lib/types/json.js:90:5)
    at Layer.handleRequest (/Users/raacoon/Desktop/Project/invitation2/node_modules/router/lib/layer.js:152:17)
    at trimPrefix (/Users/raacoon/Desktop/Project/invitation2/node_modules/router/index.js:342:13)
    at /Users/raacoon/Desktop/Project/invitation2/node_modules/router/index.js:297:9
    at processParams (/Users/raacoon/Desktop/Project/invitation2/node_modules/router/index.js:582:12)
    at next (/Users/raacoon/Desktop/Project/invitation2/node_modules/router/index.js:291:5)
    at cors (/Users/raacoon/Desktop/Project/invitation2/node_modules/cors/lib/index.js:188:7)
[2026-03-28T15:22:18.624Z] POST /api/content/stories
PayloadTooLargeError: request entity too large
    at readStream (/Users/raacoon/Desktop/Project/invitation2/node_modules/raw-body/index.js:163:17)
    at getRawBody (/Users/raacoon/Desktop/Project/invitation2/node_modules/raw-body/index.js:116:12)
    at read (/Users/raacoon/Desktop/Project/invitation2/node_modules/body-parser/lib/read.js:114:3)
    at jsonParser (/Users/raacoon/Desktop/Project/invitation2/node_modules/body-parser/lib/types/json.js:90:5)
    at Layer.handleRequest (/Users/raacoon/Desktop/Project/invitation2/node_modules/router/lib/layer.js:152:17)
    at trimPrefix (/Users/raacoon/Desktop/Project/invitation2/node_modules/router/index.js:342:13)
    at /Users/raacoon/Desktop/Project/invitation2/node_modules/router/index.js:297:9
    at processParams (/Users/raacoon/Desktop/Project/invitation2/node_modules/router/index.js:582:12)
    at next (/Users/raacoon/Desktop/Project/invitation2/node_modules/router/index.js:291:5)
    at cors (/Users/raacoon/Desktop/Project/invitation2/node_modules/cors/lib/index.js:188:7)
[2026-03-28T15:22:18.716Z] POST /api/content/stories
PayloadTooLargeError: request entity too large
    at readStream (/Users/raacoon/Desktop/Project/invitation2/node_modules/raw-body/index.js:163:17)
    at getRawBody (/Users/raacoon/Desktop/Project/invitation2/node_modules/raw-body/index.js:116:12)
    at read (/Users/raacoon/Desktop/Project/invitation2/node_modules/body-parser/lib/read.js:114:3)
    at jsonParser (/Users/raacoon/Desktop/Project/invitation2/node_modules/body-parser/lib/types/json.js:90:5)
    at Layer.handleRequest (/Users/raacoon/Desktop/Project/invitation2/node_modules/router/lib/layer.js:152:17)
    at trimPrefix (/Users/raacoon/Desktop/Project/invitation2/node_modules/router/index.js:342:13)
    at /Users/raacoon/Desktop/Project/invitation2/node_modules/router/index.js:297:9
    at processParams (/Users/raacoon/Desktop/Project/invitation2/node_modules/router/index.js:582:12)
    at next (/Users/raacoon/Desktop/Project/invitation2/node_modules/router/index.js:291:5)
    at cors (/Users/raacoon/Desktop/Project/invitation2/node_modules/cors/lib/index.js:188:7)
[2026-03-28T15:22:18.884Z] POST /api/content/stories
PayloadTooLargeError: request entity too large
    at readStream (/Users/raacoon/Desktop/Project/invitation2/node_modules/raw-body/index.js:163:17)
    at getRawBody (/Users/raacoon/Desktop/Project/invitation2/node_modules/raw-body/index.js:116:12)
    at read (/Users/raacoon/Desktop/Project/invitation2/node_modules/body-parser/lib/read.js:114:3)
    at jsonParser (/Users/raacoon/Desktop/Project/invitation2/node_modules/body-parser/lib/types/json.js:90:5)
    at Layer.handleRequest (/Users/raacoon/Desktop/Project/invitation2/node_modules/router/lib/layer.js:152:17)
    at trimPrefix (/Users/raacoon/Desktop/Project/invitation2/node_modules/router/index.js:342:13)
    at /Users/raacoon/Desktop/Project/invitation2/node_modules/router/index.js:297:9
    at processParams (/Users/raacoon/Desktop/Project/invitation2/node_modules/router/index.js:582:12)
    at next (/Users/raacoon/Desktop/Project/invitation2/node_modules/router/index.js:291:5)
    at cors (/Users/raacoon/Desktop/Project/invitation2/node_modules/cors/lib/index.js:188:7)
[2026-03-28T15:22:18.962Z] POST /api/content/stories
PayloadTooLargeError: request entity too large
    at readStream (/Users/raacoon/Desktop/Project/invitation2/node_modules/raw-body/index.js:163:17)
    at getRawBody (/Users/raacoon/Desktop/Project/invitation2/node_modules/raw-body/index.js:116:12)
    at read (/Users/raacoon/Desktop/Project/invitation2/node_modules/body-parser/lib/read.js:114:3)
    at jsonParser (/Users/raacoon/Desktop/Project/invitation2/node_modules/body-parser/lib/types/json.js:90:5)
    at Layer.handleRequest (/Users/raacoon/Desktop/Project/invitation2/node_modules/router/lib/layer.js:152:17)
    at trimPrefix (/Users/raacoon/Desktop/Project/invitation2/node_modules/router/index.js:342:13)
    at /Users/raacoon/Desktop/Project/invitation2/node_modules/router/index.js:297:9
    at processParams (/Users/raacoon/Desktop/Project/invitation2/node_modules/router/index.js:582:12)
    at next (/Users/raacoon/Desktop/Project/invitation2/node_modules/router/index.js:291:5)
    at cors (/Users/raacoon/Desktop/Project/invitation2/node_modules/cors/lib/index.js:188:7)
[2026-03-28T15:22:19.015Z] POST /api/content/stories
PayloadTooLargeError: request entity too large
    at readStream (/Users/raacoon/Desktop/Project/invitation2/node_modules/raw-body/index.js:163:17)
    at getRawBody (/Users/raacoon/Desktop/Project/invitation2/node_modules/raw-body/index.js:116:12)
    at read (/Users/raacoon/Desktop/Project/invitation2/node_modules/body-parser/lib/read.js:114:3)
    at jsonParser (/Users/raacoon/Desktop/Project/invitation2/node_modules/body-parser/lib/types/json.js:90:5)
    at Layer.handleRequest (/Users/raacoon/Desktop/Project/invitation2/node_modules/router/lib/layer.js:152:17)
    at trimPrefix (/Users/raacoon/Desktop/Project/invitation2/node_modules/router/index.js:342:13)
    at /Users/raacoon/Desktop/Project/invitation2/node_modules/router/index.js:297:9
    at processParams (/Users/raacoon/Desktop/Project/invitation2/node_modules/router/index.js:582:12)
    at next (/Users/raacoon/Desktop/Project/invitation2/node_modules/router/index.js:291:5)
    at cors (/Users/raacoon/Desktop/Project/invitation2/node_modules/cors/lib/index.js:188:7)
[2026-03-28T15:22:19.141Z] POST /api/content/stories
PayloadTooLargeError: request entity too large
    at readStream (/Users/raacoon/Desktop/Project/invitation2/node_modules/raw-body/index.js:163:17)
    at getRawBody (/Users/raacoon/Desktop/Project/invitation2/node_modules/raw-body/index.js:116:12)
    at read (/Users/raacoon/Desktop/Project/invitation2/node_modules/body-parser/lib/read.js:114:3)
    at jsonParser (/Users/raacoon/Desktop/Project/invitation2/node_modules/body-parser/lib/types/json.js:90:5)
    at Layer.handleRequest (/Users/raacoon/Desktop/Project/invitation2/node_modules/router/lib/layer.js:152:17)
    at trimPrefix (/Users/raacoon/Desktop/Project/invitation2/node_modules/router/index.js:342:13)
    at /Users/raacoon/Desktop/Project/invitation2/node_modules/router/index.js:297:9
    at processParams (/Users/raacoon/Desktop/Project/invitation2/node_modules/router/index.js:582:12)
    at next (/Users/raacoon/Desktop/Project/invitation2/node_modules/router/index.js:291:5)
    at cors (/Users/raacoon/Desktop/Project/invitation2/node_modules/cors/lib/index.js:188:7)
[2026-03-28T15:22:19.252Z] POST /api/content/stories
PayloadTooLargeError: request entity too large
    at readStream (/Users/raacoon/Desktop/Project/invitation2/node_modules/raw-body/index.js:163:17)
    at getRawBody (/Users/raacoon/Desktop/Project/invitation2/node_modules/raw-body/index.js:116:12)
    at read (/Users/raacoon/Desktop/Project/invitation2/node_modules/body-parser/lib/read.js:114:3)
    at jsonParser (/Users/raacoon/Desktop/Project/invitation2/node_modules/body-parser/lib/types/json.js:90:5)
    at Layer.handleRequest (/Users/raacoon/Desktop/Project/invitation2/node_modules/router/lib/layer.js:152:17)
    at trimPrefix (/Users/raacoon/Desktop/Project/invitation2/node_modules/router/index.js:342:13)
    at /Users/raacoon/Desktop/Project/invitation2/node_modules/router/index.js:297:9
    at processParams (/Users/raacoon/Desktop/Project/invitation2/node_modules/router/index.js:582:12)
    at next (/Users/raacoon/Desktop/Project/invitation2/node_modules/router/index.js:291:5)
    at cors (/Users/raacoon/Desktop/Project/invitation2/node_modules/cors/lib/index.js:188:7)
[2026-03-28T15:22:19.932Z] POST /api/content/stories
PayloadTooLargeError: request entity too large
    at readStream (/Users/raacoon/Desktop/Project/invitation2/node_modules/raw-body/index.js:163:17)
    at getRawBody (/Users/raacoon/Desktop/Project/invitation2/node_modules/raw-body/index.js:116:12)
    at read (/Users/raacoon/Desktop/Project/invitation2/node_modules/body-parser/lib/read.js:114:3)
    at jsonParser (/Users/raacoon/Desktop/Project/invitation2/node_modules/body-parser/lib/types/json.js:90:5)
    at Layer.handleRequest (/Users/raacoon/Desktop/Project/invitation2/node_modules/router/lib/layer.js:152:17)
    at trimPrefix (/Users/raacoon/Desktop/Project/invitation2/node_modules/router/index.js:342:13)
    at /Users/raacoon/Desktop/Project/invitation2/node_modules/router/index.js:297:9
    at processParams (/Users/raacoon/Desktop/Project/invitation2/node_modules/router/index.js:582:12)
    at next (/Users/raacoon/Desktop/Project/invitation2/node_modules/router/index.js:291:5)
    at cors (/Users/raacoon/Desktop/Project/invitation2/node_modules/cors/lib/index.js:188:7)
[2026-03-28T15:22:19.996Z] POST /api/content/stories
PayloadTooLargeError: request entity too large
    at readStream (/Users/raacoon/Desktop/Project/invitation2/node_modules/raw-body/index.js:163:17)
    at getRawBody (/Users/raacoon/Desktop/Project/invitation2/node_modules/raw-body/index.js:116:12)
    at read (/Users/raacoon/Desktop/Project/invitation2/node_modules/body-parser/lib/read.js:114:3)
    at jsonParser (/Users/raacoon/Desktop/Project/invitation2/node_modules/body-parser/lib/types/json.js:90:5)
    at Layer.handleRequest (/Users/raacoon/Desktop/Project/invitation2/node_modules/router/lib/layer.js:152:17)
    at trimPrefix (/Users/raacoon/Desktop/Project/invitation2/node_modules/router/index.js:342:13)
    at /Users/raacoon/Desktop/Project/invitation2/node_modules/router/index.js:297:9
    at processParams (/Users/raacoon/Desktop/Project/invitation2/node_modules/router/index.js:582:12)
    at next (/Users/raacoon/Desktop/Project/invitation2/node_modules/router/index.js:291:5)
    at cors (/Users/raacoon/Desktop/Project/invitation2/node_modules/cors/lib/index.js:188:7)
[2026-03-28T15:22:20.098Z] POST /api/content/stories
PayloadTooLargeError: request entity too large
    at readStream (/Users/raacoon/Desktop/Project/invitation2/node_modules/raw-body/index.js:163:17)
    at getRawBody (/Users/raacoon/Desktop/Project/invitation2/node_modules/raw-body/index.js:116:12)
    at read (/Users/raacoon/Desktop/Project/invitation2/node_modules/body-parser/lib/read.js:114:3)
    at jsonParser (/Users/raacoon/Desktop/Project/invitation2/node_modules/body-parser/lib/types/json.js:90:5)
    at Layer.handleRequest (/Users/raacoon/Desktop/Project/invitation2/node_modules/router/lib/layer.js:152:17)
    at trimPrefix (/Users/raacoon/Desktop/Project/invitation2/node_modules/router/index.js:342:13)
    at /Users/raacoon/Desktop/Project/invitation2/node_modules/router/index.js:297:9
    at processParams (/Users/raacoon/Desktop/Project/invitation2/node_modules/router/index.js:582:12)
    at next (/Users/raacoon/Desktop/Project/invitation2/node_modules/router/index.js:291:5)
    at cors (/Users/raacoon/Desktop/Project/invitation2/node_modules/cors/lib/index.js:188:7)
[2026-03-28T15:22:20.255Z] POST /api/content/stories
PayloadTooLargeError: request entity too large
    at readStream (/Users/raacoon/Desktop/Project/invitation2/node_modules/raw-body/index.js:163:17)
    at getRawBody (/Users/raacoon/Desktop/Project/invitation2/node_modules/raw-body/index.js:116:12)
    at read (/Users/raacoon/Desktop/Project/invitation2/node_modules/body-parser/lib/read.js:114:3)
    at jsonParser (/Users/raacoon/Desktop/Project/invitation2/node_modules/body-parser/lib/types/json.js:90:5)
    at Layer.handleRequest (/Users/raacoon/Desktop/Project/invitation2/node_modules/router/lib/layer.js:152:17)
    at trimPrefix (/Users/raacoon/Desktop/Project/invitation2/node_modules/router/index.js:342:13)
    at /Users/raacoon/Desktop/Project/invitation2/node_modules/router/index.js:297:9
    at processParams (/Users/raacoon/Desktop/Project/invitation2/node_modules/router/index.js:582:12)
    at next (/Users/raacoon/Desktop/Project/invitation2/node_modules/router/index.js:291:5)
    at cors (/Users/raacoon/Desktop/Project/invitation2/node_modules/cors/lib/index.js:188:7)
[2026-03-28T15:22:20.344Z] POST /api/content/stories
PayloadTooLargeError: request entity too large
    at readStream (/Users/raacoon/Desktop/Project/invitation2/node_modules/raw-body/index.js:163:17)
    at getRawBody (/Users/raacoon/Desktop/Project/invitation2/node_modules/raw-body/index.js:116:12)
    at read (/Users/raacoon/Desktop/Project/invitation2/node_modules/body-parser/lib/read.js:114:3)
    at jsonParser (/Users/raacoon/Desktop/Project/invitation2/node_modules/body-parser/lib/types/json.js:90:5)
    at Layer.handleRequest (/Users/raacoon/Desktop/Project/invitation2/node_modules/router/lib/layer.js:152:17)
    at trimPrefix (/Users/raacoon/Desktop/Project/invitation2/node_modules/router/index.js:342:13)
    at /Users/raacoon/Desktop/Project/invitation2/node_modules/router/index.js:297:9
    at processParams (/Users/raacoon/Desktop/Project/invitation2/node_modules/router/index.js:582:12)
    at next (/Users/raacoon/Desktop/Project/invitation2/node_modules/router/index.js:291:5)
    at cors (/Users/raacoon/Desktop/Project/invitation2/node_modules/cors/lib/index.js:188:7)
[2026-03-28T15:22:20.376Z] POST /api/content/stories
PayloadTooLargeError: request entity too large
    at readStream (/Users/raacoon/Desktop/Project/invitation2/node_modules/raw-body/index.js:163:17)
    at getRawBody (/Users/raacoon/Desktop/Project/invitation2/node_modules/raw-body/index.js:116:12)
    at read (/Users/raacoon/Desktop/Project/invitation2/node_modules/body-parser/lib/read.js:114:3)
    at jsonParser (/Users/raacoon/Desktop/Project/invitation2/node_modules/body-parser/lib/types/json.js:90:5)
    at Layer.handleRequest (/Users/raacoon/Desktop/Project/invitation2/node_modules/router/lib/layer.js:152:17)
    at trimPrefix (/Users/raacoon/Desktop/Project/invitation2/node_modules/router/index.js:342:13)
    at /Users/raacoon/Desktop/Project/invitation2/node_modules/router/index.js:297:9
    at processParams (/Users/raacoon/Desktop/Project/invitation2/node_modules/router/index.js:582:12)
    at next (/Users/raacoon/Desktop/Project/invitation2/node_modules/router/index.js:291:5)
    at cors (/Users/raacoon/Desktop/Project/invitation2/node_modules/cors/lib/index.js:188:7)
[2026-03-28T15:22:20.469Z] POST /api/content/stories
PayloadTooLargeError: request entity too large
    at readStream (/Users/raacoon/Desktop/Project/invitation2/node_modules/raw-body/index.js:163:17)
    at getRawBody (/Users/raacoon/Desktop/Project/invitation2/node_modules/raw-body/index.js:116:12)
    at read (/Users/raacoon/Desktop/Project/invitation2/node_modules/body-parser/lib/read.js:114:3)
    at jsonParser (/Users/raacoon/Desktop/Project/invitation2/node_modules/body-parser/lib/types/json.js:90:5)
    at Layer.handleRequest (/Users/raacoon/Desktop/Project/invitation2/node_modules/router/lib/layer.js:152:17)
    at trimPrefix (/Users/raacoon/Desktop/Project/invitation2/node_modules/router/index.js:342:13)
    at /Users/raacoon/Desktop/Project/invitation2/node_modules/router/index.js:297:9
    at processParams (/Users/raacoon/Desktop/Project/invitation2/node_modules/router/index.js:582:12)
    at next (/Users/raacoon/Desktop/Project/invitation2/node_modules/router/index.js:291:5)
    at cors (/Users/raacoon/Desktop/Project/invitation2/node_modules/cors/lib/index.js:188:7)
[2026-03-28T15:22:20.617Z] POST /api/content/stories
PayloadTooLargeError: request entity too large
    at readStream (/Users/raacoon/Desktop/Project/invitation2/node_modules/raw-body/index.js:163:17)
    at getRawBody (/Users/raacoon/Desktop/Project/invitation2/node_modules/raw-body/index.js:116:12)
    at read (/Users/raacoon/Desktop/Project/invitation2/node_modules/body-parser/lib/read.js:114:3)
    at jsonParser (/Users/raacoon/Desktop/Project/invitation2/node_modules/body-parser/lib/types/json.js:90:5)
    at Layer.handleRequest (/Users/raacoon/Desktop/Project/invitation2/node_modules/router/lib/layer.js:152:17)
    at trimPrefix (/Users/raacoon/Desktop/Project/invitation2/node_modules/router/index.js:342:13)
    at /Users/raacoon/Desktop/Project/invitation2/node_modules/router/index.js:297:9
    at processParams (/Users/raacoon/Desktop/Project/invitation2/node_modules/router/index.js:582:12)
    at next (/Users/raacoon/Desktop/Project/invitation2/node_modules/router/index.js:291:5)
    at cors (/Users/raacoon/Desktop/Project/invitation2/node_modules/cors/lib/index.js:188:7)
[2026-03-28T15:22:21.281Z] POST /api/content/stories
PayloadTooLargeError: request entity too large
    at readStream (/Users/raacoon/Desktop/Project/invitation2/node_modules/raw-body/index.js:163:17)
    at getRawBody (/Users/raacoon/Desktop/Project/invitation2/node_modules/raw-body/index.js:116:12)
    at read (/Users/raacoon/Desktop/Project/invitation2/node_modules/body-parser/lib/read.js:114:3)
    at jsonParser (/Users/raacoon/Desktop/Project/invitation2/node_modules/body-parser/lib/types/json.js:90:5)
    at Layer.handleRequest (/Users/raacoon/Desktop/Project/invitation2/node_modules/router/lib/layer.js:152:17)
    at trimPrefix (/Users/raacoon/Desktop/Project/invitation2/node_modules/router/index.js:342:13)
    at /Users/raacoon/Desktop/Project/invitation2/node_modules/router/index.js:297:9
    at processParams (/Users/raacoon/Desktop/Project/invitation2/node_modules/router/index.js:582:12)
    at next (/Users/raacoon/Desktop/Project/invitation2/node_modules/router/index.js:291:5)
    at cors (/Users/raacoon/Desktop/Project/invitation2/node_modules/cors/lib/index.js:188:7)
[2026-03-28T15:22:21.399Z] POST /api/content/stories
PayloadTooLargeError: request entity too large
    at readStream (/Users/raacoon/Desktop/Project/invitation2/node_modules/raw-body/index.js:163:17)
    at getRawBody (/Users/raacoon/Desktop/Project/invitation2/node_modules/raw-body/index.js:116:12)
    at read (/Users/raacoon/Desktop/Project/invitation2/node_modules/body-parser/lib/read.js:114:3)
    at jsonParser (/Users/raacoon/Desktop/Project/invitation2/node_modules/body-parser/lib/types/json.js:90:5)
    at Layer.handleRequest (/Users/raacoon/Desktop/Project/invitation2/node_modules/router/lib/layer.js:152:17)
    at trimPrefix (/Users/raacoon/Desktop/Project/invitation2/node_modules/router/index.js:342:13)
    at /Users/raacoon/Desktop/Project/invitation2/node_modules/router/index.js:297:9
    at processParams (/Users/raacoon/Desktop/Project/invitation2/node_modules/router/index.js:582:12)
    at next (/Users/raacoon/Desktop/Project/invitation2/node_modules/router/index.js:291:5)
    at cors (/Users/raacoon/Desktop/Project/invitation2/node_modules/cors/lib/index.js:188:7)
[2026-03-28T15:22:21.429Z] POST /api/content/stories
PayloadTooLargeError: request entity too large
    at readStream (/Users/raacoon/Desktop/Project/invitation2/node_modules/raw-body/index.js:163:17)
    at getRawBody (/Users/raacoon/Desktop/Project/invitation2/node_modules/raw-body/index.js:116:12)
    at read (/Users/raacoon/Desktop/Project/invitation2/node_modules/body-parser/lib/read.js:114:3)
    at jsonParser (/Users/raacoon/Desktop/Project/invitation2/node_modules/body-parser/lib/types/json.js:90:5)
    at Layer.handleRequest (/Users/raacoon/Desktop/Project/invitation2/node_modules/router/lib/layer.js:152:17)
    at trimPrefix (/Users/raacoon/Desktop/Project/invitation2/node_modules/router/index.js:342:13)
    at /Users/raacoon/Desktop/Project/invitation2/node_modules/router/index.js:297:9
    at processParams (/Users/raacoon/Desktop/Project/invitation2/node_modules/router/index.js:582:12)
    at next (/Users/raacoon/Desktop/Project/invitation2/node_modules/router/index.js:291:5)
    at cors (/Users/raacoon/Desktop/Project/invitation2/node_modules/cors/lib/index.js:188:7)
[2026-03-28T15:22:21.614Z] POST /api/content/stories
PayloadTooLargeError: request entity too large
    at readStream (/Users/raacoon/Desktop/Project/invitation2/node_modules/raw-body/index.js:163:17)
    at getRawBody (/Users/raacoon/Desktop/Project/invitation2/node_modules/raw-body/index.js:116:12)
    at read (/Users/raacoon/Desktop/Project/invitation2/node_modules/body-parser/lib/read.js:114:3)
    at jsonParser (/Users/raacoon/Desktop/Project/invitation2/node_modules/body-parser/lib/types/json.js:90:5)
    at Layer.handleRequest (/Users/raacoon/Desktop/Project/invitation2/node_modules/router/lib/layer.js:152:17)
    at trimPrefix (/Users/raacoon/Desktop/Project/invitation2/node_modules/router/index.js:342:13)
    at /Users/raacoon/Desktop/Project/invitation2/node_modules/router/index.js:297:9
    at processParams (/Users/raacoon/Desktop/Project/invitation2/node_modules/router/index.js:582:12)
    at next (/Users/raacoon/Desktop/Project/invitation2/node_modules/router/index.js:291:5)
    at cors (/Users/raacoon/Desktop/Project/invitation2/node_modules/cors/lib/index.js:188:7)
[2026-03-28T15:22:21.642Z] POST /api/content/stories
PayloadTooLargeError: request entity too large
    at readStream (/Users/raacoon/Desktop/Project/invitation2/node_modules/raw-body/index.js:163:17)
    at getRawBody (/Users/raacoon/Desktop/Project/invitation2/node_modules/raw-body/index.js:116:12)
    at read (/Users/raacoon/Desktop/Project/invitation2/node_modules/body-parser/lib/read.js:114:3)
    at jsonParser (/Users/raacoon/Desktop/Project/invitation2/node_modules/body-parser/lib/types/json.js:90:5)
    at Layer.handleRequest (/Users/raacoon/Desktop/Project/invitation2/node_modules/router/lib/layer.js:152:17)
    at trimPrefix (/Users/raacoon/Desktop/Project/invitation2/node_modules/router/index.js:342:13)
    at /Users/raacoon/Desktop/Project/invitation2/node_modules/router/index.js:297:9
    at processParams (/Users/raacoon/Desktop/Project/invitation2/node_modules/router/index.js:582:12)
    at next (/Users/raacoon/Desktop/Project/invitation2/node_modules/router/index.js:291:5)
    at cors (/Users/raacoon/Desktop/Project/invitation2/node_modules/cors/lib/index.js:188:7)
[2026-03-28T15:22:21.713Z] POST /api/content/stories
PayloadTooLargeError: request entity too large
    at readStream (/Users/raacoon/Desktop/Project/invitation2/node_modules/raw-body/index.js:163:17)
    at getRawBody (/Users/raacoon/Desktop/Project/invitation2/node_modules/raw-body/index.js:116:12)
    at read (/Users/raacoon/Desktop/Project/invitation2/node_modules/body-parser/lib/read.js:114:3)
    at jsonParser (/Users/raacoon/Desktop/Project/invitation2/node_modules/body-parser/lib/types/json.js:90:5)
    at Layer.handleRequest (/Users/raacoon/Desktop/Project/invitation2/node_modules/router/lib/layer.js:152:17)
    at trimPrefix (/Users/raacoon/Desktop/Project/invitation2/node_modules/router/index.js:342:13)
    at /Users/raacoon/Desktop/Project/invitation2/node_modules/router/index.js:297:9
    at processParams (/Users/raacoon/Desktop/Project/invitation2/node_modules/router/index.js:582:12)
    at next (/Users/raacoon/Desktop/Project/invitation2/node_modules/router/index.js:291:5)
    at cors (/Users/raacoon/Desktop/Project/invitation2/node_modules/cors/lib/index.js:188:7)
[2026-03-28T15:22:21.877Z] POST /api/content/stories
PayloadTooLargeError: request entity too large
    at readStream (/Users/raacoon/Desktop/Project/invitation2/node_modules/raw-body/index.js:163:17)
    at getRawBody (/Users/raacoon/Desktop/Project/invitation2/node_modules/raw-body/index.js:116:12)
    at read (/Users/raacoon/Desktop/Project/invitation2/node_modules/body-parser/lib/read.js:114:3)
    at jsonParser (/Users/raacoon/Desktop/Project/invitation2/node_modules/body-parser/lib/types/json.js:90:5)
    at Layer.handleRequest (/Users/raacoon/Desktop/Project/invitation2/node_modules/router/lib/layer.js:152:17)
    at trimPrefix (/Users/raacoon/Desktop/Project/invitation2/node_modules/router/index.js:342:13)
    at /Users/raacoon/Desktop/Project/invitation2/node_modules/router/index.js:297:9
    at processParams (/Users/raacoon/Desktop/Project/invitation2/node_modules/router/index.js:582:12)
    at next (/Users/raacoon/Desktop/Project/invitation2/node_modules/router/index.js:291:5)
    at cors (/Users/raacoon/Desktop/Project/invitation2/node_modules/cors/lib/index.js:188:7)
[2026-03-28T15:22:21.892Z] POST /api/content/stories
PayloadTooLargeError: request entity too large
    at readStream (/Users/raacoon/Desktop/Project/invitation2/node_modules/raw-body/index.js:163:17)
    at getRawBody (/Users/raacoon/Desktop/Project/invitation2/node_modules/raw-body/index.js:116:12)
    at read (/Users/raacoon/Desktop/Project/invitation2/node_modules/body-parser/lib/read.js:114:3)
    at jsonParser (/Users/raacoon/Desktop/Project/invitation2/node_modules/body-parser/lib/types/json.js:90:5)
    at Layer.handleRequest (/Users/raacoon/Desktop/Project/invitation2/node_modules/router/lib/layer.js:152:17)
    at trimPrefix (/Users/raacoon/Desktop/Project/invitation2/node_modules/router/index.js:342:13)
    at /Users/raacoon/Desktop/Project/invitation2/node_modules/router/index.js:297:9
    at processParams (/Users/raacoon/Desktop/Project/invitation2/node_modules/router/index.js:582:12)
    at next (/Users/raacoon/Desktop/Project/invitation2/node_modules/router/index.js:291:5)
    at cors (/Users/raacoon/Desktop/Project/invitation2/node_modules/cors/lib/index.js:188:7)
[2026-03-28T15:22:21.979Z] POST /api/content/stories
PayloadTooLargeError: request entity too large
    at readStream (/Users/raacoon/Desktop/Project/invitation2/node_modules/raw-body/index.js:163:17)
    at getRawBody (/Users/raacoon/Desktop/Project/invitation2/node_modules/raw-body/index.js:116:12)
    at read (/Users/raacoon/Desktop/Project/invitation2/node_modules/body-parser/lib/read.js:114:3)
    at jsonParser (/Users/raacoon/Desktop/Project/invitation2/node_modules/body-parser/lib/types/json.js:90:5)
    at Layer.handleRequest (/Users/raacoon/Desktop/Project/invitation2/node_modules/router/lib/layer.js:152:17)
    at trimPrefix (/Users/raacoon/Desktop/Project/invitation2/node_modules/router/index.js:342:13)
    at /Users/raacoon/Desktop/Project/invitation2/node_modules/router/index.js:297:9
    at processParams (/Users/raacoon/Desktop/Project/invitation2/node_modules/router/index.js:582:12)
    at next (/Users/raacoon/Desktop/Project/invitation2/node_modules/router/index.js:291:5)
    at cors (/Users/raacoon/Desktop/Project/invitation2/node_modules/cors/lib/index.js:188:7)
[2026-03-28T15:22:22.116Z] POST /api/content/stories
PayloadTooLargeError: request entity too large
    at readStream (/Users/raacoon/Desktop/Project/invitation2/node_modules/raw-body/index.js:163:17)
    at getRawBody (/Users/raacoon/Desktop/Project/invitation2/node_modules/raw-body/index.js:116:12)
    at read (/Users/raacoon/Desktop/Project/invitation2/node_modules/body-parser/lib/read.js:114:3)
    at jsonParser (/Users/raacoon/Desktop/Project/invitation2/node_modules/body-parser/lib/types/json.js:90:5)
    at Layer.handleRequest (/Users/raacoon/Desktop/Project/invitation2/node_modules/router/lib/layer.js:152:17)
    at trimPrefix (/Users/raacoon/Desktop/Project/invitation2/node_modules/router/index.js:342:13)
    at /Users/raacoon/Desktop/Project/invitation2/node_modules/router/index.js:297:9
    at processParams (/Users/raacoon/Desktop/Project/invitation2/node_modules/router/index.js:582:12)
    at next (/Users/raacoon/Desktop/Project/invitation2/node_modules/router/index.js:291:5)
    at cors (/Users/raacoon/Desktop/Project/invitation2/node_modules/cors/lib/index.js:188:7)
[2026-03-28T15:22:22.121Z] POST /api/content/stories
PayloadTooLargeError: request entity too large
    at readStream (/Users/raacoon/Desktop/Project/invitation2/node_modules/raw-body/index.js:163:17)
    at getRawBody (/Users/raacoon/Desktop/Project/invitation2/node_modules/raw-body/index.js:116:12)
    at read (/Users/raacoon/Desktop/Project/invitation2/node_modules/body-parser/lib/read.js:114:3)
    at jsonParser (/Users/raacoon/Desktop/Project/invitation2/node_modules/body-parser/lib/types/json.js:90:5)
    at Layer.handleRequest (/Users/raacoon/Desktop/Project/invitation2/node_modules/router/lib/layer.js:152:17)
    at trimPrefix (/Users/raacoon/Desktop/Project/invitation2/node_modules/router/index.js:342:13)
    at /Users/raacoon/Desktop/Project/invitation2/node_modules/router/index.js:297:9
    at processParams (/Users/raacoon/Desktop/Project/invitation2/node_modules/router/index.js:582:12)
    at next (/Users/raacoon/Desktop/Project/invitation2/node_modules/router/index.js:291:5)
    at cors (/Users/raacoon/Desktop/Project/invitation2/node_modules/cors/lib/index.js:188:7)
[2026-03-28T15:22:22.226Z] POST /api/content/stories
PayloadTooLargeError: request entity too large
    at readStream (/Users/raacoon/Desktop/Project/invitation2/node_modules/raw-body/index.js:163:17)
    at getRawBody (/Users/raacoon/Desktop/Project/invitation2/node_modules/raw-body/index.js:116:12)
    at read (/Users/raacoon/Desktop/Project/invitation2/node_modules/body-parser/lib/read.js:114:3)
    at jsonParser (/Users/raacoon/Desktop/Project/invitation2/node_modules/body-parser/lib/types/json.js:90:5)
    at Layer.handleRequest (/Users/raacoon/Desktop/Project/invitation2/node_modules/router/lib/layer.js:152:17)
    at trimPrefix (/Users/raacoon/Desktop/Project/invitation2/node_modules/router/index.js:342:13)
    at /Users/raacoon/Desktop/Project/invitation2/node_modules/router/index.js:297:9
    at processParams (/Users/raacoon/Desktop/Project/invitation2/node_modules/router/index.js:582:12)
    at next (/Users/raacoon/Desktop/Project/invitation2/node_modules/router/index.js:291:5)
    at cors (/Users/raacoon/Desktop/Project/invitation2/node_modules/cors/lib/index.js:188:7)
[2026-03-28T15:22:28.161Z] GET /api/content/events
[2026-03-28T15:22:28.163Z] GET /api/content/gallery
[2026-03-28T15:22:28.164Z] GET /api/content/moments
[2026-03-28T15:22:28.164Z] GET /api/content/home_data
[2026-03-28T15:22:28.164Z] GET /api/content/stories
[2026-03-28T15:22:28.164Z] GET /api/content/contact_data
[2026-03-28T15:22:28.418Z] GET /api/content/family_families
[2026-03-28T15:22:28.419Z] GET /api/content/family_people
[2026-03-28T15:22:28.419Z] GET /api/content/groom_family_people
[2026-03-28T15:22:28.419Z] GET /api/content/family_links
[2026-03-28T15:22:28.419Z] GET /api/content/groom_family_families
[2026-03-28T15:22:28.420Z] GET /api/content/groom_family_links
[2026-03-28T15:22:28.429Z] GET /api/rsvps
[2026-03-28T15:22:28.431Z] GET /api/content/contact_data
[2026-03-28T15:22:28.432Z] GET /api/content/stories
[2026-03-28T15:22:28.432Z] GET /api/content/gallery
[2026-03-28T15:22:28.432Z] GET /api/content/home_data
[2026-03-28T15:22:28.432Z] GET /api/content/events
[2026-03-28T15:22:28.435Z] GET /api/content/moments
[2026-03-28T15:22:28.436Z] GET /api/content/family_families
[2026-03-28T15:22:28.436Z] GET /api/content/groom_family_people
[2026-03-28T15:22:28.436Z] GET /api/content/groom_family_families
[2026-03-28T15:22:28.437Z] GET /api/content/groom_family_links
[2026-03-28T15:22:28.443Z] GET /api/content/family_links
[2026-03-28T15:22:28.444Z] GET /api/content/family_people
[2026-03-28T15:22:28.467Z] GET /api/rsvps
[2026-03-28T15:22:32.327Z] GET /api/content/events
[2026-03-28T15:22:32.328Z] GET /api/content/moments
[2026-03-28T15:22:32.328Z] GET /api/content/gallery
[2026-03-28T15:22:32.329Z] GET /api/content/home_data
[2026-03-28T15:22:32.331Z] GET /api/content/contact_data
[2026-03-28T15:22:32.332Z] GET /api/content/groom_family_people
[2026-03-28T15:22:32.332Z] GET /api/content/family_people
[2026-03-28T15:22:32.333Z] GET /api/content/stories
[2026-03-28T15:22:32.334Z] GET /api/content/family_links
[2026-03-28T15:22:32.335Z] GET /api/content/family_families
[2026-03-28T15:22:32.335Z] GET /api/content/groom_family_families
[2026-03-28T15:22:32.336Z] GET /api/rsvps
[2026-03-28T15:22:32.336Z] GET /api/content/groom_family_links
[2026-03-28T15:22:32.337Z] GET /api/content/events
[2026-03-28T15:22:32.337Z] GET /api/content/moments
[2026-03-28T15:22:32.340Z] GET /api/content/home_data
[2026-03-28T15:22:32.342Z] GET /api/content/gallery
[2026-03-28T15:22:32.343Z] GET /api/content/contact_data
[2026-03-28T15:22:32.349Z] GET /api/content/groom_family_people
[2026-03-28T15:22:32.355Z] GET /api/content/family_people
[2026-03-28T15:22:32.357Z] GET /api/content/stories
[2026-03-28T15:22:32.357Z] GET /api/content/family_links
[2026-03-28T15:22:32.358Z] GET /api/content/family_families
[2026-03-28T15:22:32.358Z] GET /api/content/groom_family_families
[2026-03-28T15:22:32.358Z] GET /api/content/groom_family_links
[2026-03-28T15:22:32.364Z] GET /api/rsvps
[2026-03-28T15:22:32.757Z] GET /api/content/events
[2026-03-28T15:22:32.758Z] GET /api/content/moments
[2026-03-28T15:22:32.758Z] GET /api/content/gallery
[2026-03-28T15:22:32.758Z] GET /api/content/home_data
[2026-03-28T15:22:32.760Z] GET /api/content/stories
[2026-03-28T15:22:32.763Z] GET /api/content/contact_data
[2026-03-28T15:22:32.767Z] GET /api/content/family_people
[2026-03-28T15:22:32.768Z] GET /api/content/family_families
[2026-03-28T15:22:32.768Z] GET /api/content/family_links
[2026-03-28T15:22:32.769Z] GET /api/content/groom_family_people
[2026-03-28T15:22:32.770Z] GET /api/content/groom_family_families
[2026-03-28T15:22:32.772Z] GET /api/content/groom_family_links
[2026-03-28T15:22:32.775Z] GET /api/rsvps
[2026-03-28T15:22:32.776Z] GET /api/content/events
[2026-03-28T15:22:32.777Z] GET /api/content/moments
[2026-03-28T15:22:32.779Z] GET /api/content/gallery
[2026-03-28T15:22:32.787Z] GET /api/content/home_data
[2026-03-28T15:22:32.787Z] GET /api/content/stories
[2026-03-28T15:22:32.788Z] GET /api/content/contact_data
[2026-03-28T15:22:32.789Z] GET /api/content/family_families
[2026-03-28T15:22:32.790Z] GET /api/content/family_people
[2026-03-28T15:22:32.791Z] GET /api/content/family_links
[2026-03-28T15:22:32.792Z] GET /api/content/groom_family_people
[2026-03-28T15:22:32.792Z] GET /api/content/groom_family_links
[2026-03-28T15:22:32.793Z] GET /api/content/groom_family_families
[2026-03-28T15:22:32.796Z] GET /api/rsvps
[2026-03-28T15:22:33.062Z] GET /api/content/events
[2026-03-28T15:22:33.062Z] GET /api/content/gallery
[2026-03-28T15:22:33.063Z] GET /api/content/moments
[2026-03-28T15:22:33.063Z] GET /api/content/home_data
[2026-03-28T15:22:33.063Z] GET /api/content/stories
[2026-03-28T15:22:33.065Z] GET /api/content/contact_data
[2026-03-28T15:22:33.074Z] GET /api/content/family_people
[2026-03-28T15:22:33.075Z] GET /api/content/family_links
[2026-03-28T15:22:33.076Z] GET /api/content/family_families
[2026-03-28T15:22:33.076Z] GET /api/content/groom_family_people
[2026-03-28T15:22:33.076Z] GET /api/content/groom_family_links
[2026-03-28T15:22:33.076Z] GET /api/content/groom_family_families
[2026-03-28T15:22:33.088Z] GET /api/rsvps
[2026-03-28T15:22:33.089Z] GET /api/content/events
[2026-03-28T15:22:33.089Z] GET /api/content/gallery
[2026-03-28T15:22:33.089Z] GET /api/content/moments
[2026-03-28T15:22:33.090Z] GET /api/content/contact_data
[2026-03-28T15:22:33.090Z] GET /api/content/family_families
[2026-03-28T15:22:33.090Z] GET /api/content/stories
[2026-03-28T15:22:33.270Z] GET /api/content/events
[2026-03-28T15:22:33.271Z] GET /api/content/gallery
[2026-03-28T15:22:33.272Z] GET /api/content/moments
[2026-03-28T15:22:33.272Z] GET /api/content/home_data
[2026-03-28T15:22:33.272Z] GET /api/content/stories
[2026-03-28T15:22:33.273Z] GET /api/content/contact_data
[2026-03-28T15:22:33.281Z] GET /api/content/family_people
[2026-03-28T15:22:33.283Z] GET /api/content/family_families
[2026-03-28T15:22:33.286Z] GET /api/content/family_links
[2026-03-28T15:22:33.286Z] GET /api/content/groom_family_families
[2026-03-28T15:22:33.291Z] GET /api/content/groom_family_people
[2026-03-28T15:22:33.292Z] GET /api/content/groom_family_links
[2026-03-28T15:22:33.298Z] GET /api/rsvps
[2026-03-28T15:22:33.299Z] GET /api/content/events
[2026-03-28T15:22:33.300Z] GET /api/content/moments
[2026-03-28T15:22:33.300Z] GET /api/content/gallery
[2026-03-28T15:22:33.300Z] GET /api/content/home_data
[2026-03-28T15:22:33.307Z] GET /api/content/contact_data
[2026-03-28T15:22:33.307Z] GET /api/content/stories
[2026-03-28T15:22:33.308Z] GET /api/content/family_families
[2026-03-28T15:22:33.308Z] GET /api/content/family_people
[2026-03-28T15:22:33.308Z] GET /api/content/groom_family_links
[2026-03-28T15:22:33.309Z] GET /api/content/groom_family_families
[2026-03-28T15:22:33.314Z] GET /api/content/family_links
[2026-03-28T15:22:33.314Z] GET /api/content/groom_family_people
[2026-03-28T15:22:33.314Z] GET /api/rsvps
[2026-03-28T15:22:33.704Z] GET /api/content/events
[2026-03-28T15:22:33.704Z] GET /api/content/gallery
[2026-03-28T15:22:33.704Z] GET /api/content/moments
[2026-03-28T15:22:33.705Z] GET /api/content/home_data
[2026-03-28T15:22:33.705Z] GET /api/content/stories
[2026-03-28T15:22:33.708Z] GET /api/content/contact_data
[2026-03-28T15:22:33.709Z] GET /api/content/family_people
[2026-03-28T15:22:33.709Z] GET /api/content/family_families
[2026-03-28T15:22:33.710Z] GET /api/content/family_links
[2026-03-28T15:22:33.710Z] GET /api/content/groom_family_people
[2026-03-28T15:22:33.716Z] GET /api/content/groom_family_families
[2026-03-28T15:22:33.717Z] GET /api/content/groom_family_links
[2026-03-28T15:22:33.718Z] GET /api/rsvps
[2026-03-28T15:22:33.718Z] GET /api/content/events
[2026-03-28T15:22:33.718Z] GET /api/content/gallery
[2026-03-28T15:22:33.721Z] GET /api/content/moments
[2026-03-28T15:22:33.726Z] GET /api/content/home_data
[2026-03-28T15:22:33.727Z] GET /api/content/contact_data
[2026-03-28T15:22:33.728Z] GET /api/content/stories
[2026-03-28T15:22:33.728Z] GET /api/content/family_people
[2026-03-28T15:22:33.731Z] GET /api/content/family_families
[2026-03-28T15:22:33.731Z] GET /api/content/family_links
[2026-03-28T15:22:33.734Z] GET /api/content/groom_family_people
[2026-03-28T15:22:33.737Z] GET /api/content/groom_family_families
[2026-03-28T15:22:33.738Z] GET /api/content/groom_family_links
[2026-03-28T15:22:33.738Z] GET /api/rsvps
[2026-03-28T15:22:34.154Z] GET /api/content/events
[2026-03-28T15:22:34.154Z] GET /api/content/gallery
[2026-03-28T15:22:34.156Z] GET /api/content/moments
[2026-03-28T15:22:34.158Z] GET /api/content/home_data
[2026-03-28T15:22:34.158Z] GET /api/content/stories
[2026-03-28T15:22:34.159Z] GET /api/content/contact_data
[2026-03-28T15:22:34.160Z] GET /api/content/family_people
[2026-03-28T15:22:34.160Z] GET /api/content/family_families
[2026-03-28T15:22:34.160Z] GET /api/content/family_links
[2026-03-28T15:22:34.164Z] GET /api/content/groom_family_families
[2026-03-28T15:22:34.164Z] GET /api/content/groom_family_people
[2026-03-28T15:22:34.165Z] GET /api/rsvps
[2026-03-28T15:22:34.165Z] GET /api/content/groom_family_links
[2026-03-28T15:22:34.165Z] GET /api/content/events
[2026-03-28T15:22:34.165Z] GET /api/content/gallery
[2026-03-28T15:22:34.173Z] GET /api/content/moments
[2026-03-28T15:22:34.175Z] GET /api/content/home_data
[2026-03-28T15:22:34.177Z] GET /api/content/stories
[2026-03-28T15:22:34.178Z] GET /api/content/family_families
[2026-03-28T15:22:34.179Z] GET /api/content/family_links
[2026-03-28T15:22:34.179Z] GET /api/content/contact_data
[2026-03-28T15:22:34.181Z] GET /api/content/family_people
[2026-03-28T15:22:34.183Z] GET /api/content/groom_family_families
[2026-03-28T15:22:34.186Z] GET /api/content/groom_family_people
[2026-03-28T15:22:34.187Z] GET /api/content/groom_family_links
[2026-03-28T15:22:34.187Z] GET /api/rsvps
[2026-03-28T15:22:34.518Z] GET /api/content/events
[2026-03-28T15:22:34.519Z] GET /api/content/gallery
[2026-03-28T15:22:34.519Z] GET /api/content/moments
[2026-03-28T15:22:34.519Z] GET /api/content/home_data
[2026-03-28T15:22:34.520Z] GET /api/content/stories
[2026-03-28T15:22:34.521Z] GET /api/content/contact_data
[2026-03-28T15:22:34.522Z] GET /api/content/family_people
[2026-03-28T15:22:34.523Z] GET /api/content/family_links
[2026-03-28T15:22:34.523Z] GET /api/content/family_families
[2026-03-28T15:22:34.525Z] GET /api/content/groom_family_families
[2026-03-28T15:22:34.526Z] GET /api/content/groom_family_people
[2026-03-28T15:22:34.527Z] GET /api/content/groom_family_links
[2026-03-28T15:22:34.532Z] GET /api/rsvps
[2026-03-28T15:22:34.533Z] GET /api/content/events
[2026-03-28T15:22:34.533Z] GET /api/content/gallery
[2026-03-28T15:22:34.533Z] GET /api/content/moments
[2026-03-28T15:22:34.533Z] GET /api/content/home_data
[2026-03-28T15:22:34.534Z] GET /api/content/stories
[2026-03-28T15:22:34.540Z] GET /api/content/contact_data
[2026-03-28T15:22:34.541Z] GET /api/content/family_links
[2026-03-28T15:22:34.541Z] GET /api/content/family_people
[2026-03-28T15:22:34.542Z] GET /api/content/groom_family_people
[2026-03-28T15:22:34.543Z] GET /api/content/family_families
[2026-03-28T15:22:34.545Z] GET /api/content/groom_family_families
[2026-03-28T15:22:34.545Z] GET /api/content/groom_family_links
[2026-03-28T15:22:34.549Z] GET /api/rsvps
[2026-03-28T15:22:34.859Z] GET /api/content/events
[2026-03-28T15:22:34.860Z] GET /api/content/moments
[2026-03-28T15:22:34.860Z] GET /api/content/gallery
[2026-03-28T15:22:34.861Z] GET /api/content/home_data
[2026-03-28T15:22:34.862Z] GET /api/content/stories
[2026-03-28T15:22:34.863Z] GET /api/content/contact_data
[2026-03-28T15:22:34.864Z] GET /api/content/family_people
[2026-03-28T15:22:34.864Z] GET /api/content/family_families
[2026-03-28T15:22:34.865Z] GET /api/content/family_links
[2026-03-28T15:22:34.865Z] GET /api/content/groom_family_families
[2026-03-28T15:22:34.865Z] GET /api/content/groom_family_people
[2026-03-28T15:22:34.866Z] GET /api/content/groom_family_links
[2026-03-28T15:22:34.867Z] GET /api/rsvps
[2026-03-28T15:22:34.868Z] GET /api/content/events
[2026-03-28T15:22:34.870Z] GET /api/content/moments
[2026-03-28T15:22:34.871Z] GET /api/content/gallery
[2026-03-28T15:22:34.871Z] GET /api/content/home_data
[2026-03-28T15:22:34.873Z] GET /api/content/stories
[2026-03-28T15:22:34.873Z] GET /api/content/contact_data
[2026-03-28T15:22:34.874Z] GET /api/content/family_people
[2026-03-28T15:22:34.875Z] GET /api/content/family_families
[2026-03-28T15:22:34.875Z] GET /api/content/family_links
[2026-03-28T15:22:34.882Z] GET /api/content/groom_family_people
[2026-03-28T15:22:34.882Z] GET /api/content/groom_family_links
[2026-03-28T15:22:34.887Z] GET /api/content/groom_family_families
[2026-03-28T15:22:34.887Z] GET /api/rsvps
[2026-03-28T15:22:35.228Z] GET /api/content/events
[2026-03-28T15:22:35.229Z] GET /api/content/gallery
[2026-03-28T15:22:35.229Z] GET /api/content/moments
[2026-03-28T15:22:35.229Z] GET /api/content/home_data
[2026-03-28T15:22:35.229Z] GET /api/content/stories
[2026-03-28T15:22:35.231Z] GET /api/content/contact_data
[2026-03-28T15:22:35.233Z] GET /api/content/family_people
[2026-03-28T15:22:35.233Z] GET /api/content/family_families
[2026-03-28T15:22:35.237Z] GET /api/content/family_links
[2026-03-28T15:22:35.239Z] GET /api/content/groom_family_people
[2026-03-28T15:22:35.241Z] GET /api/content/groom_family_families
[2026-03-28T15:22:35.245Z] GET /api/content/groom_family_links
[2026-03-28T15:22:35.255Z] GET /api/rsvps
[2026-03-28T15:22:35.258Z] GET /api/content/events
[2026-03-28T15:22:35.260Z] GET /api/content/gallery
[2026-03-28T15:22:35.261Z] GET /api/content/moments
[2026-03-28T15:22:35.264Z] GET /api/content/home_data
[2026-03-28T15:22:35.269Z] GET /api/content/stories
[2026-03-28T15:22:35.269Z] GET /api/content/family_people
[2026-03-28T15:22:35.269Z] GET /api/content/family_families
[2026-03-28T15:22:35.428Z] GET /api/content/events
[2026-03-28T15:22:35.428Z] GET /api/content/gallery
[2026-03-28T15:22:35.429Z] GET /api/content/moments
[2026-03-28T15:22:35.430Z] GET /api/content/home_data
[2026-03-28T15:22:35.431Z] GET /api/content/stories
[2026-03-28T15:22:35.434Z] GET /api/content/contact_data
[2026-03-28T15:22:35.435Z] GET /api/content/family_people
[2026-03-28T15:22:35.446Z] GET /api/content/family_families
[2026-03-28T15:22:35.461Z] GET /api/content/family_links
[2026-03-28T15:22:35.462Z] GET /api/content/groom_family_families
[2026-03-28T15:22:35.462Z] GET /api/content/groom_family_people
[2026-03-28T15:22:35.462Z] GET /api/rsvps
[2026-03-28T15:22:35.465Z] GET /api/content/gallery
[2026-03-28T15:22:35.467Z] GET /api/content/moments
[2026-03-28T15:22:35.468Z] GET /api/content/home_data
[2026-03-28T15:22:35.468Z] GET /api/content/events
[2026-03-28T15:22:35.469Z] GET /api/content/groom_family_links
[2026-03-28T15:22:35.470Z] GET /api/content/family_links
[2026-03-28T15:22:35.470Z] GET /api/content/family_families
[2026-03-28T15:22:35.471Z] GET /api/content/family_people
[2026-03-28T15:22:35.631Z] GET /api/content/events
[2026-03-28T15:22:35.632Z] GET /api/content/gallery
[2026-03-28T15:22:35.632Z] GET /api/content/moments
[2026-03-28T15:22:35.632Z] GET /api/content/home_data
[2026-03-28T15:22:35.632Z] GET /api/content/contact_data
[2026-03-28T15:22:35.632Z] GET /api/content/stories
[2026-03-28T15:22:35.643Z] GET /api/content/family_people
[2026-03-28T15:22:35.646Z] GET /api/content/family_families
[2026-03-28T15:22:35.656Z] GET /api/content/family_links
[2026-03-28T15:22:35.662Z] GET /api/content/groom_family_people
[2026-03-28T15:22:35.663Z] GET /api/content/groom_family_links
[2026-03-28T15:22:35.667Z] GET /api/content/groom_family_families
[2026-03-28T15:22:35.667Z] GET /api/rsvps
[2026-03-28T15:22:35.668Z] GET /api/content/gallery
[2026-03-28T15:22:35.670Z] GET /api/content/moments
[2026-03-28T15:22:35.670Z] GET /api/content/home_data
[2026-03-28T15:22:35.685Z] GET /api/content/contact_data
[2026-03-28T15:22:35.685Z] GET /api/content/events
[2026-03-28T15:22:35.686Z] GET /api/content/stories
[2026-03-28T15:22:35.687Z] GET /api/content/family_people
[2026-03-28T15:22:35.688Z] GET /api/content/family_families
[2026-03-28T15:22:35.688Z] GET /api/content/family_links
[2026-03-28T15:22:35.692Z] GET /api/content/groom_family_people
[2026-03-28T15:22:35.692Z] GET /api/content/groom_family_families
[2026-03-28T15:22:35.693Z] GET /api/content/groom_family_links
[2026-03-28T15:22:35.693Z] GET /api/rsvps
[2026-03-28T15:22:35.979Z] GET /api/content/events
[2026-03-28T15:22:35.979Z] GET /api/content/gallery
[2026-03-28T15:22:35.980Z] GET /api/content/moments
[2026-03-28T15:22:35.980Z] GET /api/content/home_data
[2026-03-28T15:22:35.980Z] GET /api/content/stories
[2026-03-28T15:22:35.980Z] GET /api/content/contact_data
[2026-03-28T15:22:35.990Z] GET /api/content/family_people
[2026-03-28T15:22:35.992Z] GET /api/content/family_families
[2026-03-28T15:22:35.992Z] GET /api/content/family_links
[2026-03-28T15:22:35.993Z] GET /api/content/groom_family_people
[2026-03-28T15:22:35.993Z] GET /api/content/groom_family_links
[2026-03-28T15:22:35.993Z] GET /api/content/groom_family_families
[2026-03-28T15:22:36.000Z] GET /api/rsvps
[2026-03-28T15:22:36.001Z] GET /api/content/events
[2026-03-28T15:22:36.001Z] GET /api/content/gallery
[2026-03-28T15:22:36.001Z] GET /api/content/moments
[2026-03-28T15:22:36.002Z] GET /api/content/stories
[2026-03-28T15:22:36.003Z] GET /api/content/home_data
[2026-03-28T15:22:36.010Z] GET /api/content/contact_data
[2026-03-28T15:22:36.013Z] GET /api/content/family_people
[2026-03-28T15:22:36.013Z] GET /api/content/family_families
[2026-03-28T15:22:36.013Z] GET /api/content/groom_family_people
[2026-03-28T15:22:36.015Z] GET /api/content/family_links
[2026-03-28T15:22:36.016Z] GET /api/content/groom_family_families
[2026-03-28T15:22:36.018Z] GET /api/content/groom_family_links
[2026-03-28T15:22:36.019Z] GET /api/rsvps
[2026-03-28T15:22:36.252Z] GET /api/content/events
[2026-03-28T15:22:36.253Z] GET /api/content/gallery
[2026-03-28T15:22:36.253Z] GET /api/content/moments
[2026-03-28T15:22:36.253Z] GET /api/content/home_data
[2026-03-28T15:22:36.254Z] GET /api/content/stories
[2026-03-28T15:22:36.256Z] GET /api/content/contact_data
[2026-03-28T15:22:36.270Z] GET /api/content/family_families
[2026-03-28T15:22:36.270Z] GET /api/content/family_people
[2026-03-28T15:22:36.271Z] GET /api/content/family_links
[2026-03-28T15:22:36.271Z] GET /api/content/groom_family_people
[2026-03-28T15:22:36.272Z] GET /api/content/groom_family_families
[2026-03-28T15:22:36.277Z] GET /api/content/groom_family_links
[2026-03-28T15:22:36.281Z] GET /api/rsvps
[2026-03-28T15:22:36.281Z] GET /api/content/gallery
[2026-03-28T15:22:36.281Z] GET /api/content/events
[2026-03-28T15:22:36.281Z] GET /api/content/moments
[2026-03-28T15:22:36.282Z] GET /api/content/home_data
[2026-03-28T15:22:36.282Z] GET /api/content/stories
[2026-03-28T15:22:36.287Z] GET /api/content/contact_data
[2026-03-28T15:22:36.288Z] GET /api/content/family_families
[2026-03-28T15:22:36.291Z] GET /api/content/family_people
[2026-03-28T15:22:36.294Z] GET /api/content/family_links
[2026-03-28T15:22:36.295Z] GET /api/content/groom_family_people
[2026-03-28T15:22:36.296Z] GET /api/content/groom_family_families
[2026-03-28T15:22:36.296Z] GET /api/content/groom_family_links
[2026-03-28T15:22:36.298Z] GET /api/rsvps
[2026-03-28T15:22:40.906Z] GET /api/users
[2026-03-28T15:22:40.907Z] GET /api/guests
[2026-03-28T15:22:40.909Z] GET /api/rsvps
[2026-03-28T15:22:40.914Z] GET /api/users
[2026-03-28T15:22:40.919Z] GET /api/rsvps
[2026-03-28T15:22:40.921Z] GET /api/guests
[2026-03-28T15:22:44.988Z] POST /api/guests
[2026-03-28T15:22:45.011Z] GET /api/guests
[2026-03-28T15:22:45.012Z] GET /api/users
[2026-03-28T15:22:45.012Z] GET /api/rsvps
[2026-03-28T15:22:45.900Z] GET /api/users
[2026-03-28T15:22:45.901Z] GET /api/guests
[2026-03-28T15:22:45.901Z] GET /api/rsvps
[2026-03-28T15:22:50.903Z] GET /api/users
[2026-03-28T15:22:50.904Z] GET /api/guests
[2026-03-28T15:22:50.904Z] GET /api/rsvps
[2026-03-28T15:22:51.570Z] POST /api/users
[2026-03-28T15:22:51.586Z] GET /api/users
[2026-03-28T15:22:51.587Z] GET /api/guests
[2026-03-28T15:22:51.589Z] GET /api/rsvps
[2026-03-28T15:22:55.899Z] GET /api/users
[2026-03-28T15:22:55.900Z] GET /api/guests
[2026-03-28T15:22:55.901Z] GET /api/rsvps
[2026-03-28T15:23:00.898Z] GET /api/rsvps
[2026-03-28T15:23:00.899Z] GET /api/users
[2026-03-28T15:23:00.899Z] GET /api/guests
[2026-03-28T15:23:01.459Z] POST /api/login
[2026-03-28T15:23:05.904Z] GET /api/users
[2026-03-28T15:23:05.906Z] GET /api/guests
[2026-03-28T15:23:05.908Z] GET /api/rsvps
[2026-03-28T15:23:10.902Z] GET /api/rsvps
[2026-03-28T15:23:10.902Z] GET /api/guests
[2026-03-28T15:23:10.904Z] GET /api/users
[2026-03-28T15:23:15.908Z] GET /api/users
[2026-03-28T15:23:15.910Z] GET /api/guests
[2026-03-28T15:23:15.912Z] GET /api/rsvps
[2026-03-28T15:23:20.905Z] GET /api/users
[2026-03-28T15:23:20.907Z] GET /api/guests
[2026-03-28T15:23:20.908Z] GET /api/rsvps
[2026-03-28T15:23:25.903Z] GET /api/users
[2026-03-28T15:23:25.904Z] GET /api/guests
[2026-03-28T15:23:25.906Z] GET /api/rsvps
[2026-03-28T15:23:30.899Z] GET /api/users
[2026-03-28T15:23:30.899Z] GET /api/guests
[2026-03-28T15:23:30.900Z] GET /api/rsvps
[2026-03-28T15:23:35.903Z] GET /api/users
[2026-03-28T15:23:35.903Z] GET /api/guests
[2026-03-28T15:23:35.904Z] GET /api/rsvps
[2026-03-28T15:23:40.906Z] GET /api/users
[2026-03-28T15:23:40.907Z] GET /api/guests
[2026-03-28T15:23:40.907Z] GET /api/rsvps
[2026-03-28T15:23:45.898Z] GET /api/users
[2026-03-28T15:23:45.899Z] GET /api/guests
[2026-03-28T15:23:45.899Z] GET /api/rsvps
[2026-03-28T15:23:50.899Z] GET /api/guests
[2026-03-28T15:23:50.900Z] GET /api/users
[2026-03-28T15:23:50.900Z] GET /api/rsvps
[2026-03-28T15:23:55.910Z] GET /api/users
[2026-03-28T15:23:55.912Z] GET /api/guests
[2026-03-28T15:23:55.913Z] GET /api/rsvps
[2026-03-28T15:24:00.901Z] GET /api/users
[2026-03-28T15:24:00.901Z] GET /api/rsvps
[2026-03-28T15:24:00.903Z] GET /api/guests
[2026-03-28T15:24:05.901Z] GET /api/users
[2026-03-28T15:24:05.902Z] GET /api/guests
[2026-03-28T15:24:05.902Z] GET /api/rsvps
[2026-03-28T15:24:10.901Z] GET /api/users
[2026-03-28T15:24:10.902Z] GET /api/guests
[2026-03-28T15:24:10.903Z] GET /api/rsvps
[2026-03-28T15:24:15.900Z] GET /api/users
[2026-03-28T15:24:15.901Z] GET /api/guests
[2026-03-28T15:24:15.902Z] GET /api/rsvps
[2026-03-28T15:24:20.904Z] GET /api/users
[2026-03-28T15:24:20.905Z] GET /api/guests
[2026-03-28T15:24:20.906Z] GET /api/rsvps
[2026-03-28T15:24:25.901Z] GET /api/users
[2026-03-28T15:24:25.902Z] GET /api/guests
[2026-03-28T15:24:25.902Z] GET /api/rsvps
[2026-03-28T15:24:30.901Z] GET /api/users
[2026-03-28T15:24:30.902Z] GET /api/guests
[2026-03-28T15:24:30.903Z] GET /api/rsvps
[2026-03-28T15:24:35.900Z] GET /api/users
[2026-03-28T15:24:35.901Z] GET /api/guests
[2026-03-28T15:24:35.903Z] GET /api/rsvps
[2026-03-28T15:24:40.902Z] GET /api/users
[2026-03-28T15:24:40.903Z] GET /api/guests
[2026-03-28T15:24:40.904Z] GET /api/rsvps
[2026-03-28T15:24:45.900Z] GET /api/users
[2026-03-28T15:24:45.901Z] GET /api/guests
[2026-03-28T15:24:45.902Z] GET /api/rsvps
[2026-03-28T15:24:50.901Z] GET /api/users
[2026-03-28T15:24:50.902Z] GET /api/guests
[2026-03-28T15:24:50.903Z] GET /api/rsvps
[2026-03-28T15:24:55.908Z] GET /api/users
[2026-03-28T15:24:55.910Z] GET /api/guests
[2026-03-28T15:24:55.911Z] GET /api/rsvps
[2026-03-28T15:25:00.898Z] GET /api/users
[2026-03-28T15:25:00.899Z] GET /api/guests
[2026-03-28T15:25:00.900Z] GET /api/rsvps
[2026-03-28T15:25:05.900Z] GET /api/users
[2026-03-28T15:25:05.901Z] GET /api/guests
[2026-03-28T15:25:05.903Z] GET /api/rsvps
[2026-03-28T15:25:10.905Z] GET /api/users
[2026-03-28T15:25:10.906Z] GET /api/guests
[2026-03-28T15:25:10.907Z] GET /api/rsvps
[2026-03-28T15:25:15.900Z] GET /api/users
[2026-03-28T15:25:15.901Z] GET /api/guests
[2026-03-28T15:25:15.903Z] GET /api/rsvps
[2026-03-28T15:25:20.899Z] GET /api/users
[2026-03-28T15:25:20.900Z] GET /api/guests
[2026-03-28T15:25:20.902Z] GET /api/rsvps
[2026-03-28T15:25:25.904Z] GET /api/users
[2026-03-28T15:25:25.907Z] GET /api/guests
[2026-03-28T15:25:25.909Z] GET /api/rsvps
[2026-03-28T15:25:30.904Z] GET /api/users
[2026-03-28T15:25:30.905Z] GET /api/guests
[2026-03-28T15:25:30.905Z] GET /api/rsvps
[2026-03-28T15:25:35.901Z] GET /api/users
[2026-03-28T15:25:35.903Z] GET /api/guests
[2026-03-28T15:25:35.904Z] GET /api/rsvps
[2026-03-28T15:25:40.899Z] GET /api/users
[2026-03-28T15:25:40.899Z] GET /api/guests
[2026-03-28T15:25:40.901Z] GET /api/rsvps
[2026-03-28T15:25:45.903Z] GET /api/guests
[2026-03-28T15:25:45.905Z] GET /api/users
[2026-03-28T15:25:45.905Z] GET /api/rsvps
[2026-03-28T15:25:50.901Z] GET /api/users
[2026-03-28T15:25:50.902Z] GET /api/guests
[2026-03-28T15:25:50.903Z] GET /api/rsvps
[2026-03-28T15:25:52.313Z] POST /api/rsvp
[2026-03-28T15:25:55.904Z] GET /api/users
[2026-03-28T15:25:55.905Z] GET /api/guests
[2026-03-28T15:25:55.907Z] GET /api/rsvps
[2026-03-28T15:26:00.898Z] GET /api/users
[2026-03-28T15:26:00.899Z] GET /api/guests
[2026-03-28T15:26:00.900Z] GET /api/rsvps
[2026-03-28T15:26:05.903Z] GET /api/users
[2026-03-28T15:26:05.904Z] GET /api/guests
[2026-03-28T15:26:05.907Z] GET /api/rsvps
[2026-03-28T15:26:10.905Z] GET /api/users
[2026-03-28T15:26:10.906Z] GET /api/guests
[2026-03-28T15:26:10.907Z] GET /api/rsvps
[2026-03-28T15:26:15.906Z] GET /api/users
[2026-03-28T15:26:15.911Z] GET /api/guests
[2026-03-28T15:26:15.914Z] GET /api/rsvps
[2026-03-28T15:26:20.908Z] GET /api/users
[2026-03-28T15:26:20.909Z] GET /api/guests
[2026-03-28T15:26:20.909Z] GET /api/rsvps
[2026-03-28T15:26:25.921Z] GET /api/users
[2026-03-28T15:26:25.924Z] GET /api/guests
[2026-03-28T15:26:25.925Z] GET /api/rsvps
[2026-03-28T15:26:30.899Z] GET /api/guests
[2026-03-28T15:26:30.900Z] GET /api/users
[2026-03-28T15:26:30.901Z] GET /api/rsvps
[2026-03-28T15:26:35.900Z] GET /api/users
[2026-03-28T15:26:35.901Z] GET /api/guests
[2026-03-28T15:26:35.903Z] GET /api/rsvps
[2026-03-28T15:26:40.908Z] GET /api/guests
[2026-03-28T15:26:40.910Z] GET /api/rsvps
[2026-03-28T15:26:40.910Z] GET /api/users
[2026-03-28T15:26:45.899Z] GET /api/users
[2026-03-28T15:26:45.900Z] GET /api/guests
[2026-03-28T15:26:45.901Z] GET /api/rsvps
[2026-03-28T15:26:50.905Z] GET /api/guests
[2026-03-28T15:26:50.910Z] GET /api/users
[2026-03-28T15:26:50.912Z] GET /api/rsvps
[2026-03-28T15:26:55.902Z] GET /api/users
[2026-03-28T15:26:55.902Z] GET /api/guests
[2026-03-28T15:26:55.903Z] GET /api/rsvps
[2026-03-28T15:27:00.898Z] GET /api/users
[2026-03-28T15:27:00.899Z] GET /api/guests
[2026-03-28T15:27:00.901Z] GET /api/rsvps
[2026-03-28T15:27:05.901Z] GET /api/users
[2026-03-28T15:27:05.902Z] GET /api/guests
[2026-03-28T15:27:05.904Z] GET /api/rsvps
[2026-03-28T15:27:10.900Z] GET /api/users
[2026-03-28T15:27:10.901Z] GET /api/guests
[2026-03-28T15:27:10.902Z] GET /api/rsvps
[2026-03-28T15:27:15.902Z] GET /api/users
[2026-03-28T15:27:15.903Z] GET /api/guests
[2026-03-28T15:27:15.904Z] GET /api/rsvps
[2026-03-28T15:27:20.900Z] GET /api/users
[2026-03-28T15:27:20.901Z] GET /api/guests
[2026-03-28T15:27:20.903Z] GET /api/rsvps
[2026-03-28T15:27:25.899Z] GET /api/users
[2026-03-28T15:27:25.900Z] GET /api/guests
[2026-03-28T15:27:25.902Z] GET /api/rsvps
[2026-03-28T15:27:30.908Z] GET /api/users
[2026-03-28T15:27:30.910Z] GET /api/guests
[2026-03-28T15:27:30.918Z] GET /api/rsvps
[2026-03-28T15:27:35.904Z] GET /api/users
[2026-03-28T15:27:35.905Z] GET /api/guests
[2026-03-28T15:27:35.907Z] GET /api/rsvps
[2026-03-28T15:27:40.899Z] GET /api/guests
[2026-03-28T15:27:40.899Z] GET /api/users
[2026-03-28T15:27:40.900Z] GET /api/rsvps
[2026-03-28T15:27:45.901Z] GET /api/users
[2026-03-28T15:27:45.902Z] GET /api/guests
[2026-03-28T15:27:45.903Z] GET /api/rsvps
[2026-03-28T15:27:50.900Z] GET /api/users
[2026-03-28T15:27:50.901Z] GET /api/guests
[2026-03-28T15:27:50.903Z] GET /api/rsvps
[2026-03-28T15:27:55.904Z] GET /api/users
[2026-03-28T15:27:55.906Z] GET /api/guests
[2026-03-28T15:27:55.906Z] GET /api/rsvps
[2026-03-28T15:28:00.904Z] GET /api/users
[2026-03-28T15:28:00.905Z] GET /api/guests
[2026-03-28T15:28:00.908Z] GET /api/rsvps
[2026-03-28T15:28:05.905Z] GET /api/users
[2026-03-28T15:28:05.908Z] GET /api/guests
[2026-03-28T15:28:05.910Z] GET /api/rsvps
[2026-03-28T15:28:10.903Z] GET /api/users
[2026-03-28T15:28:10.904Z] GET /api/guests
[2026-03-28T15:28:10.906Z] GET /api/rsvps
[2026-03-28T15:28:15.904Z] GET /api/users
[2026-03-28T15:28:15.905Z] GET /api/rsvps
[2026-03-28T15:28:15.905Z] GET /api/guests
[2026-03-28T15:28:20.899Z] GET /api/users
[2026-03-28T15:28:20.899Z] GET /api/guests
[2026-03-28T15:28:20.900Z] GET /api/rsvps
[2026-03-28T15:28:25.904Z] GET /api/users
[2026-03-28T15:28:25.907Z] GET /api/rsvps
[2026-03-28T15:28:25.908Z] GET /api/guests
[2026-03-28T15:28:30.904Z] GET /api/users
[2026-03-28T15:28:30.909Z] GET /api/guests
[2026-03-28T15:28:30.911Z] GET /api/rsvps
[2026-03-28T15:28:35.902Z] GET /api/users
[2026-03-28T15:28:35.903Z] GET /api/guests
[2026-03-28T15:28:35.903Z] GET /api/rsvps
[2026-03-28T15:28:40.925Z] GET /api/guests
[2026-03-28T15:28:40.929Z] GET /api/users
[2026-03-28T15:28:40.929Z] GET /api/rsvps
[2026-03-28T15:28:45.914Z] GET /api/users
[2026-03-28T15:28:45.917Z] GET /api/guests
[2026-03-28T15:28:45.917Z] GET /api/rsvps
[2026-03-28T15:28:50.913Z] GET /api/users
[2026-03-28T15:28:50.915Z] GET /api/guests
[2026-03-28T15:28:50.916Z] GET /api/rsvps
[2026-03-28T15:28:55.917Z] GET /api/users
[2026-03-28T15:28:55.924Z] GET /api/guests
[2026-03-28T15:28:55.926Z] GET /api/rsvps
[2026-03-28T15:29:00.907Z] GET /api/users
[2026-03-28T15:29:00.908Z] GET /api/guests
[2026-03-28T15:29:00.908Z] GET /api/rsvps
[2026-03-28T15:29:05.912Z] GET /api/guests
[2026-03-28T15:29:05.916Z] GET /api/users
[2026-03-28T15:29:05.916Z] GET /api/rsvps
[2026-03-28T15:29:10.912Z] GET /api/users
[2026-03-28T15:29:10.914Z] GET /api/guests
[2026-03-28T15:29:10.914Z] GET /api/rsvps
[2026-03-28T15:29:15.899Z] GET /api/users
[2026-03-28T15:29:15.900Z] GET /api/guests
[2026-03-28T15:29:15.900Z] GET /api/rsvps
[2026-03-28T15:29:20.914Z] GET /api/users
[2026-03-28T15:29:20.916Z] GET /api/rsvps
[2026-03-28T15:29:20.917Z] GET /api/guests
[2026-03-28T15:29:25.908Z] GET /api/guests
[2026-03-28T15:29:25.910Z] GET /api/users
[2026-03-28T15:29:25.911Z] GET /api/rsvps
[2026-03-28T15:29:30.902Z] GET /api/users
[2026-03-28T15:29:30.904Z] GET /api/guests
[2026-03-28T15:29:30.904Z] GET /api/rsvps
[2026-03-28T15:29:35.917Z] GET /api/users
[2026-03-28T15:29:35.920Z] GET /api/guests
[2026-03-28T15:29:35.920Z] GET /api/rsvps
[2026-03-28T15:29:40.912Z] GET /api/users
[2026-03-28T15:29:40.916Z] GET /api/guests
[2026-03-28T15:29:40.916Z] GET /api/rsvps
[2026-03-28T15:29:45.899Z] GET /api/guests
[2026-03-28T15:29:45.900Z] GET /api/users
[2026-03-28T15:29:45.900Z] GET /api/rsvps
[2026-03-28T15:29:50.924Z] GET /api/users
[2026-03-28T15:29:50.933Z] GET /api/guests
[2026-03-28T15:29:50.934Z] GET /api/rsvps
[2026-03-28T15:29:55.914Z] GET /api/users
[2026-03-28T15:29:55.917Z] GET /api/guests
[2026-03-28T15:29:55.917Z] GET /api/rsvps
[2026-03-28T15:30:00.916Z] GET /api/users
[2026-03-28T15:30:00.919Z] GET /api/guests
[2026-03-28T15:30:00.920Z] GET /api/rsvps
[2026-03-28T15:30:05.908Z] GET /api/users
[2026-03-28T15:30:05.911Z] GET /api/guests
[2026-03-28T15:30:05.912Z] GET /api/rsvps
[2026-03-28T15:30:10.746Z] POST /api/guests
[2026-03-28T15:30:10.776Z] GET /api/guests
[2026-03-28T15:30:10.782Z] GET /api/rsvps
[2026-03-28T15:30:10.783Z] GET /api/users
[2026-03-28T15:30:10.901Z] GET /api/users
[2026-03-28T15:30:10.903Z] GET /api/guests
[2026-03-28T15:30:10.903Z] GET /api/rsvps
[2026-03-28T15:30:15.913Z] GET /api/users
[2026-03-28T15:30:15.914Z] GET /api/guests
[2026-03-28T15:30:15.915Z] GET /api/rsvps
[2026-03-28T15:30:21.509Z] GET /api/users
[2026-03-28T15:30:21.512Z] GET /api/guests
[2026-03-28T15:30:21.512Z] GET /api/rsvps
[2026-03-28T15:30:22.955Z] POST /api/users
[2026-03-28T15:30:22.968Z] GET /api/users
[2026-03-28T15:30:22.969Z] GET /api/guests
[2026-03-28T15:30:22.970Z] GET /api/rsvps
[2026-03-28T15:30:25.901Z] GET /api/users
[2026-03-28T15:30:25.902Z] GET /api/guests
[2026-03-28T15:30:25.904Z] GET /api/rsvps
[2026-03-28T15:30:30.912Z] GET /api/guests
[2026-03-28T15:30:30.916Z] GET /api/users
[2026-03-28T15:30:30.917Z] GET /api/rsvps
[2026-03-28T15:30:31.070Z] POST /api/login
[2026-03-28T15:30:35.904Z] GET /api/users
[2026-03-28T15:30:35.906Z] GET /api/guests
[2026-03-28T15:30:35.908Z] GET /api/rsvps
[2026-03-28T15:30:40.911Z] GET /api/users
[2026-03-28T15:30:40.912Z] GET /api/guests
[2026-03-28T15:30:40.915Z] GET /api/rsvps
[2026-03-28T15:30:45.899Z] GET /api/users
[2026-03-28T15:30:45.900Z] GET /api/guests
[2026-03-28T15:30:45.901Z] GET /api/rsvps
[2026-03-28T15:30:50.902Z] GET /api/users
[2026-03-28T15:30:50.903Z] GET /api/guests
[2026-03-28T15:30:50.904Z] GET /api/rsvps
[2026-03-28T15:30:55.907Z] GET /api/guests
[2026-03-28T15:30:55.910Z] GET /api/users
[2026-03-28T15:30:55.912Z] GET /api/rsvps
[2026-03-28T15:31:00.900Z] GET /api/users
[2026-03-28T15:31:00.902Z] GET /api/guests
[2026-03-28T15:31:00.904Z] GET /api/rsvps
[2026-03-28T15:31:05.905Z] GET /api/users
[2026-03-28T15:31:05.906Z] GET /api/guests
[2026-03-28T15:31:05.907Z] GET /api/rsvps
[2026-03-28T15:31:10.902Z] GET /api/users
[2026-03-28T15:31:10.906Z] GET /api/guests
[2026-03-28T15:31:10.910Z] GET /api/rsvps
[2026-03-28T15:31:15.901Z] GET /api/users
[2026-03-28T15:31:15.901Z] GET /api/guests
[2026-03-28T15:31:15.903Z] GET /api/rsvps
[2026-03-28T15:31:20.901Z] GET /api/users
[2026-03-28T15:31:20.902Z] GET /api/guests
[2026-03-28T15:31:20.903Z] GET /api/rsvps
[2026-03-28T15:31:25.902Z] GET /api/users
[2026-03-28T15:31:25.903Z] GET /api/guests
[2026-03-28T15:31:25.903Z] GET /api/rsvps
[2026-03-28T15:31:30.901Z] GET /api/users
[2026-03-28T15:31:30.903Z] GET /api/rsvps
[2026-03-28T15:31:30.904Z] GET /api/guests
[2026-03-28T15:31:35.907Z] GET /api/users
[2026-03-28T15:31:35.908Z] GET /api/guests
[2026-03-28T15:31:35.911Z] GET /api/rsvps
[2026-03-28T15:31:38.655Z] POST /api/rsvp
[2026-03-28T15:31:40.900Z] GET /api/users
[2026-03-28T15:31:40.901Z] GET /api/guests
[2026-03-28T15:31:40.907Z] GET /api/rsvps
[2026-03-28T15:31:45.900Z] GET /api/users
[2026-03-28T15:31:45.901Z] GET /api/guests
[2026-03-28T15:31:45.903Z] GET /api/rsvps
[2026-03-28T15:31:50.977Z] GET /api/users
[2026-03-28T15:31:50.978Z] GET /api/guests
[2026-03-28T15:31:50.979Z] GET /api/rsvps
[2026-03-28T15:31:55.899Z] GET /api/users
[2026-03-28T15:31:55.901Z] GET /api/guests
[2026-03-28T15:31:55.903Z] GET /api/rsvps
[2026-03-28T15:32:01.546Z] GET /api/users
[2026-03-28T15:32:01.546Z] GET /api/guests
[2026-03-28T15:32:01.547Z] GET /api/rsvps
[2026-03-28T15:32:05.902Z] GET /api/users
[2026-03-28T15:32:05.903Z] GET /api/guests
[2026-03-28T15:32:05.905Z] GET /api/rsvps
[2026-03-28T15:32:10.902Z] GET /api/users
[2026-03-28T15:32:10.902Z] GET /api/guests
[2026-03-28T15:32:10.903Z] GET /api/rsvps
[2026-03-28T15:32:15.900Z] GET /api/users
[2026-03-28T15:32:15.901Z] GET /api/guests
[2026-03-28T15:32:15.902Z] GET /api/rsvps
[2026-03-28T15:32:20.908Z] GET /api/users
[2026-03-28T15:32:20.911Z] GET /api/guests
[2026-03-28T15:32:20.914Z] GET /api/rsvps
[2026-03-28T15:32:25.900Z] GET /api/users
[2026-03-28T15:32:25.901Z] GET /api/guests
[2026-03-28T15:32:25.901Z] GET /api/rsvps
[2026-03-28T15:32:26.593Z] POST /api/login
[2026-03-28T15:32:30.908Z] GET /api/guests
[2026-03-28T15:32:30.909Z] GET /api/rsvps
[2026-03-28T15:32:30.910Z] GET /api/users
[2026-03-28T15:32:35.903Z] GET /api/users
[2026-03-28T15:32:35.904Z] GET /api/guests
[2026-03-28T15:32:35.905Z] GET /api/rsvps
[2026-03-28T15:32:40.899Z] GET /api/users
[2026-03-28T15:32:40.900Z] GET /api/rsvps
[2026-03-28T15:32:40.900Z] GET /api/guests
[2026-03-28T15:32:45.913Z] GET /api/users
[2026-03-28T15:32:45.915Z] GET /api/guests
[2026-03-28T15:32:45.918Z] GET /api/rsvps
[2026-03-28T15:32:50.901Z] GET /api/users
[2026-03-28T15:32:50.902Z] GET /api/guests
[2026-03-28T15:32:50.903Z] GET /api/rsvps
[2026-03-28T15:32:55.910Z] GET /api/users
[2026-03-28T15:32:55.917Z] GET /api/guests
[2026-03-28T15:32:55.920Z] GET /api/rsvps
[2026-03-28T15:33:00.902Z] GET /api/users
[2026-03-28T15:33:00.903Z] GET /api/guests
[2026-03-28T15:33:00.904Z] GET /api/rsvps
[2026-03-28T15:33:05.907Z] GET /api/users
[2026-03-28T15:33:05.910Z] GET /api/guests
[2026-03-28T15:33:05.911Z] GET /api/rsvps
[2026-03-28T15:33:10.911Z] GET /api/users
[2026-03-28T15:33:10.914Z] GET /api/guests
[2026-03-28T15:33:10.916Z] GET /api/rsvps
[2026-03-28T15:33:15.904Z] GET /api/users
[2026-03-28T15:33:15.905Z] GET /api/guests
[2026-03-28T15:33:15.907Z] GET /api/rsvps
[2026-03-28T15:33:20.904Z] GET /api/guests
[2026-03-28T15:33:20.906Z] GET /api/users
[2026-03-28T15:33:20.906Z] GET /api/rsvps
[2026-03-28T15:33:25.901Z] GET /api/users
[2026-03-28T15:33:25.901Z] GET /api/guests
[2026-03-28T15:33:25.902Z] GET /api/rsvps
[2026-03-28T15:33:30.911Z] GET /api/users
[2026-03-28T15:33:30.914Z] GET /api/guests
[2026-03-28T15:33:30.915Z] GET /api/rsvps
[2026-03-28T15:33:35.907Z] GET /api/users
[2026-03-28T15:33:35.909Z] GET /api/guests
[2026-03-28T15:33:35.909Z] GET /api/rsvps
[2026-03-28T15:33:40.904Z] GET /api/users
[2026-03-28T15:33:40.905Z] GET /api/guests
[2026-03-28T15:33:40.906Z] GET /api/rsvps
[2026-03-28T15:33:45.907Z] GET /api/users
[2026-03-28T15:33:45.908Z] GET /api/guests
[2026-03-28T15:33:45.909Z] GET /api/rsvps
[2026-03-28T15:33:50.901Z] GET /api/users
[2026-03-28T15:33:50.902Z] GET /api/guests
[2026-03-28T15:33:50.903Z] GET /api/rsvps
[2026-03-28T15:33:55.904Z] GET /api/users
[2026-03-28T15:33:55.905Z] GET /api/guests
[2026-03-28T15:33:55.907Z] GET /api/rsvps
[2026-03-28T15:34:00.909Z] GET /api/users
[2026-03-28T15:34:00.910Z] GET /api/guests
[2026-03-28T15:34:00.912Z] GET /api/rsvps
[2026-03-28T15:34:05.903Z] GET /api/users
[2026-03-28T15:34:05.904Z] GET /api/guests
[2026-03-28T15:34:05.905Z] GET /api/rsvps
[2026-03-28T15:34:10.911Z] GET /api/users
[2026-03-28T15:34:10.913Z] GET /api/guests
[2026-03-28T15:34:10.914Z] GET /api/rsvps
[2026-03-28T15:34:15.902Z] GET /api/users
[2026-03-28T15:34:15.903Z] GET /api/guests
[2026-03-28T15:34:15.904Z] GET /api/rsvps
[2026-03-28T15:34:20.901Z] GET /api/users
[2026-03-28T15:34:20.902Z] GET /api/guests
[2026-03-28T15:34:20.904Z] GET /api/rsvps
[2026-03-28T15:34:25.902Z] GET /api/users
[2026-03-28T15:34:25.902Z] GET /api/guests
[2026-03-28T15:34:25.908Z] GET /api/rsvps
[2026-03-28T15:34:30.904Z] GET /api/users
[2026-03-28T15:34:30.904Z] GET /api/guests
[2026-03-28T15:34:30.906Z] GET /api/rsvps
[2026-03-28T15:34:35.903Z] GET /api/users
[2026-03-28T15:34:35.904Z] GET /api/guests
[2026-03-28T15:34:35.906Z] GET /api/rsvps
[2026-03-28T15:34:40.900Z] GET /api/users
[2026-03-28T15:34:40.901Z] GET /api/guests
[2026-03-28T15:34:40.902Z] GET /api/rsvps
[2026-03-28T15:34:45.903Z] GET /api/users
[2026-03-28T15:34:45.903Z] GET /api/guests
[2026-03-28T15:34:45.905Z] GET /api/rsvps
[2026-03-28T15:34:50.900Z] GET /api/users
[2026-03-28T15:34:50.901Z] GET /api/guests
[2026-03-28T15:34:50.902Z] GET /api/rsvps
[2026-03-28T15:34:55.903Z] GET /api/users
[2026-03-28T15:34:55.904Z] GET /api/rsvps
[2026-03-28T15:34:55.906Z] GET /api/guests
[2026-03-28T15:35:00.904Z] GET /api/users
[2026-03-28T15:35:00.905Z] GET /api/guests
[2026-03-28T15:35:00.906Z] GET /api/rsvps
[2026-03-28T15:35:55.061Z] GET /api/guests
[2026-03-28T15:35:55.085Z] GET /api/rsvps
[2026-03-28T15:35:55.096Z] GET /api/users
[2026-03-28T15:35:55.219Z] GET /api/users
[2026-03-28T15:35:55.224Z] GET /api/guests
[2026-03-28T15:35:55.225Z] GET /api/rsvps
[2026-03-28T15:35:58.324Z] POST /api/guests
[2026-03-28T15:35:58.344Z] GET /api/guests
[2026-03-28T15:35:58.344Z] GET /api/users
[2026-03-28T15:35:58.345Z] GET /api/rsvps
[2026-03-28T15:35:59.701Z] POST /api/users
[2026-03-28T15:35:59.712Z] GET /api/users
[2026-03-28T15:35:59.712Z] GET /api/guests
[2026-03-28T15:35:59.714Z] GET /api/rsvps
[2026-03-28T15:36:00.053Z] GET /api/users
[2026-03-28T15:36:00.054Z] GET /api/guests
[2026-03-28T15:36:00.055Z] GET /api/rsvps
[2026-03-28T15:36:04.096Z] POST /api/login
[2026-03-28T15:36:05.077Z] GET /api/users
[2026-03-28T15:36:05.079Z] GET /api/guests
[2026-03-28T15:36:05.080Z] GET /api/rsvps
[2026-03-28T15:36:10.056Z] GET /api/users
[2026-03-28T15:36:10.056Z] GET /api/guests
[2026-03-28T15:36:10.058Z] GET /api/rsvps
[2026-03-28T15:36:15.053Z] GET /api/users
[2026-03-28T15:36:15.054Z] GET /api/guests
[2026-03-28T15:36:15.055Z] GET /api/rsvps
[2026-03-28T15:36:20.062Z] GET /api/users
[2026-03-28T15:36:20.063Z] GET /api/guests
[2026-03-28T15:36:20.064Z] GET /api/rsvps
[2026-03-28T15:36:25.056Z] GET /api/users
[2026-03-28T15:36:25.056Z] GET /api/guests
[2026-03-28T15:36:25.057Z] GET /api/rsvps
[2026-03-28T15:36:30.055Z] GET /api/users
[2026-03-28T15:36:30.056Z] GET /api/guests
[2026-03-28T15:36:30.057Z] GET /api/rsvps
[2026-03-28T15:36:35.079Z] GET /api/guests
[2026-03-28T15:36:35.084Z] GET /api/users
[2026-03-28T15:36:35.084Z] GET /api/rsvps
[2026-03-28T15:36:38.109Z] POST /api/rsvp
[2026-03-28T15:36:40.061Z] GET /api/users
[2026-03-28T15:36:40.062Z] GET /api/guests
[2026-03-28T15:36:40.064Z] GET /api/rsvps
[2026-03-28T15:36:45.058Z] GET /api/users
[2026-03-28T15:36:45.059Z] GET /api/guests
[2026-03-28T15:36:45.060Z] GET /api/rsvps
[2026-03-28T15:36:50.064Z] GET /api/users
[2026-03-28T15:36:50.068Z] GET /api/guests
[2026-03-28T15:36:50.068Z] GET /api/rsvps
[2026-03-28T15:36:55.060Z] GET /api/users
[2026-03-28T15:36:55.061Z] GET /api/guests
[2026-03-28T15:36:55.063Z] GET /api/rsvps
[2026-03-28T15:37:00.054Z] GET /api/users
[2026-03-28T15:37:00.055Z] GET /api/guests
[2026-03-28T15:37:00.057Z] GET /api/rsvps
[2026-03-28T15:37:05.054Z] GET /api/users
[2026-03-28T15:37:05.055Z] GET /api/guests
[2026-03-28T15:37:05.055Z] GET /api/rsvps
[2026-03-28T15:37:10.056Z] GET /api/users
[2026-03-28T15:37:10.058Z] GET /api/guests
[2026-03-28T15:37:10.060Z] GET /api/rsvps
[2026-03-28T15:37:15.054Z] GET /api/users
[2026-03-28T15:37:15.054Z] GET /api/guests
[2026-03-28T15:37:15.055Z] GET /api/rsvps
[2026-03-28T15:37:20.055Z] GET /api/users
[2026-03-28T15:37:20.056Z] GET /api/guests
[2026-03-28T15:37:20.058Z] GET /api/rsvps
[2026-03-28T15:37:25.053Z] GET /api/users
[2026-03-28T15:37:25.054Z] GET /api/guests
[2026-03-28T15:37:25.055Z] GET /api/rsvps
[2026-03-28T15:37:30.053Z] GET /api/users
[2026-03-28T15:37:30.054Z] GET /api/guests
[2026-03-28T15:37:30.055Z] GET /api/rsvps
[2026-03-28T15:37:35.055Z] GET /api/users
[2026-03-28T15:37:35.056Z] GET /api/guests
[2026-03-28T15:37:35.058Z] GET /api/rsvps
[2026-03-28T15:37:40.058Z] GET /api/users
[2026-03-28T15:37:40.059Z] GET /api/guests
[2026-03-28T15:37:40.064Z] GET /api/rsvps
[2026-03-28T15:37:45.055Z] GET /api/users
[2026-03-28T15:37:45.056Z] GET /api/guests
[2026-03-28T15:37:45.059Z] GET /api/rsvps
[2026-03-28T15:37:50.053Z] GET /api/users
[2026-03-28T15:37:50.054Z] GET /api/guests
[2026-03-28T15:37:50.056Z] GET /api/rsvps
[2026-03-28T15:37:55.055Z] GET /api/users
[2026-03-28T15:37:55.056Z] GET /api/guests
[2026-03-28T15:37:55.057Z] GET /api/rsvps
[2026-03-28T15:38:00.054Z] GET /api/users
[2026-03-28T15:38:00.054Z] GET /api/guests
[2026-03-28T15:38:00.056Z] GET /api/rsvps
[2026-03-28T15:38:05.055Z] GET /api/users
[2026-03-28T15:38:05.057Z] GET /api/guests
[2026-03-28T15:38:05.058Z] GET /api/rsvps
[2026-03-28T15:38:10.056Z] GET /api/users
[2026-03-28T15:38:10.057Z] GET /api/guests
[2026-03-28T15:38:10.059Z] GET /api/rsvps
[2026-03-28T15:38:15.056Z] GET /api/users
[2026-03-28T15:38:15.058Z] GET /api/guests
[2026-03-28T15:38:15.060Z] GET /api/rsvps
[2026-03-28T15:38:20.054Z] GET /api/users
[2026-03-28T15:38:20.055Z] GET /api/guests
[2026-03-28T15:38:20.057Z] GET /api/rsvps
[2026-03-28T15:38:25.054Z] GET /api/users
[2026-03-28T15:38:25.055Z] GET /api/guests
[2026-03-28T15:38:25.056Z] GET /api/rsvps
[2026-03-28T15:38:30.054Z] GET /api/users
[2026-03-28T15:38:30.054Z] GET /api/guests
[2026-03-28T15:38:30.056Z] GET /api/rsvps
[2026-03-28T15:38:35.055Z] GET /api/users
[2026-03-28T15:38:35.055Z] GET /api/guests
[2026-03-28T15:38:35.056Z] GET /api/rsvps
[2026-03-28T15:38:40.053Z] GET /api/users
[2026-03-28T15:38:40.053Z] GET /api/guests
[2026-03-28T15:38:40.053Z] GET /api/rsvps
[2026-03-28T15:38:45.055Z] GET /api/users
[2026-03-28T15:38:45.055Z] GET /api/guests
[2026-03-28T15:38:45.057Z] GET /api/rsvps
[2026-03-28T15:38:50.061Z] GET /api/users
[2026-03-28T15:38:50.062Z] GET /api/guests
[2026-03-28T15:38:50.063Z] GET /api/rsvps
[2026-03-28T15:38:55.055Z] GET /api/users
[2026-03-28T15:38:55.057Z] GET /api/guests
[2026-03-28T15:38:55.058Z] GET /api/rsvps
[2026-03-28T15:39:00.052Z] GET /api/users
[2026-03-28T15:39:00.052Z] GET /api/guests
[2026-03-28T15:39:00.053Z] GET /api/rsvps
[2026-03-28T15:39:05.054Z] GET /api/users
[2026-03-28T15:39:05.058Z] GET /api/guests
[2026-03-28T15:39:05.060Z] GET /api/rsvps
[2026-03-28T15:39:10.060Z] GET /api/users
[2026-03-28T15:39:10.061Z] GET /api/guests
[2026-03-28T15:39:10.063Z] GET /api/rsvps
[2026-03-28T15:39:15.053Z] GET /api/users
[2026-03-28T15:39:15.054Z] GET /api/guests
[2026-03-28T15:39:15.055Z] GET /api/rsvps
[2026-03-28T15:39:20.055Z] GET /api/users
[2026-03-28T15:39:20.056Z] GET /api/guests
[2026-03-28T15:39:20.058Z] GET /api/rsvps
[2026-03-28T15:39:25.053Z] GET /api/users
[2026-03-28T15:39:25.055Z] GET /api/guests
[2026-03-28T15:39:25.056Z] GET /api/rsvps
[2026-03-28T15:39:30.054Z] GET /api/users
[2026-03-28T15:39:30.054Z] GET /api/guests
[2026-03-28T15:39:30.056Z] GET /api/rsvps
[2026-03-28T15:39:35.055Z] GET /api/users
[2026-03-28T15:39:35.056Z] GET /api/guests
[2026-03-28T15:39:35.057Z] GET /api/rsvps
[2026-03-28T15:39:40.054Z] GET /api/users
[2026-03-28T15:39:40.055Z] GET /api/guests
[2026-03-28T15:39:40.057Z] GET /api/rsvps
[2026-03-28T15:39:45.054Z] GET /api/users
[2026-03-28T15:39:45.054Z] GET /api/guests
[2026-03-28T15:39:45.055Z] GET /api/rsvps
[2026-03-28T15:39:50.055Z] GET /api/users
[2026-03-28T15:39:50.056Z] GET /api/guests
[2026-03-28T15:39:50.057Z] GET /api/rsvps
[2026-03-28T15:39:55.058Z] GET /api/users
[2026-03-28T15:39:55.059Z] GET /api/guests
[2026-03-28T15:39:55.061Z] GET /api/rsvps
[2026-03-28T15:40:00.054Z] GET /api/users
[2026-03-28T15:40:00.055Z] GET /api/guests
[2026-03-28T15:40:00.056Z] GET /api/rsvps
[2026-03-28T15:40:05.057Z] GET /api/users
[2026-03-28T15:40:05.058Z] GET /api/guests
[2026-03-28T15:40:05.060Z] GET /api/rsvps
[2026-03-28T15:40:10.054Z] GET /api/users
[2026-03-28T15:40:10.055Z] GET /api/guests
[2026-03-28T15:40:10.056Z] GET /api/rsvps
[2026-03-28T15:40:15.068Z] GET /api/guests
[2026-03-28T15:40:15.071Z] GET /api/users
[2026-03-28T15:40:15.071Z] GET /api/rsvps
[2026-03-28T15:40:20.054Z] GET /api/users
[2026-03-28T15:40:20.055Z] GET /api/guests
[2026-03-28T15:40:20.057Z] GET /api/rsvps
[2026-03-28T15:40:25.065Z] GET /api/users
[2026-03-28T15:40:25.065Z] GET /api/guests
[2026-03-28T15:40:25.066Z] GET /api/rsvps
[2026-03-28T15:40:30.055Z] GET /api/users
[2026-03-28T15:40:30.060Z] GET /api/guests
[2026-03-28T15:40:30.062Z] GET /api/rsvps
[2026-03-28T15:40:35.054Z] GET /api/users
[2026-03-28T15:40:35.055Z] GET /api/guests
[2026-03-28T15:40:35.058Z] GET /api/rsvps
[2026-03-28T15:40:40.063Z] GET /api/users
[2026-03-28T15:40:40.064Z] GET /api/guests
[2026-03-28T15:40:40.064Z] GET /api/rsvps
[2026-03-28T15:40:45.055Z] GET /api/users
[2026-03-28T15:40:45.057Z] GET /api/guests
[2026-03-28T15:40:45.059Z] GET /api/rsvps
[2026-03-28T15:40:50.054Z] GET /api/users
[2026-03-28T15:40:50.054Z] GET /api/guests
[2026-03-28T15:40:50.054Z] GET /api/rsvps
[2026-03-28T15:40:55.054Z] GET /api/users
[2026-03-28T15:40:55.055Z] GET /api/guests
[2026-03-28T15:40:55.057Z] GET /api/rsvps
[2026-03-28T15:41:00.067Z] GET /api/users
[2026-03-28T15:41:00.070Z] GET /api/guests
[2026-03-28T15:41:00.072Z] GET /api/rsvps
[2026-03-28T15:41:04.944Z] POST /api/login
[2026-03-28T15:41:05.055Z] GET /api/users
[2026-03-28T15:41:05.056Z] GET /api/guests
[2026-03-28T15:41:05.056Z] GET /api/rsvps
[2026-03-28T15:41:10.053Z] GET /api/users
[2026-03-28T15:41:10.054Z] GET /api/guests
[2026-03-28T15:41:10.055Z] GET /api/rsvps
[2026-03-28T15:41:13.491Z] POST /api/login
[2026-03-28T15:41:15.073Z] GET /api/users
[2026-03-28T15:41:15.074Z] GET /api/guests
[2026-03-28T15:41:15.075Z] GET /api/rsvps
[2026-03-28T15:41:20.058Z] GET /api/users
[2026-03-28T15:41:20.060Z] GET /api/guests
[2026-03-28T15:41:20.061Z] GET /api/rsvps
[2026-03-28T15:41:20.939Z] POST /api/guests
[2026-03-28T15:41:20.962Z] GET /api/guests
[2026-03-28T15:41:20.963Z] GET /api/users
[2026-03-28T15:41:20.964Z] GET /api/rsvps
[2026-03-28T15:41:25.057Z] GET /api/rsvps
[2026-03-28T15:41:25.058Z] GET /api/guests
[2026-03-28T15:41:25.060Z] GET /api/users
[2026-03-28T15:41:29.905Z] POST /api/login
[2026-03-28T15:41:30.107Z] GET /api/users
[2026-03-28T15:41:30.112Z] GET /api/guests
[2026-03-28T15:41:30.113Z] GET /api/rsvps
[2026-03-28T15:41:35.057Z] GET /api/users
[2026-03-28T15:41:35.058Z] GET /api/guests
[2026-03-28T15:41:35.060Z] GET /api/rsvps
[2026-03-28T15:41:40.058Z] GET /api/users
[2026-03-28T15:41:40.060Z] GET /api/guests
[2026-03-28T15:41:40.061Z] GET /api/rsvps
[2026-03-28T15:41:45.060Z] GET /api/users
[2026-03-28T15:41:45.062Z] GET /api/guests
[2026-03-28T15:41:45.062Z] GET /api/rsvps
[2026-03-28T15:41:50.056Z] GET /api/users
[2026-03-28T15:41:50.057Z] GET /api/guests
[2026-03-28T15:41:50.058Z] GET /api/rsvps
[2026-03-28T15:41:50.873Z] POST /api/rsvp
[2026-03-28T15:41:55.055Z] GET /api/users
[2026-03-28T15:41:55.056Z] GET /api/guests
[2026-03-28T15:41:55.058Z] GET /api/rsvps
[2026-03-28T15:41:55.752Z] POST /api/login
[2026-03-28T15:42:00.059Z] GET /api/users
[2026-03-28T15:42:00.060Z] GET /api/guests
[2026-03-28T15:42:00.062Z] GET /api/rsvps
[2026-03-28T15:42:05.057Z] GET /api/users
[2026-03-28T15:42:05.058Z] GET /api/guests
[2026-03-28T15:42:05.060Z] GET /api/rsvps
[2026-03-28T15:42:10.094Z] GET /api/users
[2026-03-28T15:42:10.097Z] GET /api/guests
[2026-03-28T15:42:10.098Z] GET /api/rsvps
[2026-03-28T15:42:15.059Z] GET /api/users
[2026-03-28T15:42:15.060Z] GET /api/guests
[2026-03-28T15:42:15.061Z] GET /api/rsvps
[2026-03-28T15:42:20.058Z] GET /api/users
[2026-03-28T15:42:20.059Z] GET /api/guests
[2026-03-28T15:42:20.061Z] GET /api/rsvps
[2026-03-28T15:42:25.058Z] GET /api/users
[2026-03-28T15:42:25.059Z] GET /api/guests
[2026-03-28T15:42:25.060Z] GET /api/rsvps
[2026-03-28T15:42:30.074Z] GET /api/users
[2026-03-28T15:42:30.080Z] GET /api/guests
[2026-03-28T15:42:30.080Z] GET /api/rsvps
[2026-03-28T15:42:35.057Z] GET /api/users
[2026-03-28T15:42:35.058Z] GET /api/guests
[2026-03-28T15:42:35.060Z] GET /api/rsvps
[2026-03-28T15:42:40.070Z] GET /api/users
[2026-03-28T15:42:40.074Z] GET /api/guests
[2026-03-28T15:42:40.079Z] GET /api/rsvps
[2026-03-28T15:42:45.053Z] GET /api/users
[2026-03-28T15:42:45.053Z] GET /api/guests
[2026-03-28T15:42:45.054Z] GET /api/rsvps
[2026-03-28T15:42:50.064Z] GET /api/users
[2026-03-28T15:42:50.068Z] GET /api/guests
[2026-03-28T15:42:50.069Z] GET /api/rsvps
[2026-03-28T15:42:55.065Z] GET /api/users
[2026-03-28T15:42:55.068Z] GET /api/guests
[2026-03-28T15:42:55.068Z] GET /api/rsvps
[2026-03-28T15:43:00.067Z] GET /api/users
[2026-03-28T15:43:00.069Z] GET /api/guests
[2026-03-28T15:43:00.069Z] GET /api/rsvps
[2026-03-28T15:43:05.070Z] GET /api/users
[2026-03-28T15:43:05.073Z] GET /api/guests
[2026-03-28T15:43:05.075Z] GET /api/rsvps
[2026-03-28T15:43:10.064Z] GET /api/users
[2026-03-28T15:43:10.065Z] GET /api/rsvps
[2026-03-28T15:43:10.066Z] GET /api/guests
[2026-03-28T15:43:15.068Z] GET /api/users
[2026-03-28T15:43:15.070Z] GET /api/guests
[2026-03-28T15:43:15.070Z] GET /api/rsvps
[2026-03-28T15:43:20.054Z] GET /api/users
[2026-03-28T15:43:20.056Z] GET /api/guests
[2026-03-28T15:43:20.056Z] GET /api/rsvps
[2026-03-28T15:43:25.068Z] GET /api/rsvps
[2026-03-28T15:43:25.070Z] GET /api/users
[2026-03-28T15:43:25.070Z] GET /api/guests
[2026-03-28T15:43:30.068Z] GET /api/users
[2026-03-28T15:43:30.072Z] GET /api/guests
[2026-03-28T15:43:30.075Z] GET /api/rsvps
[2026-03-28T15:43:33.738Z] POST /api/guests
[2026-03-28T15:43:33.778Z] GET /api/guests
[2026-03-28T15:43:33.781Z] GET /api/users
[2026-03-28T15:43:33.782Z] GET /api/rsvps
[2026-03-28T15:43:35.269Z] GET /api/users
[2026-03-28T15:43:35.393Z] GET /api/guests
[2026-03-28T15:43:35.432Z] GET /api/rsvps
[2026-03-28T15:43:40.055Z] GET /api/users
[2026-03-28T15:43:40.056Z] GET /api/rsvps
[2026-03-28T15:43:40.056Z] GET /api/guests
[2026-03-28T15:43:40.503Z] POST /api/users
[2026-03-28T15:43:40.512Z] GET /api/users
[2026-03-28T15:43:40.512Z] GET /api/guests
[2026-03-28T15:43:40.513Z] GET /api/rsvps
[2026-03-28T15:43:45.059Z] GET /api/users
[2026-03-28T15:43:45.061Z] GET /api/guests
[2026-03-28T15:43:45.062Z] GET /api/rsvps
[2026-03-28T15:43:47.028Z] POST /api/login
[2026-03-28T15:43:50.092Z] GET /api/users
[2026-03-28T15:43:50.121Z] GET /api/guests
[2026-03-28T15:43:50.123Z] GET /api/rsvps
[2026-03-28T15:43:55.088Z] GET /api/users
[2026-03-28T15:43:55.094Z] GET /api/rsvps
[2026-03-28T15:43:55.095Z] GET /api/guests
[2026-03-28T15:44:00.084Z] GET /api/users
[2026-03-28T15:44:00.090Z] GET /api/guests
[2026-03-28T15:44:00.091Z] GET /api/rsvps
[2026-03-28T15:44:04.227Z] POST /api/rsvp
[2026-03-28T15:44:05.064Z] GET /api/users
[2026-03-28T15:44:05.067Z] GET /api/guests
[2026-03-28T15:44:05.069Z] GET /api/rsvps
[2026-03-28T15:44:10.073Z] GET /api/users
[2026-03-28T15:44:10.076Z] GET /api/guests
[2026-03-28T15:44:10.076Z] GET /api/rsvps
[2026-03-28T15:44:15.056Z] GET /api/users
[2026-03-28T15:44:15.057Z] GET /api/guests
[2026-03-28T15:44:15.059Z] GET /api/rsvps
[2026-03-28T15:44:19.139Z] POST /api/login
[2026-03-28T15:44:20.062Z] GET /api/users
[2026-03-28T15:44:20.064Z] GET /api/guests
[2026-03-28T15:44:20.065Z] GET /api/rsvps
[2026-03-28T15:44:23.806Z] POST /api/users
[2026-03-28T15:44:23.815Z] GET /api/users
[2026-03-28T15:44:23.816Z] GET /api/guests
[2026-03-28T15:44:23.818Z] GET /api/rsvps
[2026-03-28T15:44:25.057Z] GET /api/users
[2026-03-28T15:44:25.058Z] GET /api/guests
[2026-03-28T15:44:25.059Z] GET /api/rsvps
[2026-03-28T15:44:30.056Z] GET /api/users
[2026-03-28T15:44:30.058Z] GET /api/guests
[2026-03-28T15:44:30.060Z] GET /api/rsvps
[2026-03-28T15:44:30.337Z] POST /api/login
[2026-03-28T15:44:35.055Z] GET /api/users
[2026-03-28T15:44:35.057Z] GET /api/guests
[2026-03-28T15:44:35.058Z] GET /api/rsvps
[2026-03-28T15:44:40.055Z] GET /api/users
[2026-03-28T15:44:40.056Z] GET /api/guests
[2026-03-28T15:44:40.059Z] GET /api/rsvps
[2026-03-28T15:44:45.058Z] GET /api/users
[2026-03-28T15:44:45.059Z] GET /api/guests
[2026-03-28T15:44:45.060Z] GET /api/rsvps
[2026-03-28T15:44:47.336Z] POST /api/rsvp
[2026-03-28T15:44:50.056Z] GET /api/users
[2026-03-28T15:44:50.057Z] GET /api/guests
[2026-03-28T15:44:50.058Z] GET /api/rsvps
[2026-03-28T15:44:55.057Z] GET /api/users
[2026-03-28T15:44:55.058Z] GET /api/guests
[2026-03-28T15:44:55.059Z] GET /api/rsvps
[2026-03-28T15:45:00.057Z] GET /api/users
[2026-03-28T15:45:00.058Z] GET /api/guests
[2026-03-28T15:45:00.060Z] GET /api/rsvps
[2026-03-28T15:45:05.057Z] GET /api/users
[2026-03-28T15:45:05.058Z] GET /api/guests
[2026-03-28T15:45:05.059Z] GET /api/rsvps
[2026-03-28T15:45:10.058Z] GET /api/users
[2026-03-28T15:45:10.059Z] GET /api/guests
[2026-03-28T15:45:10.061Z] GET /api/rsvps
[2026-03-28T15:45:15.056Z] GET /api/users
[2026-03-28T15:45:15.057Z] GET /api/guests
[2026-03-28T15:45:15.057Z] GET /api/rsvps
[2026-03-28T15:45:20.056Z] GET /api/users
[2026-03-28T15:45:20.056Z] GET /api/guests
[2026-03-28T15:45:20.057Z] GET /api/rsvps
[2026-03-28T15:45:25.057Z] GET /api/users
[2026-03-28T15:45:25.059Z] GET /api/guests
[2026-03-28T15:45:25.060Z] GET /api/rsvps
[2026-03-28T15:45:30.058Z] GET /api/users
[2026-03-28T15:45:30.059Z] GET /api/guests
[2026-03-28T15:45:30.060Z] GET /api/rsvps
[2026-03-28T15:45:35.060Z] GET /api/users
[2026-03-28T15:45:35.061Z] GET /api/guests
[2026-03-28T15:45:35.063Z] GET /api/rsvps
[2026-03-28T15:45:40.062Z] GET /api/guests
[2026-03-28T15:45:40.065Z] GET /api/rsvps
[2026-03-28T15:45:40.070Z] GET /api/users
[2026-03-28T15:45:45.058Z] GET /api/users
[2026-03-28T15:45:45.059Z] GET /api/guests
[2026-03-28T15:45:45.062Z] GET /api/rsvps
[2026-03-28T15:45:50.054Z] GET /api/guests
[2026-03-28T15:45:50.054Z] GET /api/users
[2026-03-28T15:45:50.055Z] GET /api/rsvps
[2026-03-28T15:45:55.058Z] GET /api/users
[2026-03-28T15:45:55.059Z] GET /api/guests
[2026-03-28T15:45:55.061Z] GET /api/rsvps
[2026-03-28T15:46:00.056Z] GET /api/users
[2026-03-28T15:46:00.057Z] GET /api/guests
[2026-03-28T15:46:00.059Z] GET /api/rsvps
[2026-03-28T15:46:05.056Z] GET /api/users
[2026-03-28T15:46:05.057Z] GET /api/guests
[2026-03-28T15:46:05.058Z] GET /api/rsvps
[2026-03-28T15:46:10.056Z] GET /api/guests
[2026-03-28T15:46:10.057Z] GET /api/users
[2026-03-28T15:46:10.057Z] GET /api/rsvps
[2026-03-28T15:46:15.058Z] GET /api/users
[2026-03-28T15:46:15.059Z] GET /api/guests
[2026-03-28T15:46:15.061Z] GET /api/rsvps
[2026-03-28T15:46:20.055Z] GET /api/users
[2026-03-28T15:46:20.057Z] GET /api/guests
[2026-03-28T15:46:20.059Z] GET /api/rsvps
[2026-03-28T15:46:25.056Z] GET /api/users
[2026-03-28T15:46:25.057Z] GET /api/guests
[2026-03-28T15:46:25.057Z] GET /api/rsvps
[2026-03-28T15:46:30.056Z] GET /api/users
[2026-03-28T15:46:30.057Z] GET /api/guests
[2026-03-28T15:46:30.058Z] GET /api/rsvps
[2026-03-28T15:46:35.057Z] GET /api/users
[2026-03-28T15:46:35.058Z] GET /api/guests
[2026-03-28T15:46:35.060Z] GET /api/rsvps
[2026-03-28T15:46:40.057Z] GET /api/users
[2026-03-28T15:46:40.059Z] GET /api/guests
[2026-03-28T15:46:40.060Z] GET /api/rsvps
[2026-03-28T15:46:45.055Z] GET /api/users
[2026-03-28T15:46:45.056Z] GET /api/guests
[2026-03-28T15:46:45.058Z] GET /api/rsvps
[2026-03-28T15:46:50.059Z] GET /api/users
[2026-03-28T15:46:50.060Z] GET /api/guests
[2026-03-28T15:46:50.061Z] GET /api/rsvps
[2026-03-28T15:46:55.056Z] GET /api/users
[2026-03-28T15:46:55.057Z] GET /api/guests
[2026-03-28T15:46:55.059Z] GET /api/rsvps
[2026-03-28T15:47:00.058Z] GET /api/users
[2026-03-28T15:47:00.059Z] GET /api/guests
[2026-03-28T15:47:00.061Z] GET /api/rsvps
[2026-03-28T15:47:05.069Z] GET /api/users
[2026-03-28T15:47:05.072Z] GET /api/guests
[2026-03-28T15:47:05.075Z] GET /api/rsvps
[2026-03-28T15:47:10.058Z] GET /api/users
[2026-03-28T15:47:10.059Z] GET /api/guests
[2026-03-28T15:47:10.060Z] GET /api/rsvps
[2026-03-28T15:47:15.058Z] GET /api/users
[2026-03-28T15:47:15.059Z] GET /api/guests
[2026-03-28T15:47:15.061Z] GET /api/rsvps
[2026-03-28T15:47:20.071Z] GET /api/users
[2026-03-28T15:47:20.075Z] GET /api/guests
[2026-03-28T15:47:20.078Z] GET /api/rsvps
[2026-03-28T15:47:25.061Z] GET /api/users
[2026-03-28T15:47:25.062Z] GET /api/guests
[2026-03-28T15:47:25.063Z] GET /api/rsvps
[2026-03-28T15:47:30.069Z] GET /api/users
[2026-03-28T15:47:30.072Z] GET /api/guests
[2026-03-28T15:47:30.073Z] GET /api/rsvps
[2026-03-28T15:47:35.057Z] GET /api/users
[2026-03-28T15:47:35.058Z] GET /api/guests
[2026-03-28T15:47:35.060Z] GET /api/rsvps
[2026-03-28T15:47:40.069Z] GET /api/users
[2026-03-28T15:47:40.072Z] GET /api/guests
[2026-03-28T15:47:40.076Z] GET /api/rsvps
[2026-03-28T15:47:45.075Z] GET /api/users
[2026-03-28T15:47:45.078Z] GET /api/guests
[2026-03-28T15:47:45.079Z] GET /api/rsvps
[2026-03-28T15:47:50.058Z] GET /api/users
[2026-03-28T15:47:50.059Z] GET /api/guests
[2026-03-28T15:47:50.059Z] GET /api/rsvps
[2026-03-28T15:47:55.067Z] GET /api/users
[2026-03-28T15:47:55.070Z] GET /api/guests
[2026-03-28T15:47:55.076Z] GET /api/rsvps
[2026-03-28T15:48:00.058Z] GET /api/users
[2026-03-28T15:48:00.058Z] GET /api/guests
[2026-03-28T15:48:00.060Z] GET /api/rsvps
[2026-03-28T15:48:05.057Z] GET /api/users
[2026-03-28T15:48:05.059Z] GET /api/guests
[2026-03-28T15:48:05.060Z] GET /api/rsvps
[2026-03-28T15:48:10.056Z] GET /api/users
[2026-03-28T15:48:10.058Z] GET /api/guests
[2026-03-28T15:48:10.060Z] GET /api/rsvps
[2026-03-28T15:48:15.058Z] GET /api/users
[2026-03-28T15:48:15.059Z] GET /api/guests
[2026-03-28T15:48:15.060Z] GET /api/rsvps
[2026-03-28T15:48:20.056Z] GET /api/users
[2026-03-28T15:48:20.058Z] GET /api/guests
[2026-03-28T15:48:20.059Z] GET /api/rsvps
[2026-03-28T15:48:25.060Z] GET /api/users
[2026-03-28T15:48:25.061Z] GET /api/guests
[2026-03-28T15:48:25.063Z] GET /api/rsvps
[2026-03-28T15:48:30.057Z] GET /api/users
[2026-03-28T15:48:30.058Z] GET /api/guests
[2026-03-28T15:48:30.060Z] GET /api/rsvps
[2026-03-28T15:48:35.056Z] GET /api/users
[2026-03-28T15:48:35.057Z] GET /api/guests
[2026-03-28T15:48:35.059Z] GET /api/rsvps
[2026-03-28T15:48:40.057Z] GET /api/users
[2026-03-28T15:48:40.058Z] GET /api/guests
[2026-03-28T15:48:40.059Z] GET /api/rsvps
[2026-03-28T15:48:45.058Z] GET /api/users
[2026-03-28T15:48:45.059Z] GET /api/guests
[2026-03-28T15:48:45.060Z] GET /api/rsvps
[2026-03-28T15:48:50.057Z] GET /api/users
[2026-03-28T15:48:50.058Z] GET /api/guests
[2026-03-28T15:48:50.060Z] GET /api/rsvps
[2026-03-28T15:48:55.058Z] GET /api/users
[2026-03-28T15:48:55.058Z] GET /api/guests
[2026-03-28T15:48:55.060Z] GET /api/rsvps
[2026-03-28T15:49:00.058Z] GET /api/users
[2026-03-28T15:49:00.059Z] GET /api/guests
[2026-03-28T15:49:00.060Z] GET /api/rsvps
[2026-03-28T15:49:05.057Z] GET /api/users
[2026-03-28T15:49:05.059Z] GET /api/guests
[2026-03-28T15:49:05.060Z] GET /api/rsvps
[2026-03-28T15:49:10.059Z] GET /api/users
[2026-03-28T15:49:10.059Z] GET /api/rsvps
[2026-03-28T15:49:10.061Z] GET /api/guests
[2026-03-28T15:49:15.059Z] GET /api/users
[2026-03-28T15:49:15.060Z] GET /api/guests
[2026-03-28T15:49:15.062Z] GET /api/rsvps
[2026-03-28T15:49:20.056Z] GET /api/users
[2026-03-28T15:49:20.057Z] GET /api/guests
[2026-03-28T15:49:20.059Z] GET /api/rsvps
[2026-03-28T15:49:25.058Z] GET /api/users
[2026-03-28T15:49:25.059Z] GET /api/guests
[2026-03-28T15:49:25.061Z] GET /api/rsvps
[2026-03-28T15:49:30.058Z] GET /api/users
[2026-03-28T15:49:30.060Z] GET /api/guests
[2026-03-28T15:49:30.061Z] GET /api/rsvps
[2026-03-28T15:49:35.057Z] GET /api/users
[2026-03-28T15:49:35.058Z] GET /api/guests
[2026-03-28T15:49:35.060Z] GET /api/rsvps
[2026-03-28T15:49:40.058Z] GET /api/users
[2026-03-28T15:49:40.059Z] GET /api/guests
[2026-03-28T15:49:40.061Z] GET /api/rsvps
[2026-03-28T15:49:45.072Z] GET /api/guests
[2026-03-28T15:49:45.080Z] GET /api/users
[2026-03-28T15:49:45.094Z] GET /api/rsvps
[2026-03-28T15:49:50.152Z] GET /api/users
[2026-03-28T15:49:50.162Z] GET /api/guests
[2026-03-28T15:49:50.163Z] GET /api/rsvps
[2026-03-28T15:49:55.067Z] GET /api/users
[2026-03-28T15:49:55.070Z] GET /api/guests
[2026-03-28T15:49:55.073Z] GET /api/rsvps
[2026-03-28T15:50:00.059Z] GET /api/users
[2026-03-28T15:50:00.060Z] GET /api/guests
[2026-03-28T15:50:00.062Z] GET /api/rsvps
[2026-03-28T15:50:05.058Z] GET /api/users
[2026-03-28T15:50:05.059Z] GET /api/guests
[2026-03-28T15:50:05.060Z] GET /api/rsvps
[2026-03-28T15:50:10.065Z] GET /api/users
[2026-03-28T15:50:10.066Z] GET /api/guests
[2026-03-28T15:50:10.067Z] GET /api/rsvps
[2026-03-28T15:50:12.129Z] POST /api/login
[2026-03-28T15:50:15.058Z] GET /api/users
[2026-03-28T15:50:15.059Z] GET /api/guests
[2026-03-28T15:50:15.060Z] GET /api/rsvps
[2026-03-28T15:50:20.058Z] GET /api/users
[2026-03-28T15:50:20.059Z] GET /api/guests
[2026-03-28T15:50:20.061Z] GET /api/rsvps
[2026-03-28T15:50:25.058Z] GET /api/users
[2026-03-28T15:50:25.059Z] GET /api/guests
[2026-03-28T15:50:25.060Z] GET /api/rsvps
[2026-03-28T15:50:30.082Z] GET /api/users
[2026-03-28T15:50:30.085Z] GET /api/rsvps
[2026-03-28T15:50:30.087Z] GET /api/guests
[2026-03-28T15:50:34.088Z] DELETE /api/rsvp/rsvp_1774711898657
[2026-03-28T15:50:34.095Z] GET /api/users
[2026-03-28T15:50:34.096Z] GET /api/guests
[2026-03-28T15:50:34.100Z] GET /api/rsvps
[2026-03-28T15:50:34.584Z] DELETE /api/rsvp/rsvp_1774711898657
[2026-03-28T15:50:34.590Z] GET /api/users
[2026-03-28T15:50:34.591Z] GET /api/guests
[2026-03-28T15:50:34.592Z] GET /api/rsvps
[2026-03-28T15:50:35.001Z] DELETE /api/guests/69c7f402a1406870de265824
[2026-03-28T15:50:35.013Z] GET /api/users
[2026-03-28T15:50:35.014Z] GET /api/guests
[2026-03-28T15:50:35.015Z] GET /api/rsvps
[2026-03-28T15:50:35.056Z] GET /api/users
[2026-03-28T15:50:35.057Z] GET /api/guests
[2026-03-28T15:50:35.058Z] GET /api/rsvps
[2026-03-28T15:50:35.353Z] DELETE /api/rsvp/rsvp_1774712644310
[2026-03-28T15:50:35.357Z] GET /api/users
[2026-03-28T15:50:35.357Z] GET /api/guests
[2026-03-28T15:50:35.359Z] GET /api/rsvps
[2026-03-28T15:50:35.667Z] DELETE /api/rsvp/rsvp_1774712644310
[2026-03-28T15:50:35.673Z] GET /api/users
[2026-03-28T15:50:35.673Z] GET /api/guests
[2026-03-28T15:50:35.674Z] GET /api/rsvps
[2026-03-28T15:50:36.001Z] DELETE /api/guests/69c7f6a0a1406870de265a44
[2026-03-28T15:50:36.010Z] GET /api/users
[2026-03-28T15:50:36.010Z] GET /api/guests
[2026-03-28T15:50:36.011Z] GET /api/rsvps
[2026-03-28T15:50:36.317Z] DELETE /api/rsvp/rsvp_1774712687338
[2026-03-28T15:50:36.324Z] GET /api/users
[2026-03-28T15:50:36.324Z] GET /api/guests
[2026-03-28T15:50:36.325Z] GET /api/rsvps
[2026-03-28T15:50:36.650Z] DELETE /api/guests/69c7f725a1406870de265aba
[2026-03-28T15:50:36.660Z] GET /api/users
[2026-03-28T15:50:36.660Z] GET /api/guests
[2026-03-28T15:50:36.662Z] GET /api/rsvps
[2026-03-28T15:50:36.983Z] DELETE /api/rsvp/rsvp_1774696011787
[2026-03-28T15:50:36.996Z] GET /api/users
[2026-03-28T15:50:36.997Z] GET /api/guests
[2026-03-28T15:50:36.998Z] GET /api/rsvps
[2026-03-28T15:50:37.301Z] DELETE /api/guests/69c7b667a1406870de263a50
[2026-03-28T15:50:37.310Z] GET /api/users
[2026-03-28T15:50:37.311Z] GET /api/guests
[2026-03-28T15:50:37.311Z] GET /api/rsvps
[2026-03-28T15:50:37.634Z] DELETE /api/guests/69c7b0a3a1406870de26395d
[2026-03-28T15:50:37.644Z] GET /api/guests
[2026-03-28T15:50:37.644Z] GET /api/users
[2026-03-28T15:50:37.645Z] GET /api/rsvps
[2026-03-28T15:50:37.984Z] DELETE /api/rsvp/rsvp_1774712510881
[2026-03-28T15:50:37.989Z] GET /api/users
[2026-03-28T15:50:37.990Z] GET /api/guests
[2026-03-28T15:50:37.991Z] GET /api/rsvps
[2026-03-28T15:50:38.334Z] DELETE /api/guests/69c7e01aa1406870de2643d4
[2026-03-28T15:50:38.344Z] GET /api/users
[2026-03-28T15:50:38.344Z] GET /api/guests
[2026-03-28T15:50:38.345Z] GET /api/rsvps
[2026-03-28T15:50:38.667Z] DELETE /api/rsvp/rsvp_1774706544676
[2026-03-28T15:50:38.672Z] GET /api/users
[2026-03-28T15:50:38.674Z] GET /api/guests
[2026-03-28T15:50:38.675Z] GET /api/rsvps
[2026-03-28T15:50:40.056Z] GET /api/users
[2026-03-28T15:50:40.057Z] GET /api/guests
[2026-03-28T15:50:40.058Z] GET /api/rsvps
[2026-03-28T15:50:41.202Z] DELETE /api/rsvp/rsvp_1774705565078
[2026-03-28T15:50:41.206Z] GET /api/users
[2026-03-28T15:50:41.206Z] GET /api/guests
[2026-03-28T15:50:41.206Z] GET /api/rsvps
[2026-03-28T15:50:43.018Z] DELETE /api/users/user_1774703026678_gv7y
[2026-03-28T15:50:43.030Z] GET /api/users
[2026-03-28T15:50:43.031Z] GET /api/guests
[2026-03-28T15:50:43.032Z] GET /api/rsvps
[2026-03-28T15:50:44.101Z] DELETE /api/guests/69c7d1b0a1406870de263f44
[2026-03-28T15:50:44.111Z] GET /api/users
[2026-03-28T15:50:44.112Z] GET /api/guests
[2026-03-28T15:50:44.112Z] GET /api/rsvps
[2026-03-28T15:50:44.634Z] DELETE /api/rsvp/rsvp_1774702274561
[2026-03-28T15:50:44.640Z] GET /api/users
[2026-03-28T15:50:44.641Z] GET /api/guests
[2026-03-28T15:50:44.642Z] GET /api/rsvps
[2026-03-28T15:50:45.056Z] GET /api/users
[2026-03-28T15:50:45.056Z] GET /api/guests
[2026-03-28T15:50:45.058Z] GET /api/rsvps
[2026-03-28T15:50:45.100Z] DELETE /api/guests/69c7cdb1a1406870de263d6b
[2026-03-28T15:50:45.110Z] GET /api/users
[2026-03-28T15:50:45.110Z] GET /api/guests
[2026-03-28T15:50:45.110Z] GET /api/rsvps
[2026-03-28T15:50:45.500Z] DELETE /api/rsvp/rsvp_1774708429966
[2026-03-28T15:50:45.505Z] GET /api/users
[2026-03-28T15:50:45.505Z] GET /api/guests
[2026-03-28T15:50:45.506Z] GET /api/rsvps
[2026-03-28T15:50:45.884Z] DELETE /api/guests/69c7e6aba1406870de2647fa
[2026-03-28T15:50:45.893Z] GET /api/users
[2026-03-28T15:50:45.893Z] GET /api/guests
[2026-03-28T15:50:45.894Z] GET /api/rsvps
[2026-03-28T15:50:46.267Z] DELETE /api/rsvp/rsvp_1774708246815
[2026-03-28T15:50:46.271Z] GET /api/users
[2026-03-28T15:50:46.272Z] GET /api/guests
[2026-03-28T15:50:46.273Z] GET /api/rsvps
[2026-03-28T15:50:46.734Z] DELETE /api/rsvp/rsvp_1774708246815
[2026-03-28T15:50:46.739Z] GET /api/users
[2026-03-28T15:50:46.739Z] GET /api/guests
[2026-03-28T15:50:46.741Z] GET /api/rsvps
[2026-03-28T15:50:47.118Z] DELETE /api/guests/69c7e310a1406870de2644a7
[2026-03-28T15:50:47.126Z] GET /api/users
[2026-03-28T15:50:47.127Z] GET /api/guests
[2026-03-28T15:50:47.127Z] GET /api/rsvps
[2026-03-28T15:50:47.501Z] DELETE /api/rsvp/rsvp_1774707361861
[2026-03-28T15:50:47.504Z] GET /api/users
[2026-03-28T15:50:47.505Z] GET /api/guests
[2026-03-28T15:50:47.506Z] GET /api/rsvps
[2026-03-28T15:50:47.901Z] DELETE /api/rsvp/rsvp_1774705733244
[2026-03-28T15:50:47.904Z] GET /api/users
[2026-03-28T15:50:47.905Z] GET /api/guests
[2026-03-28T15:50:47.906Z] GET /api/rsvps
[2026-03-28T15:50:48.317Z] DELETE /api/users/user_1774705585859_frwy
[2026-03-28T15:50:48.326Z] GET /api/users
[2026-03-28T15:50:48.327Z] GET /api/guests
[2026-03-28T15:50:48.327Z] GET /api/rsvps
[2026-03-28T15:50:48.718Z] DELETE /api/guests/69c7dbada1406870de264073
[2026-03-28T15:50:48.726Z] GET /api/users
[2026-03-28T15:50:48.727Z] GET /api/guests
[2026-03-28T15:50:48.727Z] GET /api/rsvps
[2026-03-28T15:50:49.101Z] DELETE /api/rsvp/rsvp_1774711552330
[2026-03-28T15:50:49.104Z] GET /api/users
[2026-03-28T15:50:49.104Z] GET /api/guests
[2026-03-28T15:50:49.106Z] GET /api/rsvps
[2026-03-28T15:50:49.500Z] DELETE /api/users/user_1774711371571_3joq
[2026-03-28T15:50:49.510Z] GET /api/users
[2026-03-28T15:50:49.510Z] GET /api/guests
[2026-03-28T15:50:49.511Z] GET /api/rsvps
[2026-03-28T15:50:49.884Z] DELETE /api/guests/69c7f244a1406870de2656af
[2026-03-28T15:50:49.893Z] GET /api/users
[2026-03-28T15:50:49.894Z] GET /api/guests
[2026-03-28T15:50:49.894Z] GET /api/rsvps
[2026-03-28T15:50:50.055Z] GET /api/users
[2026-03-28T15:50:50.056Z] GET /api/guests
[2026-03-28T15:50:50.057Z] GET /api/rsvps
[2026-03-28T15:50:51.351Z] DELETE /api/rsvp/rsvp_1774701976196
[2026-03-28T15:50:51.355Z] GET /api/users
[2026-03-28T15:50:51.356Z] GET /api/guests
[2026-03-28T15:50:51.358Z] GET /api/rsvps
[2026-03-28T15:50:51.734Z] DELETE /api/rsvp/rsvp_1774701976196
[2026-03-28T15:50:51.737Z] GET /api/users
[2026-03-28T15:50:51.737Z] GET /api/guests
[2026-03-28T15:50:51.738Z] GET /api/rsvps
[2026-03-28T15:50:52.967Z] DELETE /api/guests/69c7b671a1406870de263a5e
[2026-03-28T15:50:52.977Z] GET /api/guests
[2026-03-28T15:50:52.978Z] GET /api/users
[2026-03-28T15:50:52.978Z] GET /api/rsvps
[2026-03-28T15:50:53.417Z] DELETE /api/guests/69c7e012a1406870de2643ca
[2026-03-28T15:50:53.427Z] GET /api/users
[2026-03-28T15:50:53.427Z] GET /api/guests
[2026-03-28T15:50:53.428Z] GET /api/rsvps
[2026-03-28T15:50:55.063Z] GET /api/users
[2026-03-28T15:50:55.064Z] GET /api/guests
[2026-03-28T15:50:55.065Z] GET /api/rsvps
[2026-03-28T15:50:56.351Z] DELETE /api/rsvp/rsvp_1774712198111
[2026-03-28T15:50:56.354Z] GET /api/users
[2026-03-28T15:50:56.355Z] GET /api/guests
[2026-03-28T15:50:56.355Z] GET /api/rsvps
[2026-03-28T15:50:58.067Z] DELETE /api/rsvp/rsvp_1774712198111
[2026-03-28T15:50:58.071Z] GET /api/users
[2026-03-28T15:50:58.072Z] GET /api/guests
[2026-03-28T15:50:58.072Z] GET /api/rsvps
[2026-03-28T15:50:59.367Z] DELETE /api/guests/69c7f55ea1406870de26592b
[2026-03-28T15:50:59.376Z] GET /api/users
[2026-03-28T15:50:59.377Z] GET /api/guests
[2026-03-28T15:50:59.378Z] GET /api/rsvps
[2026-03-28T15:51:00.055Z] GET /api/users
[2026-03-28T15:51:00.056Z] GET /api/guests
[2026-03-28T15:51:00.057Z] GET /api/rsvps
[2026-03-28T15:51:05.056Z] GET /api/users
[2026-03-28T15:51:05.057Z] GET /api/guests
[2026-03-28T15:51:05.058Z] GET /api/rsvps
[2026-03-28T15:51:05.100Z] POST /api/guests
[2026-03-28T15:51:05.110Z] GET /api/guests
[2026-03-28T15:51:05.110Z] GET /api/users
[2026-03-28T15:51:05.110Z] GET /api/rsvps
[2026-03-28T15:51:06.668Z] POST /api/users
[2026-03-28T15:51:06.677Z] GET /api/users
[2026-03-28T15:51:06.677Z] GET /api/rsvps
[2026-03-28T15:51:06.678Z] GET /api/guests
[2026-03-28T15:51:10.056Z] GET /api/users
[2026-03-28T15:51:10.056Z] GET /api/guests
[2026-03-28T15:51:10.057Z] GET /api/rsvps
[2026-03-28T15:51:15.061Z] GET /api/users
[2026-03-28T15:51:15.062Z] GET /api/guests
[2026-03-28T15:51:15.064Z] GET /api/rsvps
[2026-03-28T15:51:15.920Z] POST /api/login
[2026-03-28T15:51:20.063Z] GET /api/guests
[2026-03-28T15:51:20.064Z] GET /api/rsvps
[2026-03-28T15:51:20.065Z] GET /api/users
[2026-03-28T15:51:21.653Z] POST /api/login
[2026-03-28T15:51:25.059Z] GET /api/users
[2026-03-28T15:51:25.061Z] GET /api/guests
[2026-03-28T15:51:25.062Z] GET /api/rsvps
[2026-03-28T15:51:30.057Z] GET /api/users
[2026-03-28T15:51:30.058Z] GET /api/guests
[2026-03-28T15:51:30.059Z] GET /api/rsvps
[2026-03-28T15:51:35.057Z] GET /api/users
[2026-03-28T15:51:35.059Z] GET /api/guests
[2026-03-28T15:51:35.061Z] GET /api/rsvps
[2026-03-28T15:51:40.060Z] GET /api/users
[2026-03-28T15:51:40.061Z] GET /api/guests
[2026-03-28T15:51:40.062Z] GET /api/rsvps
[2026-03-28T15:51:45.057Z] GET /api/users
[2026-03-28T15:51:45.058Z] GET /api/guests
[2026-03-28T15:51:45.059Z] GET /api/rsvps
[2026-03-28T15:51:50.056Z] GET /api/users
[2026-03-28T15:51:50.057Z] GET /api/guests
[2026-03-28T15:51:50.059Z] GET /api/rsvps
[2026-03-28T15:51:55.056Z] GET /api/users
[2026-03-28T15:51:55.057Z] GET /api/guests
[2026-03-28T15:51:55.058Z] GET /api/rsvps
[2026-03-28T15:52:00.057Z] GET /api/users
[2026-03-28T15:52:00.058Z] GET /api/guests
[2026-03-28T15:52:00.059Z] GET /api/rsvps
[2026-03-28T15:52:05.056Z] GET /api/users
[2026-03-28T15:52:05.057Z] GET /api/guests
[2026-03-28T15:52:05.058Z] GET /api/rsvps
[2026-03-28T15:52:10.064Z] GET /api/users
[2026-03-28T15:52:10.068Z] GET /api/guests
[2026-03-28T15:52:10.070Z] GET /api/rsvps
[2026-03-28T15:52:12.271Z] POST /api/rsvp
[2026-03-28T15:52:15.058Z] GET /api/users
[2026-03-28T15:52:15.059Z] GET /api/guests
[2026-03-28T15:52:15.060Z] GET /api/rsvps
[2026-03-28T15:52:20.060Z] GET /api/users
[2026-03-28T15:52:20.061Z] GET /api/guests
[2026-03-28T15:52:20.061Z] GET /api/rsvps
[2026-03-28T15:52:25.055Z] GET /api/users
[2026-03-28T15:52:25.056Z] GET /api/guests
[2026-03-28T15:52:25.057Z] GET /api/rsvps
[2026-03-28T15:52:30.057Z] GET /api/users
[2026-03-28T15:52:30.059Z] GET /api/guests
[2026-03-28T15:52:30.060Z] GET /api/rsvps
[2026-03-28T15:52:35.058Z] GET /api/users
[2026-03-28T15:52:35.059Z] GET /api/guests
[2026-03-28T15:52:35.060Z] GET /api/rsvps
[2026-03-28T15:52:40.056Z] GET /api/users
[2026-03-28T15:52:40.057Z] GET /api/guests
[2026-03-28T15:52:40.058Z] GET /api/rsvps
[2026-03-28T15:52:45.056Z] GET /api/users
[2026-03-28T15:52:45.057Z] GET /api/guests
[2026-03-28T15:52:45.059Z] GET /api/rsvps
[2026-03-28T15:52:50.057Z] GET /api/users
[2026-03-28T15:52:50.058Z] GET /api/guests
[2026-03-28T15:52:50.059Z] GET /api/rsvps
[2026-03-28T15:52:53.384Z] POST /api/guests
[2026-03-28T15:52:53.393Z] GET /api/guests
[2026-03-28T15:52:53.394Z] GET /api/users
[2026-03-28T15:52:53.394Z] GET /api/rsvps
[2026-03-28T15:52:54.484Z] POST /api/users
[2026-03-28T15:52:54.493Z] GET /api/users
[2026-03-28T15:52:54.495Z] GET /api/guests
[2026-03-28T15:52:54.496Z] GET /api/rsvps
[2026-03-28T15:52:55.057Z] GET /api/users
[2026-03-28T15:52:55.058Z] GET /api/guests
[2026-03-28T15:52:55.059Z] GET /api/rsvps
[2026-03-28T15:53:00.056Z] GET /api/users
[2026-03-28T15:53:00.058Z] GET /api/guests
[2026-03-28T15:53:00.059Z] GET /api/rsvps
[2026-03-28T15:53:00.651Z] POST /api/login
[2026-03-28T15:53:05.058Z] GET /api/rsvps
[2026-03-28T15:53:05.059Z] GET /api/guests
[2026-03-28T15:53:05.060Z] GET /api/users
[2026-03-28T15:53:10.058Z] GET /api/users
[2026-03-28T15:53:10.059Z] GET /api/guests
[2026-03-28T15:53:10.060Z] GET /api/rsvps
[2026-03-28T15:53:15.057Z] GET /api/rsvps
[2026-03-28T15:53:15.057Z] GET /api/users
[2026-03-28T15:53:15.058Z] GET /api/guests
[2026-03-28T15:53:20.059Z] GET /api/users
[2026-03-28T15:53:20.059Z] GET /api/guests
[2026-03-28T15:53:20.061Z] GET /api/rsvps
[2026-03-28T15:53:24.469Z] POST /api/rsvp
[2026-03-28T15:53:25.058Z] GET /api/users
[2026-03-28T15:53:25.059Z] GET /api/guests
[2026-03-28T15:53:25.060Z] GET /api/rsvps
[2026-03-28T15:53:30.060Z] GET /api/users
[2026-03-28T15:53:30.061Z] GET /api/guests
[2026-03-28T15:53:30.063Z] GET /api/rsvps
[2026-03-28T15:53:35.058Z] GET /api/users
[2026-03-28T15:53:35.059Z] GET /api/guests
[2026-03-28T15:53:35.061Z] GET /api/rsvps
[2026-03-28T15:53:40.061Z] GET /api/users
[2026-03-28T15:53:40.063Z] GET /api/guests
[2026-03-28T15:53:40.065Z] GET /api/rsvps
[2026-03-28T15:53:45.061Z] GET /api/users
[2026-03-28T15:53:45.062Z] GET /api/guests
[2026-03-28T15:53:45.063Z] GET /api/rsvps
[2026-03-28T15:53:50.058Z] GET /api/users
[2026-03-28T15:53:50.059Z] GET /api/guests
[2026-03-28T15:53:50.060Z] GET /api/rsvps
[2026-03-28T15:53:55.056Z] GET /api/users
[2026-03-28T15:53:55.057Z] GET /api/guests
[2026-03-28T15:53:55.058Z] GET /api/rsvps
[2026-03-28T15:54:00.056Z] GET /api/users
[2026-03-28T15:54:00.057Z] GET /api/guests
[2026-03-28T15:54:00.058Z] GET /api/rsvps
[2026-03-28T15:54:05.055Z] GET /api/users
[2026-03-28T15:54:05.056Z] GET /api/guests
[2026-03-28T15:54:05.057Z] GET /api/rsvps
[2026-03-28T15:54:10.064Z] GET /api/users
[2026-03-28T15:54:10.067Z] GET /api/guests
[2026-03-28T15:54:10.069Z] GET /api/rsvps
[2026-03-28T15:54:15.055Z] GET /api/users
[2026-03-28T15:54:15.056Z] GET /api/guests
[2026-03-28T15:54:15.058Z] GET /api/rsvps
[2026-03-28T15:54:20.066Z] GET /api/guests
[2026-03-28T15:54:20.066Z] GET /api/rsvps
[2026-03-28T15:54:20.067Z] GET /api/users
[2026-03-28T15:54:25.058Z] GET /api/users
[2026-03-28T15:54:25.059Z] GET /api/guests
[2026-03-28T15:54:25.061Z] GET /api/rsvps
[2026-03-28T15:54:30.056Z] GET /api/users
[2026-03-28T15:54:30.056Z] GET /api/guests
[2026-03-28T15:54:30.058Z] GET /api/rsvps
[2026-03-28T15:54:35.056Z] GET /api/users
[2026-03-28T15:54:35.056Z] GET /api/guests
[2026-03-28T15:54:35.057Z] GET /api/rsvps
[2026-03-28T15:54:40.057Z] GET /api/users
[2026-03-28T15:54:40.058Z] GET /api/guests
[2026-03-28T15:54:40.060Z] GET /api/rsvps
[2026-03-28T15:54:45.057Z] GET /api/users
[2026-03-28T15:54:45.058Z] GET /api/guests
[2026-03-28T15:54:45.060Z] GET /api/rsvps
[2026-03-28T15:54:50.057Z] GET /api/users
[2026-03-28T15:54:50.058Z] GET /api/guests
[2026-03-28T15:54:50.060Z] GET /api/rsvps
[2026-03-28T15:54:55.057Z] GET /api/users
[2026-03-28T15:54:55.058Z] GET /api/guests
[2026-03-28T15:54:55.059Z] GET /api/rsvps
[2026-03-28T15:55:00.058Z] GET /api/users
[2026-03-28T15:55:00.059Z] GET /api/guests
[2026-03-28T15:55:00.060Z] GET /api/rsvps
[2026-03-28T15:55:05.058Z] GET /api/users
[2026-03-28T15:55:05.059Z] GET /api/guests
[2026-03-28T15:55:05.060Z] GET /api/rsvps
[2026-03-28T15:55:10.062Z] GET /api/users
[2026-03-28T15:55:10.065Z] GET /api/guests
[2026-03-28T15:55:10.068Z] GET /api/rsvps
[2026-03-28T15:55:14.748Z] POST /api/login
[2026-03-28T15:55:14.791Z] GET /api/users
[2026-03-28T15:55:14.792Z] GET /api/rsvps
[2026-03-28T15:55:14.793Z] GET /api/guests
[2026-03-28T15:55:14.796Z] GET /api/users
[2026-03-28T15:55:14.798Z] GET /api/guests
[2026-03-28T15:55:14.800Z] GET /api/rsvps
[2026-03-28T15:55:15.058Z] GET /api/users
[2026-03-28T15:55:15.058Z] GET /api/guests
[2026-03-28T15:55:15.059Z] GET /api/rsvps
[2026-03-28T15:55:19.796Z] GET /api/users
[2026-03-28T15:55:19.798Z] GET /api/guests
[2026-03-28T15:55:19.798Z] GET /api/rsvps
[2026-03-28T15:55:20.057Z] GET /api/users
[2026-03-28T15:55:20.058Z] GET /api/guests
[2026-03-28T15:55:20.059Z] GET /api/rsvps
[2026-03-28T15:55:24.794Z] GET /api/users
[2026-03-28T15:55:24.795Z] GET /api/guests
[2026-03-28T15:55:24.796Z] GET /api/rsvps
[2026-03-28T15:55:25.058Z] GET /api/users
[2026-03-28T15:55:25.058Z] GET /api/guests
[2026-03-28T15:55:25.060Z] GET /api/rsvps
[2026-03-28T15:55:29.798Z] GET /api/users
[2026-03-28T15:55:29.799Z] GET /api/guests
[2026-03-28T15:55:29.801Z] GET /api/rsvps
[2026-03-28T15:55:30.060Z] GET /api/users
[2026-03-28T15:55:30.060Z] GET /api/guests
[2026-03-28T15:55:30.062Z] GET /api/rsvps
[2026-03-28T15:55:34.798Z] GET /api/users
[2026-03-28T15:55:34.799Z] GET /api/guests
[2026-03-28T15:55:34.800Z] GET /api/rsvps
[2026-03-28T15:55:35.058Z] GET /api/users
[2026-03-28T15:55:35.058Z] GET /api/guests
[2026-03-28T15:55:35.059Z] GET /api/rsvps
[2026-03-28T15:55:39.800Z] GET /api/users
[2026-03-28T15:55:39.802Z] GET /api/guests
[2026-03-28T15:55:39.802Z] GET /api/rsvps
[2026-03-28T15:55:40.062Z] GET /api/users
[2026-03-28T15:55:40.065Z] GET /api/guests
[2026-03-28T15:55:40.067Z] GET /api/rsvps
[2026-03-28T15:55:44.796Z] GET /api/users
[2026-03-28T15:55:44.797Z] GET /api/guests
[2026-03-28T15:55:44.798Z] GET /api/rsvps
[2026-03-28T15:55:45.062Z] GET /api/users
[2026-03-28T15:55:45.062Z] GET /api/guests
[2026-03-28T15:55:45.064Z] GET /api/rsvps
[2026-03-28T15:55:49.794Z] GET /api/users
[2026-03-28T15:55:49.795Z] GET /api/guests
[2026-03-28T15:55:49.795Z] GET /api/rsvps
[2026-03-28T15:55:50.057Z] GET /api/users
[2026-03-28T15:55:50.058Z] GET /api/guests
[2026-03-28T15:55:50.059Z] GET /api/rsvps
[2026-03-28T15:55:54.794Z] GET /api/users
[2026-03-28T15:55:54.795Z] GET /api/guests
[2026-03-28T15:55:54.796Z] GET /api/rsvps
[2026-03-28T15:55:55.057Z] GET /api/users
[2026-03-28T15:55:55.059Z] GET /api/guests
[2026-03-28T15:55:55.060Z] GET /api/rsvps
[2026-03-28T15:55:59.795Z] GET /api/guests
[2026-03-28T15:55:59.795Z] GET /api/users
[2026-03-28T15:55:59.796Z] GET /api/rsvps
[2026-03-28T15:56:00.055Z] GET /api/users
[2026-03-28T15:56:00.056Z] GET /api/guests
[2026-03-28T15:56:00.056Z] GET /api/rsvps
[2026-03-28T15:56:04.793Z] GET /api/users
[2026-03-28T15:56:04.795Z] GET /api/guests
[2026-03-28T15:56:04.795Z] GET /api/rsvps
[2026-03-28T15:56:05.057Z] GET /api/users
[2026-03-28T15:56:05.058Z] GET /api/guests
[2026-03-28T15:56:05.058Z] GET /api/rsvps
[2026-03-28T15:56:09.797Z] GET /api/users
[2026-03-28T15:56:09.798Z] GET /api/guests
[2026-03-28T15:56:09.798Z] GET /api/rsvps
[2026-03-28T15:56:10.058Z] GET /api/users
[2026-03-28T15:56:10.059Z] GET /api/guests
[2026-03-28T15:56:10.060Z] GET /api/rsvps
[2026-03-28T15:56:14.795Z] GET /api/users
[2026-03-28T15:56:14.796Z] GET /api/guests
[2026-03-28T15:56:14.797Z] GET /api/rsvps
[2026-03-28T15:56:15.056Z] GET /api/users
[2026-03-28T15:56:15.057Z] GET /api/guests
[2026-03-28T15:56:15.058Z] GET /api/rsvps
[2026-03-28T15:56:19.798Z] GET /api/users
[2026-03-28T15:56:19.799Z] GET /api/guests
[2026-03-28T15:56:19.801Z] GET /api/rsvps
[2026-03-28T15:56:20.059Z] GET /api/users
[2026-03-28T15:56:20.060Z] GET /api/guests
[2026-03-28T15:56:20.061Z] GET /api/rsvps
[2026-03-28T15:56:24.795Z] GET /api/users
[2026-03-28T15:56:24.796Z] GET /api/guests
[2026-03-28T15:56:24.797Z] GET /api/rsvps
[2026-03-28T15:56:25.059Z] GET /api/users
[2026-03-28T15:56:25.060Z] GET /api/guests
[2026-03-28T15:56:25.061Z] GET /api/rsvps
[2026-03-28T15:56:29.810Z] GET /api/users
[2026-03-28T15:56:29.813Z] GET /api/guests
[2026-03-28T15:56:29.814Z] GET /api/rsvps
[2026-03-28T15:56:30.068Z] GET /api/users
[2026-03-28T15:56:30.068Z] GET /api/guests
[2026-03-28T15:56:30.070Z] GET /api/rsvps
[2026-03-28T15:56:34.826Z] GET /api/guests
[2026-03-28T15:56:34.832Z] GET /api/users
[2026-03-28T15:56:34.833Z] GET /api/rsvps
[2026-03-28T15:56:35.073Z] GET /api/users
[2026-03-28T15:56:35.074Z] GET /api/guests
[2026-03-28T15:56:35.075Z] GET /api/rsvps
[2026-03-28T15:56:39.801Z] GET /api/guests
[2026-03-28T15:56:39.803Z] GET /api/users
[2026-03-28T15:56:39.805Z] GET /api/rsvps
[2026-03-28T15:56:40.067Z] GET /api/users
[2026-03-28T15:56:40.067Z] GET /api/guests
[2026-03-28T15:56:40.068Z] GET /api/rsvps
[2026-03-28T15:56:44.838Z] GET /api/users
[2026-03-28T15:56:44.856Z] GET /api/guests
[2026-03-28T15:56:44.858Z] GET /api/rsvps
[2026-03-28T15:56:45.065Z] GET /api/users
[2026-03-28T15:56:45.068Z] GET /api/guests
[2026-03-28T15:56:45.069Z] GET /api/rsvps
[2026-03-28T15:56:49.851Z] GET /api/guests
[2026-03-28T15:56:49.861Z] GET /api/users
[2026-03-28T15:56:49.895Z] GET /api/rsvps
[2026-03-28T15:56:50.107Z] GET /api/users
[2026-03-28T15:56:50.108Z] GET /api/guests
[2026-03-28T15:56:50.109Z] GET /api/rsvps
[2026-03-28T15:56:54.825Z] GET /api/users
[2026-03-28T15:56:54.829Z] GET /api/guests
[2026-03-28T15:56:54.830Z] GET /api/rsvps
[2026-03-28T15:56:55.075Z] GET /api/users
[2026-03-28T15:56:55.076Z] GET /api/guests
[2026-03-28T15:56:55.076Z] GET /api/rsvps
[2026-03-28T15:56:59.841Z] GET /api/guests
[2026-03-28T15:56:59.851Z] GET /api/users
[2026-03-28T15:56:59.852Z] GET /api/rsvps
[2026-03-28T15:57:00.118Z] GET /api/users
[2026-03-28T15:57:00.119Z] GET /api/rsvps
[2026-03-28T15:57:00.122Z] GET /api/guests
[2026-03-28T15:57:05.623Z] GET /api/users
[2026-03-28T15:57:05.788Z] GET /api/guests
[2026-03-28T15:57:05.790Z] GET /api/rsvps
[2026-03-28T15:57:05.868Z] GET /api/users
[2026-03-28T15:57:05.888Z] GET /api/guests
[2026-03-28T15:57:05.971Z] GET /api/rsvps
[2026-03-28T15:57:09.927Z] GET /api/users
[2026-03-28T15:57:09.935Z] GET /api/guests
[2026-03-28T15:57:09.956Z] GET /api/rsvps
[2026-03-28T15:57:10.101Z] GET /api/users
[2026-03-28T15:57:10.102Z] GET /api/rsvps
[2026-03-28T15:57:10.103Z] GET /api/guests
[2026-03-28T15:57:11.724Z] POST /api/guests
[2026-03-28T15:57:11.882Z] GET /api/guests
[2026-03-28T15:57:11.883Z] GET /api/users
[2026-03-28T15:57:11.884Z] GET /api/rsvps
[2026-03-28T15:57:13.219Z] POST /api/users
[2026-03-28T15:57:13.249Z] GET /api/users
[2026-03-28T15:57:13.252Z] GET /api/guests
[2026-03-28T15:57:13.258Z] GET /api/rsvps
[2026-03-28T15:57:14.850Z] GET /api/guests
[2026-03-28T15:57:14.869Z] GET /api/rsvps
[2026-03-28T15:57:14.873Z] GET /api/users
[2026-03-28T15:57:15.094Z] GET /api/users
[2026-03-28T15:57:15.122Z] GET /api/guests
[2026-03-28T15:57:15.123Z] GET /api/rsvps
[2026-03-28T15:57:19.818Z] GET /api/users
[2026-03-28T15:57:19.822Z] GET /api/guests
[2026-03-28T15:57:19.828Z] GET /api/rsvps
[2026-03-28T15:57:20.456Z] GET /api/users
[2026-03-28T15:57:20.480Z] GET /api/guests
[2026-03-28T15:57:20.485Z] GET /api/rsvps
[2026-03-28T15:57:25.079Z] GET /api/users
[2026-03-28T15:57:25.084Z] GET /api/guests
[2026-03-28T15:57:25.090Z] GET /api/rsvps
[2026-03-28T15:57:26.164Z] POST /api/login
[2026-03-28T15:57:30.147Z] GET /api/users
[2026-03-28T15:57:30.152Z] GET /api/guests
[2026-03-28T15:57:30.153Z] GET /api/rsvps
[2026-03-28T15:57:35.061Z] GET /api/users
[2026-03-28T15:57:35.062Z] GET /api/guests
[2026-03-28T15:57:35.064Z] GET /api/rsvps
[2026-03-28T15:57:40.127Z] GET /api/users
[2026-03-28T15:57:40.159Z] GET /api/guests
[2026-03-28T15:57:40.160Z] GET /api/rsvps
[2026-03-28T15:57:45.070Z] GET /api/users
[2026-03-28T15:57:45.079Z] GET /api/guests
[2026-03-28T15:57:45.083Z] GET /api/rsvps
[2026-03-28T15:57:50.128Z] GET /api/users
[2026-03-28T15:57:50.147Z] GET /api/guests
[2026-03-28T15:57:50.213Z] GET /api/rsvps
[2026-03-28T15:57:55.070Z] GET /api/users
[2026-03-28T15:57:55.073Z] GET /api/guests
[2026-03-28T15:57:55.079Z] GET /api/rsvps
[2026-03-28T15:58:00.077Z] GET /api/users
[2026-03-28T15:58:00.080Z] GET /api/guests
[2026-03-28T15:58:00.083Z] GET /api/rsvps
[2026-03-28T15:58:05.087Z] GET /api/users
[2026-03-28T15:58:05.093Z] GET /api/guests
[2026-03-28T15:58:05.094Z] GET /api/rsvps
[2026-03-28T15:58:10.058Z] GET /api/users
[2026-03-28T15:58:10.059Z] GET /api/guests
[2026-03-28T15:58:10.060Z] GET /api/rsvps
[2026-03-28T15:58:15.059Z] GET /api/users
[2026-03-28T15:58:15.060Z] GET /api/guests
[2026-03-28T15:58:15.061Z] GET /api/rsvps
[2026-03-28T15:58:20.078Z] GET /api/users
[2026-03-28T15:58:20.085Z] GET /api/guests
[2026-03-28T15:58:20.085Z] GET /api/rsvps
[2026-03-28T15:58:22.880Z] POST /api/rsvp
[2026-03-28T15:58:25.059Z] GET /api/users
[2026-03-28T15:58:25.060Z] GET /api/guests
[2026-03-28T15:58:25.061Z] GET /api/rsvps
[2026-03-28T15:58:30.059Z] GET /api/users
[2026-03-28T15:58:30.060Z] GET /api/guests
[2026-03-28T15:58:30.061Z] GET /api/rsvps
[2026-03-28T15:58:35.059Z] GET /api/users
[2026-03-28T15:58:35.060Z] GET /api/guests
[2026-03-28T15:58:35.061Z] GET /api/rsvps
[2026-03-28T15:58:40.060Z] GET /api/users
[2026-03-28T15:58:40.062Z] GET /api/guests
[2026-03-28T15:58:40.065Z] GET /api/rsvps
[2026-03-28T15:58:45.059Z] GET /api/users
[2026-03-28T15:58:45.060Z] GET /api/guests
[2026-03-28T15:58:45.061Z] GET /api/rsvps
[2026-03-28T15:58:50.068Z] GET /api/users
[2026-03-28T15:58:50.070Z] GET /api/guests
[2026-03-28T15:58:50.073Z] GET /api/rsvps
[2026-03-28T15:58:55.060Z] GET /api/guests
[2026-03-28T15:58:55.061Z] GET /api/users
[2026-03-28T15:58:55.063Z] GET /api/rsvps
[2026-03-28T15:59:00.059Z] GET /api/users
[2026-03-28T15:59:00.060Z] GET /api/guests
[2026-03-28T15:59:00.062Z] GET /api/rsvps
[2026-03-28T15:59:03.654Z] GET /api/content/gallery
[2026-03-28T15:59:03.690Z] GET /api/content/stories
[2026-03-28T15:59:03.693Z] GET /api/content/events
[2026-03-28T15:59:03.698Z] GET /api/content/home_data
[2026-03-28T15:59:03.699Z] GET /api/content/contact_data
[2026-03-28T15:59:03.700Z] GET /api/content/moments
[2026-03-28T15:59:03.803Z] GET /api/content/events
[2026-03-28T15:59:03.823Z] GET /api/content/gallery
[2026-03-28T15:59:03.825Z] GET /api/content/moments
[2026-03-28T15:59:03.899Z] GET /api/content/home_data
[2026-03-28T15:59:03.900Z] GET /api/content/stories
[2026-03-28T15:59:03.902Z] GET /api/content/contact_data
[2026-03-28T15:59:05.805Z] GET /api/content/family_people
[2026-03-28T15:59:05.892Z] GET /api/content/family_families
[2026-03-28T15:59:05.901Z] GET /api/content/groom_family_people
[2026-03-28T15:59:05.919Z] GET /api/content/family_links
[2026-03-28T15:59:06.192Z] GET /api/content/groom_family_families
[2026-03-28T15:59:06.223Z] GET /api/content/groom_family_links
[2026-03-28T15:59:06.593Z] GET /api/content/family_people
[2026-03-28T15:59:06.598Z] GET /api/rsvps
[2026-03-28T15:59:06.719Z] GET /api/content/family_families
[2026-03-28T15:59:06.720Z] GET /api/content/groom_family_people
[2026-03-28T15:59:07.068Z] GET /api/content/contact_data
[2026-03-28T15:59:07.080Z] GET /api/content/family_links
[2026-03-28T15:59:07.223Z] GET /api/content/groom_family_links
[2026-03-28T15:59:07.241Z] GET /api/content/groom_family_families
[2026-03-28T15:59:07.279Z] GET /api/rsvps
[2026-03-28T15:59:07.304Z] GET /api/content/stories
[2026-03-28T15:59:07.453Z] GET /api/users
[2026-03-28T15:59:07.536Z] GET /api/content/home_data
[2026-03-28T15:59:07.601Z] GET /api/content/moments
[2026-03-28T15:59:07.614Z] GET /api/guests
[2026-03-28T15:59:07.616Z] GET /api/content/family_families
[2026-03-28T15:59:07.618Z] GET /api/content/groom_family_people
[2026-03-28T15:59:07.619Z] GET /api/content/gallery
[2026-03-28T15:59:07.620Z] GET /api/content/home_data
[2026-03-28T15:59:07.641Z] GET /api/content/contact_data
[2026-03-28T15:59:07.659Z] GET /api/content/events
[2026-03-28T15:59:07.664Z] GET /api/content/stories
[2026-03-28T15:59:07.665Z] GET /api/content/gallery
[2026-03-28T15:59:07.666Z] GET /api/content/family_links
[2026-03-28T15:59:07.667Z] GET /api/content/family_people
[2026-03-28T15:59:07.670Z] GET /api/content/groom_family_links
[2026-03-28T15:59:07.671Z] GET /api/content/family_links
[2026-03-28T15:59:07.671Z] GET /api/content/groom_family_people
[2026-03-28T15:59:07.672Z] GET /api/content/moments
[2026-03-28T15:59:07.675Z] GET /api/content/family_people
[2026-03-28T15:59:07.677Z] GET /api/content/groom_family_families
[2026-03-28T15:59:07.679Z] GET /api/content/events
[2026-03-28T15:59:07.679Z] GET /api/rsvps
[2026-03-28T15:59:07.681Z] GET /api/content/family_families
[2026-03-28T15:59:07.751Z] GET /api/content/groom_family_links
[2026-03-28T15:59:07.801Z] GET /api/content/groom_family_families
[2026-03-28T15:59:07.830Z] GET /api/users
[2026-03-28T15:59:07.883Z] GET /api/rsvps
[2026-03-28T15:59:07.897Z] GET /api/guests
[2026-03-28T15:59:07.957Z] GET /api/rsvps
[2026-03-28T15:59:08.015Z] GET /api/rsvps
[2026-03-28T16:16:43.491Z] GET /api/users
[2026-03-28T16:16:43.494Z] GET /api/rsvps
[2026-03-28T16:16:43.503Z] GET /api/guests
[2026-03-28T16:32:07.303Z] GET /api/users
[2026-03-28T16:32:07.312Z] GET /api/guests
[2026-03-28T16:32:07.312Z] GET /api/rsvps
[2026-03-28T16:32:12.122Z] GET /api/users
[2026-03-28T16:32:12.126Z] GET /api/guests
[2026-03-28T16:32:12.126Z] GET /api/rsvps
[2026-03-28T16:34:08.144Z] GET /api/guests
[2026-03-28T16:34:08.154Z] GET /api/users
[2026-03-28T16:34:08.155Z] GET /api/rsvps
[2026-03-28T16:34:13.187Z] GET /api/users
[2026-03-28T16:34:13.190Z] GET /api/guests
[2026-03-28T16:34:13.190Z] GET /api/rsvps
[2026-03-28T16:34:17.193Z] POST /api/guests
[2026-03-28T16:34:17.224Z] GET /api/guests
[2026-03-28T16:34:17.225Z] GET /api/users
[2026-03-28T16:34:17.226Z] GET /api/rsvps
[2026-03-28T16:34:18.068Z] GET /api/rsvps
[2026-03-28T16:34:18.069Z] GET /api/users
[2026-03-28T16:34:18.071Z] GET /api/guests
[2026-03-28T16:34:18.879Z] POST /api/users
[2026-03-28T16:34:18.892Z] GET /api/users
[2026-03-28T16:34:18.893Z] GET /api/guests
[2026-03-28T16:34:18.894Z] GET /api/rsvps
[2026-03-28T16:34:23.087Z] GET /api/users
[2026-03-28T16:34:23.090Z] GET /api/guests
[2026-03-28T16:34:23.095Z] GET /api/rsvps
[2026-03-28T16:34:28.080Z] GET /api/users
[2026-03-28T16:34:28.083Z] GET /api/guests
[2026-03-28T16:34:28.084Z] GET /api/rsvps
[2026-03-28T16:34:29.034Z] POST /api/login
[2026-03-28T16:34:33.086Z] GET /api/users
[2026-03-28T16:34:33.089Z] GET /api/guests
[2026-03-28T16:34:33.090Z] GET /api/rsvps
[2026-03-28T16:34:38.068Z] GET /api/users
[2026-03-28T16:34:38.069Z] GET /api/guests
[2026-03-28T16:34:38.070Z] GET /api/rsvps
[2026-03-28T16:34:43.084Z] GET /api/users
[2026-03-28T16:34:43.088Z] GET /api/guests
[2026-03-28T16:34:43.089Z] GET /api/rsvps
[2026-03-28T16:34:48.068Z] GET /api/users
[2026-03-28T16:34:48.069Z] GET /api/guests
[2026-03-28T16:34:48.070Z] GET /api/rsvps
[2026-03-28T16:34:53.068Z] GET /api/users
[2026-03-28T16:34:53.069Z] GET /api/guests
[2026-03-28T16:34:53.071Z] GET /api/rsvps
[2026-03-28T16:34:58.068Z] GET /api/users
[2026-03-28T16:34:58.069Z] GET /api/guests
[2026-03-28T16:34:58.071Z] GET /api/rsvps
[2026-03-28T16:35:03.070Z] GET /api/users
[2026-03-28T16:35:03.072Z] GET /api/guests
[2026-03-28T16:35:03.075Z] GET /api/rsvps
[2026-03-28T16:35:08.071Z] GET /api/guests
[2026-03-28T16:35:08.072Z] GET /api/users
[2026-03-28T16:35:08.074Z] GET /api/rsvps
[2026-03-28T16:35:13.070Z] GET /api/users
[2026-03-28T16:35:13.072Z] GET /api/guests
[2026-03-28T16:35:13.073Z] GET /api/rsvps
[2026-03-28T16:35:18.074Z] GET /api/users
[2026-03-28T16:35:18.076Z] GET /api/guests
[2026-03-28T16:35:18.082Z] GET /api/rsvps
[2026-03-28T16:35:23.069Z] GET /api/guests
[2026-03-28T16:35:23.070Z] GET /api/users
[2026-03-28T16:35:23.072Z] GET /api/rsvps
[2026-03-28T16:35:23.772Z] POST /api/rsvp
[2026-03-28T16:35:28.069Z] GET /api/users
[2026-03-28T16:35:28.071Z] GET /api/guests
[2026-03-28T16:35:28.074Z] GET /api/rsvps
[2026-03-28T16:35:33.076Z] GET /api/users
[2026-03-28T16:35:33.084Z] GET /api/guests
[2026-03-28T16:35:33.086Z] GET /api/rsvps
[2026-03-28T16:35:38.070Z] GET /api/users
[2026-03-28T16:35:38.070Z] GET /api/guests
[2026-03-28T16:35:38.072Z] GET /api/rsvps
[2026-03-28T16:35:43.087Z] GET /api/users
[2026-03-28T16:35:43.093Z] GET /api/guests
[2026-03-28T16:35:43.101Z] GET /api/rsvps
[2026-03-28T16:35:48.071Z] GET /api/users
[2026-03-28T16:35:48.072Z] GET /api/guests
[2026-03-28T16:35:48.074Z] GET /api/rsvps
[2026-03-28T16:35:53.138Z] GET /api/users
[2026-03-28T16:35:53.142Z] GET /api/guests
[2026-03-28T16:35:53.145Z] GET /api/rsvps
[2026-03-28T16:36:05.010Z] POST /api/content/moments
[2026-03-28T16:36:14.664Z] POST /api/content/moments
PayloadTooLargeError: request entity too large
    at readStream (/Users/raacoon/Desktop/Project/invitation2/node_modules/raw-body/index.js:163:17)
    at getRawBody (/Users/raacoon/Desktop/Project/invitation2/node_modules/raw-body/index.js:116:12)
    at read (/Users/raacoon/Desktop/Project/invitation2/node_modules/body-parser/lib/read.js:114:3)
    at jsonParser (/Users/raacoon/Desktop/Project/invitation2/node_modules/body-parser/lib/types/json.js:90:5)
    at Layer.handleRequest (/Users/raacoon/Desktop/Project/invitation2/node_modules/router/lib/layer.js:152:17)
    at trimPrefix (/Users/raacoon/Desktop/Project/invitation2/node_modules/router/index.js:342:13)
    at /Users/raacoon/Desktop/Project/invitation2/node_modules/router/index.js:297:9
    at processParams (/Users/raacoon/Desktop/Project/invitation2/node_modules/router/index.js:582:12)
    at next (/Users/raacoon/Desktop/Project/invitation2/node_modules/router/index.js:291:5)
    at cors (/Users/raacoon/Desktop/Project/invitation2/node_modules/cors/lib/index.js:188:7)
[2026-03-28T16:36:48.664Z] GET /api/content/gallery
[2026-03-28T16:36:48.668Z] GET /api/content/events
[2026-03-28T16:36:48.668Z] GET /api/content/contact_data
[2026-03-28T16:36:48.668Z] GET /api/content/moments
[2026-03-28T16:36:48.670Z] GET /api/content/home_data
[2026-03-28T16:36:48.670Z] GET /api/content/family_people
[2026-03-28T16:36:48.825Z] GET /api/content/stories
[2026-03-28T16:36:48.828Z] GET /api/content/groom_family_people
[2026-03-28T16:36:48.851Z] GET /api/content/family_links
[2026-03-28T16:36:48.860Z] GET /api/content/groom_family_families
[2026-03-28T16:36:48.862Z] GET /api/content/groom_family_links
[2026-03-28T16:36:48.864Z] GET /api/rsvps
[2026-03-28T16:36:48.866Z] GET /api/content/family_families
[2026-03-28T16:36:48.869Z] GET /api/content/gallery
[2026-03-28T16:36:48.869Z] GET /api/content/contact_data
[2026-03-28T16:36:48.870Z] GET /api/content/events
[2026-03-28T16:36:48.870Z] GET /api/content/family_people
[2026-03-28T16:36:48.870Z] GET /api/content/moments
[2026-03-28T16:36:48.872Z] GET /api/content/stories
[2026-03-28T16:36:48.873Z] GET /api/content/home_data
[2026-03-28T16:36:48.878Z] GET /api/content/groom_family_people
[2026-03-28T16:36:48.878Z] GET /api/content/family_links
[2026-03-28T16:36:48.882Z] GET /api/content/groom_family_links
[2026-03-28T16:36:48.882Z] GET /api/content/groom_family_families
[2026-03-28T16:36:48.884Z] GET /api/content/family_families
[2026-03-28T16:36:49.004Z] GET /api/rsvps
[2026-03-28T16:36:50.268Z] GET /api/content/events
[2026-03-28T16:36:50.270Z] GET /api/content/gallery
[2026-03-28T16:36:50.270Z] GET /api/content/moments
[2026-03-28T16:36:50.270Z] GET /api/content/stories
[2026-03-28T16:36:50.270Z] GET /api/content/home_data
[2026-03-28T16:36:50.271Z] GET /api/content/contact_data
[2026-03-28T16:36:50.279Z] GET /api/content/family_people
[2026-03-28T16:36:50.280Z] GET /api/content/family_families
[2026-03-28T16:36:50.280Z] GET /api/content/family_links
[2026-03-28T16:36:50.281Z] GET /api/content/groom_family_people
[2026-03-28T16:36:50.281Z] GET /api/content/groom_family_families
[2026-03-28T16:36:50.281Z] GET /api/content/groom_family_links
[2026-03-28T16:36:50.284Z] GET /api/rsvps
[2026-03-28T16:36:50.284Z] GET /api/content/events
[2026-03-28T16:36:50.285Z] GET /api/content/gallery
[2026-03-28T16:36:50.286Z] GET /api/content/moments
[2026-03-28T16:36:50.287Z] GET /api/content/stories
[2026-03-28T16:36:50.289Z] GET /api/content/home_data
[2026-03-28T16:36:50.290Z] GET /api/content/contact_data
[2026-03-28T16:36:50.294Z] GET /api/content/family_people
[2026-03-28T16:36:50.294Z] GET /api/content/family_links
[2026-03-28T16:36:50.295Z] GET /api/content/family_families
[2026-03-28T16:36:50.296Z] GET /api/content/groom_family_people
[2026-03-28T16:36:50.299Z] GET /api/content/groom_family_families
[2026-03-28T16:36:50.299Z] GET /api/content/groom_family_links
[2026-03-28T16:36:50.301Z] GET /api/rsvps
[2026-03-28T16:36:51.108Z] GET /api/content/events
[2026-03-28T16:36:51.109Z] GET /api/content/gallery
[2026-03-28T16:36:51.109Z] GET /api/content/moments
[2026-03-28T16:36:51.111Z] GET /api/content/home_data
[2026-03-28T16:36:51.117Z] GET /api/content/stories
[2026-03-28T16:36:51.119Z] GET /api/content/contact_data
[2026-03-28T16:36:51.126Z] GET /api/content/family_people
[2026-03-28T16:36:51.127Z] GET /api/content/family_families
[2026-03-28T16:36:51.129Z] GET /api/content/family_links
[2026-03-28T16:36:51.133Z] GET /api/content/groom_family_people
[2026-03-28T16:36:51.134Z] GET /api/content/groom_family_families
[2026-03-28T16:36:51.134Z] GET /api/content/groom_family_links
[2026-03-28T16:36:51.135Z] GET /api/rsvps
[2026-03-28T16:36:51.136Z] GET /api/content/gallery
[2026-03-28T16:36:51.136Z] GET /api/content/groom_family_families
[2026-03-28T16:36:51.328Z] GET /api/content/events
[2026-03-28T16:36:51.328Z] GET /api/content/gallery
[2026-03-28T16:36:51.329Z] GET /api/content/moments
[2026-03-28T16:36:51.329Z] GET /api/content/home_data
[2026-03-28T16:36:51.330Z] GET /api/content/stories
[2026-03-28T16:36:51.333Z] GET /api/content/contact_data
[2026-03-28T16:36:51.341Z] GET /api/content/family_people
[2026-03-28T16:36:51.342Z] GET /api/content/family_families
[2026-03-28T16:36:51.342Z] GET /api/content/family_links
[2026-03-28T16:36:51.342Z] GET /api/content/groom_family_people
[2026-03-28T16:36:51.343Z] GET /api/content/groom_family_families
[2026-03-28T16:36:51.344Z] GET /api/content/groom_family_links
[2026-03-28T16:36:51.347Z] GET /api/rsvps
[2026-03-28T16:36:51.348Z] GET /api/content/events
[2026-03-28T16:36:51.348Z] GET /api/content/gallery
[2026-03-28T16:36:51.348Z] GET /api/content/moments
[2026-03-28T16:36:51.350Z] GET /api/content/home_data
[2026-03-28T16:36:51.351Z] GET /api/content/stories
[2026-03-28T16:36:51.355Z] GET /api/content/contact_data
[2026-03-28T16:36:51.355Z] GET /api/content/family_families
[2026-03-28T16:36:51.355Z] GET /api/content/family_people
[2026-03-28T16:36:51.356Z] GET /api/content/family_links
[2026-03-28T16:36:51.356Z] GET /api/content/groom_family_people
[2026-03-28T16:36:51.356Z] GET /api/content/groom_family_families
[2026-03-28T16:36:51.358Z] GET /api/content/groom_family_links
[2026-03-28T16:36:51.358Z] GET /api/rsvps
[2026-03-28T16:36:55.027Z] GET /api/content/moments
[2026-03-28T16:36:55.028Z] GET /api/content/home_data
[2026-03-28T16:36:55.028Z] GET /api/content/events
[2026-03-28T16:36:55.028Z] GET /api/content/gallery
[2026-03-28T16:36:55.028Z] GET /api/content/contact_data
[2026-03-28T16:36:55.031Z] GET /api/content/stories
[2026-03-28T16:36:55.035Z] GET /api/content/family_families
[2026-03-28T16:36:55.036Z] GET /api/content/family_people
[2026-03-28T16:36:55.036Z] GET /api/content/family_links
[2026-03-28T16:36:55.037Z] GET /api/content/groom_family_people
[2026-03-28T16:36:55.038Z] GET /api/content/groom_family_families
[2026-03-28T16:36:55.038Z] GET /api/content/groom_family_links
[2026-03-28T16:36:55.039Z] GET /api/rsvps
[2026-03-28T16:36:55.041Z] GET /api/content/moments
[2026-03-28T16:36:55.042Z] GET /api/content/events
[2026-03-28T16:36:55.042Z] GET /api/content/gallery
[2026-03-28T16:36:55.042Z] GET /api/content/home_data
[2026-03-28T16:36:55.042Z] GET /api/content/stories
[2026-03-28T16:36:55.043Z] GET /api/content/contact_data
[2026-03-28T16:36:55.047Z] GET /api/content/family_families
[2026-03-28T16:36:55.048Z] GET /api/content/family_people
[2026-03-28T16:36:55.048Z] GET /api/content/family_links
[2026-03-28T16:36:55.049Z] GET /api/content/groom_family_people
[2026-03-28T16:36:55.049Z] GET /api/content/groom_family_families
[2026-03-28T16:36:55.049Z] GET /api/content/groom_family_links
[2026-03-28T16:36:55.050Z] GET /api/rsvps
[2026-03-28T16:37:02.734Z] POST /api/content/moments
PayloadTooLargeError: request entity too large
    at readStream (/Users/raacoon/Desktop/Project/invitation2/node_modules/raw-body/index.js:163:17)
    at getRawBody (/Users/raacoon/Desktop/Project/invitation2/node_modules/raw-body/index.js:116:12)
    at read (/Users/raacoon/Desktop/Project/invitation2/node_modules/body-parser/lib/read.js:114:3)
    at jsonParser (/Users/raacoon/Desktop/Project/invitation2/node_modules/body-parser/lib/types/json.js:90:5)
    at Layer.handleRequest (/Users/raacoon/Desktop/Project/invitation2/node_modules/router/lib/layer.js:152:17)
    at trimPrefix (/Users/raacoon/Desktop/Project/invitation2/node_modules/router/index.js:342:13)
    at /Users/raacoon/Desktop/Project/invitation2/node_modules/router/index.js:297:9
    at processParams (/Users/raacoon/Desktop/Project/invitation2/node_modules/router/index.js:582:12)
    at next (/Users/raacoon/Desktop/Project/invitation2/node_modules/router/index.js:291:5)
    at cors (/Users/raacoon/Desktop/Project/invitation2/node_modules/cors/lib/index.js:188:7)
[2026-03-28T16:37:05.577Z] GET /api/content/events
[2026-03-28T16:37:05.579Z] GET /api/content/gallery
[2026-03-28T16:37:05.580Z] GET /api/content/moments
[2026-03-28T16:37:05.582Z] GET /api/content/home_data
[2026-03-28T16:37:05.585Z] GET /api/content/contact_data
[2026-03-28T16:37:05.586Z] GET /api/content/family_people
[2026-03-28T16:37:05.593Z] GET /api/content/family_families
[2026-03-28T16:37:05.595Z] GET /api/content/stories
[2026-03-28T16:37:05.600Z] GET /api/content/family_links
[2026-03-28T16:37:05.602Z] GET /api/content/groom_family_families
[2026-03-28T16:37:05.603Z] GET /api/content/groom_family_links
[2026-03-28T16:37:05.607Z] GET /api/rsvps
[2026-03-28T16:37:05.611Z] GET /api/content/groom_family_people
[2026-03-28T16:37:05.614Z] GET /api/content/events
[2026-03-28T16:37:05.615Z] GET /api/content/gallery
[2026-03-28T16:37:05.615Z] GET /api/content/moments
[2026-03-28T16:37:05.616Z] GET /api/content/home_data
[2026-03-28T16:37:05.620Z] GET /api/content/contact_data
[2026-03-28T16:37:05.620Z] GET /api/content/family_people
[2026-03-28T16:37:05.621Z] GET /api/content/family_families
[2026-03-28T16:37:05.621Z] GET /api/content/stories
[2026-03-28T16:37:05.622Z] GET /api/content/family_links
[2026-03-28T16:37:05.623Z] GET /api/content/groom_family_families
[2026-03-28T16:37:05.623Z] GET /api/content/groom_family_links
[2026-03-28T16:37:05.624Z] GET /api/rsvps
[2026-03-28T16:37:05.624Z] GET /api/content/groom_family_people
[2026-03-28T16:37:06.392Z] GET /api/content/gallery
[2026-03-28T16:37:06.393Z] GET /api/content/events
[2026-03-28T16:37:06.394Z] GET /api/content/moments
[2026-03-28T16:37:06.394Z] GET /api/content/home_data
[2026-03-28T16:37:06.394Z] GET /api/content/stories
[2026-03-28T16:37:06.398Z] GET /api/content/contact_data
[2026-03-28T16:37:06.400Z] GET /api/content/family_people
[2026-03-28T16:37:06.400Z] GET /api/content/family_families
[2026-03-28T16:37:06.401Z] GET /api/content/family_links
[2026-03-28T16:37:06.401Z] GET /api/content/groom_family_families
[2026-03-28T16:37:06.402Z] GET /api/content/groom_family_people
[2026-03-28T16:37:06.402Z] GET /api/content/groom_family_links
[2026-03-28T16:37:06.403Z] GET /api/rsvps
[2026-03-28T16:37:06.404Z] GET /api/content/gallery
[2026-03-28T16:37:06.405Z] GET /api/content/events
[2026-03-28T16:37:06.408Z] GET /api/content/moments
[2026-03-28T16:37:06.409Z] GET /api/content/home_data
[2026-03-28T16:37:06.411Z] GET /api/content/stories
[2026-03-28T16:37:06.412Z] GET /api/content/contact_data
[2026-03-28T16:37:06.413Z] GET /api/content/family_people
[2026-03-28T16:37:06.413Z] GET /api/content/family_families
[2026-03-28T16:37:06.413Z] GET /api/content/family_links
[2026-03-28T16:37:06.414Z] GET /api/content/groom_family_families
[2026-03-28T16:37:06.418Z] GET /api/content/groom_family_people
[2026-03-28T16:37:06.419Z] GET /api/content/groom_family_links
[2026-03-28T16:37:06.419Z] GET /api/rsvps
[2026-03-28T16:37:07.942Z] GET /api/content/events
[2026-03-28T16:37:07.944Z] GET /api/content/gallery
[2026-03-28T16:37:07.944Z] GET /api/content/moments
[2026-03-28T16:37:07.945Z] GET /api/content/home_data
[2026-03-28T16:37:07.945Z] GET /api/content/stories
[2026-03-28T16:37:07.957Z] GET /api/content/contact_data
[2026-03-28T16:37:07.965Z] GET /api/content/family_people
[2026-03-28T16:37:07.966Z] GET /api/content/family_links
[2026-03-28T16:37:07.966Z] GET /api/content/groom_family_people
[2026-03-28T16:37:07.967Z] GET /api/content/groom_family_links
[2026-03-28T16:37:07.968Z] GET /api/content/groom_family_families
[2026-03-28T16:37:07.969Z] GET /api/rsvps
[2026-03-28T16:37:07.969Z] GET /api/content/family_families
[2026-03-28T16:37:07.973Z] GET /api/content/events
[2026-03-28T16:37:07.977Z] GET /api/content/moments
[2026-03-28T16:37:07.977Z] GET /api/content/gallery
[2026-03-28T16:37:07.982Z] GET /api/content/home_data
[2026-03-28T16:37:07.984Z] GET /api/content/stories
[2026-03-28T16:37:07.985Z] GET /api/content/contact_data
[2026-03-28T16:37:07.987Z] GET /api/content/family_people
[2026-03-28T16:37:07.988Z] GET /api/content/family_links
[2026-03-28T16:37:07.988Z] GET /api/content/groom_family_people
[2026-03-28T16:37:07.989Z] GET /api/content/groom_family_links
[2026-03-28T16:37:07.990Z] GET /api/content/groom_family_families
[2026-03-28T16:37:07.991Z] GET /api/content/family_families
[2026-03-28T16:37:07.994Z] GET /api/rsvps
[2026-03-28T16:37:08.134Z] GET /api/content/events
[2026-03-28T16:37:08.135Z] GET /api/content/gallery
[2026-03-28T16:37:08.135Z] GET /api/content/moments
[2026-03-28T16:37:08.136Z] GET /api/content/home_data
[2026-03-28T16:37:08.136Z] GET /api/content/stories
[2026-03-28T16:37:08.139Z] GET /api/content/contact_data
[2026-03-28T16:37:08.141Z] GET /api/content/family_people
[2026-03-28T16:37:08.142Z] GET /api/content/family_families
[2026-03-28T16:37:08.142Z] GET /api/content/family_links
[2026-03-28T16:37:08.143Z] GET /api/content/groom_family_people
[2026-03-28T16:37:08.143Z] GET /api/content/groom_family_families
[2026-03-28T16:37:08.143Z] GET /api/content/groom_family_links
[2026-03-28T16:37:08.144Z] GET /api/rsvps
[2026-03-28T16:37:08.144Z] GET /api/content/events
[2026-03-28T16:37:08.145Z] GET /api/content/gallery
[2026-03-28T16:37:08.145Z] GET /api/content/moments
[2026-03-28T16:37:08.146Z] GET /api/content/home_data
[2026-03-28T16:37:08.146Z] GET /api/content/stories
[2026-03-28T16:37:08.149Z] GET /api/content/contact_data
[2026-03-28T16:37:08.149Z] GET /api/content/family_people
[2026-03-28T16:37:08.149Z] GET /api/content/family_families
[2026-03-28T16:37:08.149Z] GET /api/content/family_links
[2026-03-28T16:37:08.149Z] GET /api/content/groom_family_people
[2026-03-28T16:37:08.149Z] GET /api/content/groom_family_families
[2026-03-28T16:37:08.151Z] GET /api/content/groom_family_links
[2026-03-28T16:37:08.151Z] GET /api/rsvps
[2026-03-28T16:37:22.849Z] POST /api/content/moments
PayloadTooLargeError: request entity too large
    at readStream (/Users/raacoon/Desktop/Project/invitation2/node_modules/raw-body/index.js:163:17)
    at getRawBody (/Users/raacoon/Desktop/Project/invitation2/node_modules/raw-body/index.js:116:12)
    at read (/Users/raacoon/Desktop/Project/invitation2/node_modules/body-parser/lib/read.js:114:3)
    at jsonParser (/Users/raacoon/Desktop/Project/invitation2/node_modules/body-parser/lib/types/json.js:90:5)
    at Layer.handleRequest (/Users/raacoon/Desktop/Project/invitation2/node_modules/router/lib/layer.js:152:17)
    at trimPrefix (/Users/raacoon/Desktop/Project/invitation2/node_modules/router/index.js:342:13)
    at /Users/raacoon/Desktop/Project/invitation2/node_modules/router/index.js:297:9
    at processParams (/Users/raacoon/Desktop/Project/invitation2/node_modules/router/index.js:582:12)
    at next (/Users/raacoon/Desktop/Project/invitation2/node_modules/router/index.js:291:5)
    at cors (/Users/raacoon/Desktop/Project/invitation2/node_modules/cors/lib/index.js:188:7)
[2026-03-28T16:37:24.935Z] GET /api/content/events
[2026-03-28T16:37:24.937Z] GET /api/content/gallery
[2026-03-28T16:37:24.937Z] GET /api/content/moments
[2026-03-28T16:37:24.938Z] GET /api/content/home_data
[2026-03-28T16:37:24.938Z] GET /api/content/stories
[2026-03-28T16:37:24.939Z] GET /api/content/contact_data
[2026-03-28T16:37:24.954Z] GET /api/content/family_people
[2026-03-28T16:37:24.955Z] GET /api/content/family_families
[2026-03-28T16:37:24.956Z] GET /api/content/family_links
[2026-03-28T16:37:24.957Z] GET /api/content/groom_family_people
[2026-03-28T16:37:24.958Z] GET /api/content/groom_family_families
[2026-03-28T16:37:24.958Z] GET /api/content/groom_family_links
[2026-03-28T16:37:24.962Z] GET /api/rsvps
[2026-03-28T16:37:24.964Z] GET /api/content/gallery
[2026-03-28T16:37:24.965Z] GET /api/content/events
[2026-03-28T16:37:24.965Z] GET /api/content/moments
[2026-03-28T16:37:24.965Z] GET /api/content/home_data
[2026-03-28T16:37:24.968Z] GET /api/content/stories
[2026-03-28T16:37:24.969Z] GET /api/content/contact_data
[2026-03-28T16:37:24.969Z] GET /api/content/family_families
[2026-03-28T16:37:24.969Z] GET /api/content/groom_family_families
[2026-03-28T16:37:24.969Z] GET /api/content/family_links
[2026-03-28T16:37:24.972Z] GET /api/content/groom_family_people
[2026-03-28T16:37:24.973Z] GET /api/content/groom_family_links
[2026-03-28T16:37:24.973Z] GET /api/content/family_people
[2026-03-28T16:37:25.020Z] GET /api/rsvps
[2026-03-28T16:37:25.175Z] GET /api/content/events
[2026-03-28T16:37:25.175Z] GET /api/content/gallery
[2026-03-28T16:37:25.175Z] GET /api/content/moments
[2026-03-28T16:37:25.175Z] GET /api/content/home_data
[2026-03-28T16:37:25.176Z] GET /api/content/stories
[2026-03-28T16:37:25.177Z] GET /api/content/contact_data
[2026-03-28T16:37:25.182Z] GET /api/content/family_people
[2026-03-28T16:37:25.183Z] GET /api/content/family_families
[2026-03-28T16:37:25.184Z] GET /api/content/groom_family_people
[2026-03-28T16:37:25.184Z] GET /api/content/family_links
[2026-03-28T16:37:25.185Z] GET /api/content/groom_family_families
[2026-03-28T16:37:25.186Z] GET /api/rsvps
[2026-03-28T16:37:25.188Z] GET /api/content/groom_family_links
[2026-03-28T16:37:25.188Z] GET /api/content/events
[2026-03-28T16:37:25.194Z] GET /api/content/moments
[2026-03-28T16:37:25.194Z] GET /api/content/gallery
[2026-03-28T16:37:25.194Z] GET /api/content/stories
[2026-03-28T16:37:25.194Z] GET /api/content/home_data
[2026-03-28T16:37:25.203Z] GET /api/content/contact_data
[2026-03-28T16:37:25.204Z] GET /api/content/family_people
[2026-03-28T16:37:25.204Z] GET /api/content/family_families
[2026-03-28T16:37:25.205Z] GET /api/content/groom_family_people
[2026-03-28T16:37:25.205Z] GET /api/content/family_links
[2026-03-28T16:37:25.206Z] GET /api/content/groom_family_families
[2026-03-28T16:37:25.207Z] GET /api/content/groom_family_links
[2026-03-28T16:37:25.207Z] GET /api/rsvps
[2026-03-28T16:37:25.328Z] GET /api/content/events
[2026-03-28T16:37:25.328Z] GET /api/content/moments
[2026-03-28T16:37:25.329Z] GET /api/content/stories
[2026-03-28T16:37:25.329Z] GET /api/content/gallery
[2026-03-28T16:37:25.329Z] GET /api/content/home_data
[2026-03-28T16:37:25.329Z] GET /api/content/contact_data
[2026-03-28T16:37:25.341Z] GET /api/content/family_people
[2026-03-28T16:37:25.342Z] GET /api/content/family_families
[2026-03-28T16:37:25.342Z] GET /api/content/family_links
[2026-03-28T16:37:25.343Z] GET /api/content/groom_family_people
[2026-03-28T16:37:25.344Z] GET /api/content/groom_family_families
[2026-03-28T16:37:25.344Z] GET /api/content/groom_family_links
[2026-03-28T16:37:25.346Z] GET /api/rsvps
[2026-03-28T16:37:25.347Z] GET /api/content/events
[2026-03-28T16:37:25.347Z] GET /api/content/moments
[2026-03-28T16:37:25.347Z] GET /api/content/stories
[2026-03-28T16:37:25.348Z] GET /api/content/gallery
[2026-03-28T16:37:25.350Z] GET /api/content/home_data
[2026-03-28T16:37:25.350Z] GET /api/content/contact_data
[2026-03-28T16:37:25.353Z] GET /api/content/family_families
[2026-03-28T16:37:25.354Z] GET /api/content/family_people
[2026-03-28T16:37:25.355Z] GET /api/content/family_links
[2026-03-28T16:37:25.355Z] GET /api/content/groom_family_people
[2026-03-28T16:37:25.356Z] GET /api/content/groom_family_families
[2026-03-28T16:37:25.356Z] GET /api/content/groom_family_links
[2026-03-28T16:37:25.357Z] GET /api/rsvps
[2026-03-28T16:37:25.517Z] GET /api/content/events
[2026-03-28T16:37:25.518Z] GET /api/content/gallery
[2026-03-28T16:37:25.518Z] GET /api/content/moments
[2026-03-28T16:37:25.519Z] GET /api/content/home_data
[2026-03-28T16:37:25.519Z] GET /api/content/stories
[2026-03-28T16:37:25.519Z] GET /api/content/contact_data
[2026-03-28T16:37:25.525Z] GET /api/content/family_people
[2026-03-28T16:37:25.526Z] GET /api/content/family_families
[2026-03-28T16:37:25.528Z] GET /api/content/family_links
[2026-03-28T16:37:25.528Z] GET /api/content/groom_family_people
[2026-03-28T16:37:25.529Z] GET /api/content/groom_family_families
[2026-03-28T16:37:25.529Z] GET /api/content/groom_family_links
[2026-03-28T16:37:25.529Z] GET /api/rsvps
[2026-03-28T16:37:25.532Z] GET /api/content/events
[2026-03-28T16:37:25.534Z] GET /api/content/gallery
[2026-03-28T16:37:25.535Z] GET /api/content/moments
[2026-03-28T16:37:25.535Z] GET /api/content/home_data
[2026-03-28T16:37:25.539Z] GET /api/content/stories
[2026-03-28T16:37:25.548Z] GET /api/content/contact_data
[2026-03-28T16:37:25.548Z] GET /api/content/family_people
[2026-03-28T16:37:25.548Z] GET /api/content/family_families
[2026-03-28T16:37:25.548Z] GET /api/content/family_links
[2026-03-28T16:37:25.548Z] GET /api/content/groom_family_people
[2026-03-28T16:37:25.549Z] GET /api/content/groom_family_families
[2026-03-28T16:37:25.551Z] GET /api/content/groom_family_links
[2026-03-28T16:37:25.551Z] GET /api/rsvps
[2026-03-28T16:37:25.694Z] GET /api/content/events
[2026-03-28T16:37:25.694Z] GET /api/content/gallery
[2026-03-28T16:37:25.695Z] GET /api/content/moments
[2026-03-28T16:37:25.695Z] GET /api/content/home_data
[2026-03-28T16:37:25.695Z] GET /api/content/stories
[2026-03-28T16:37:25.699Z] GET /api/content/contact_data
[2026-03-28T16:37:25.700Z] GET /api/content/family_people
[2026-03-28T16:37:25.702Z] GET /api/content/family_families
[2026-03-28T16:37:25.704Z] GET /api/content/family_links
[2026-03-28T16:37:25.706Z] GET /api/content/groom_family_people
[2026-03-28T16:37:25.707Z] GET /api/content/groom_family_families
[2026-03-28T16:37:25.708Z] GET /api/content/groom_family_links
[2026-03-28T16:37:25.708Z] GET /api/rsvps
[2026-03-28T16:37:25.708Z] GET /api/content/events
[2026-03-28T16:37:25.710Z] GET /api/content/gallery
[2026-03-28T16:37:25.710Z] GET /api/content/moments
[2026-03-28T16:37:25.711Z] GET /api/content/home_data
[2026-03-28T16:37:25.714Z] GET /api/content/stories
[2026-03-28T16:37:25.715Z] GET /api/content/family_families
[2026-03-28T16:37:25.715Z] GET /api/content/contact_data
[2026-03-28T16:37:25.716Z] GET /api/content/family_people
[2026-03-28T16:37:25.716Z] GET /api/content/family_links
[2026-03-28T16:37:25.716Z] GET /api/content/groom_family_people
[2026-03-28T16:37:25.717Z] GET /api/content/groom_family_families
[2026-03-28T16:37:25.719Z] GET /api/content/groom_family_links
[2026-03-28T16:37:25.720Z] GET /api/rsvps
[2026-03-28T16:37:25.864Z] GET /api/content/gallery
[2026-03-28T16:37:25.866Z] GET /api/content/events
[2026-03-28T16:37:25.867Z] GET /api/content/moments
[2026-03-28T16:37:25.867Z] GET /api/content/home_data
[2026-03-28T16:37:25.869Z] GET /api/content/stories
[2026-03-28T16:37:25.870Z] GET /api/content/contact_data
[2026-03-28T16:37:25.873Z] GET /api/content/family_people
[2026-03-28T16:37:25.874Z] GET /api/content/family_families
[2026-03-28T16:37:25.875Z] GET /api/content/family_links
[2026-03-28T16:37:25.876Z] GET /api/content/groom_family_people
[2026-03-28T16:37:25.876Z] GET /api/content/groom_family_families
[2026-03-28T16:37:25.877Z] GET /api/content/groom_family_links
[2026-03-28T16:37:25.877Z] GET /api/rsvps
[2026-03-28T16:37:25.878Z] GET /api/content/gallery
[2026-03-28T16:37:25.879Z] GET /api/content/events
[2026-03-28T16:37:25.882Z] GET /api/content/moments
[2026-03-28T16:37:25.882Z] GET /api/content/home_data
[2026-03-28T16:37:25.884Z] GET /api/content/contact_data
[2026-03-28T16:37:25.884Z] GET /api/content/stories
[2026-03-28T16:37:25.886Z] GET /api/content/family_people
[2026-03-28T16:37:25.886Z] GET /api/content/family_families
[2026-03-28T16:37:25.886Z] GET /api/content/family_links
[2026-03-28T16:37:25.886Z] GET /api/content/groom_family_people
[2026-03-28T16:37:25.887Z] GET /api/content/groom_family_families
[2026-03-28T16:37:25.888Z] GET /api/content/groom_family_links
[2026-03-28T16:37:25.889Z] GET /api/rsvps
[2026-03-28T16:37:26.044Z] GET /api/content/events
[2026-03-28T16:37:26.044Z] GET /api/content/gallery
[2026-03-28T16:37:26.045Z] GET /api/content/moments
[2026-03-28T16:37:26.045Z] GET /api/content/home_data
[2026-03-28T16:37:26.045Z] GET /api/content/stories
[2026-03-28T16:37:26.045Z] GET /api/content/contact_data
[2026-03-28T16:37:26.050Z] GET /api/content/family_people
[2026-03-28T16:37:26.052Z] GET /api/content/family_families
[2026-03-28T16:37:26.053Z] GET /api/content/family_links
[2026-03-28T16:37:26.053Z] GET /api/content/groom_family_people
[2026-03-28T16:37:26.053Z] GET /api/content/groom_family_families
[2026-03-28T16:37:26.055Z] GET /api/content/groom_family_links
[2026-03-28T16:37:26.057Z] GET /api/rsvps
[2026-03-28T16:37:26.058Z] GET /api/content/events
[2026-03-28T16:37:26.058Z] GET /api/content/gallery
[2026-03-28T16:37:26.059Z] GET /api/content/moments
[2026-03-28T16:37:26.060Z] GET /api/content/home_data
[2026-03-28T16:37:26.061Z] GET /api/content/stories
[2026-03-28T16:37:26.063Z] GET /api/content/contact_data
[2026-03-28T16:37:26.064Z] GET /api/content/family_people
[2026-03-28T16:37:26.065Z] GET /api/content/family_families
[2026-03-28T16:37:26.066Z] GET /api/content/family_links
[2026-03-28T16:37:26.066Z] GET /api/content/groom_family_families
[2026-03-28T16:37:26.066Z] GET /api/content/groom_family_people
[2026-03-28T16:37:26.067Z] GET /api/content/groom_family_links
[2026-03-28T16:37:26.068Z] GET /api/rsvps
[2026-03-28T16:37:26.220Z] GET /api/content/events
[2026-03-28T16:37:26.221Z] GET /api/content/gallery
[2026-03-28T16:37:26.221Z] GET /api/content/moments
[2026-03-28T16:37:26.221Z] GET /api/content/home_data
[2026-03-28T16:37:26.224Z] GET /api/content/stories
[2026-03-28T16:37:26.226Z] GET /api/content/contact_data
[2026-03-28T16:37:26.227Z] GET /api/content/family_people
[2026-03-28T16:37:26.227Z] GET /api/content/family_families
[2026-03-28T16:37:26.228Z] GET /api/content/family_links
[2026-03-28T16:37:26.229Z] GET /api/content/groom_family_people
[2026-03-28T16:37:26.231Z] GET /api/content/groom_family_families
[2026-03-28T16:37:26.232Z] GET /api/content/groom_family_links
[2026-03-28T16:37:26.234Z] GET /api/rsvps
[2026-03-28T16:37:26.235Z] GET /api/content/events
[2026-03-28T16:37:26.236Z] GET /api/content/gallery
[2026-03-28T16:37:26.236Z] GET /api/content/moments
[2026-03-28T16:37:26.238Z] GET /api/content/home_data
[2026-03-28T16:37:26.239Z] GET /api/content/stories
[2026-03-28T16:37:26.241Z] GET /api/content/contact_data
[2026-03-28T16:37:26.242Z] GET /api/content/family_people
[2026-03-28T16:37:26.243Z] GET /api/content/family_families
[2026-03-28T16:37:26.243Z] GET /api/content/family_links
[2026-03-28T16:37:26.244Z] GET /api/content/groom_family_people
[2026-03-28T16:37:26.247Z] GET /api/content/groom_family_families
[2026-03-28T16:37:26.247Z] GET /api/content/groom_family_links
[2026-03-28T16:37:26.247Z] GET /api/rsvps
[2026-03-28T16:37:26.430Z] GET /api/content/events
[2026-03-28T16:37:26.431Z] GET /api/content/moments
[2026-03-28T16:37:26.431Z] GET /api/content/gallery
[2026-03-28T16:37:26.431Z] GET /api/content/home_data
[2026-03-28T16:37:26.431Z] GET /api/content/stories
[2026-03-28T16:37:26.435Z] GET /api/content/contact_data
[2026-03-28T16:37:26.437Z] GET /api/content/family_people
[2026-03-28T16:37:26.439Z] GET /api/content/family_families
[2026-03-28T16:37:26.443Z] GET /api/content/family_links
[2026-03-28T16:37:26.444Z] GET /api/content/groom_family_families
[2026-03-28T16:37:26.444Z] GET /api/content/groom_family_people
[2026-03-28T16:37:26.445Z] GET /api/content/groom_family_links
[2026-03-28T16:37:26.447Z] GET /api/content/events
[2026-03-28T16:37:26.449Z] GET /api/rsvps
[2026-03-28T16:37:26.450Z] GET /api/content/moments
[2026-03-28T16:37:26.450Z] GET /api/content/gallery
[2026-03-28T16:37:26.450Z] GET /api/content/home_data
[2026-03-28T16:37:26.451Z] GET /api/content/stories
[2026-03-28T16:37:26.455Z] GET /api/content/contact_data
[2026-03-28T16:37:26.456Z] GET /api/content/family_people
[2026-03-28T16:37:26.456Z] GET /api/content/family_families
[2026-03-28T16:37:26.456Z] GET /api/content/groom_family_families
[2026-03-28T16:37:26.457Z] GET /api/content/family_links
[2026-03-28T16:37:26.457Z] GET /api/content/groom_family_links
[2026-03-28T16:37:26.458Z] GET /api/content/groom_family_people
[2026-03-28T16:37:26.458Z] GET /api/rsvps
[2026-03-28T16:37:26.594Z] GET /api/content/events
[2026-03-28T16:37:26.595Z] GET /api/content/gallery
[2026-03-28T16:37:26.595Z] GET /api/content/moments
[2026-03-28T16:37:26.596Z] GET /api/content/home_data
[2026-03-28T16:37:26.596Z] GET /api/content/stories
[2026-03-28T16:37:26.596Z] GET /api/content/contact_data
[2026-03-28T16:37:26.600Z] GET /api/content/family_people
[2026-03-28T16:37:26.601Z] GET /api/content/family_families
[2026-03-28T16:37:26.602Z] GET /api/content/family_links
[2026-03-28T16:37:26.603Z] GET /api/content/groom_family_people
[2026-03-28T16:37:26.604Z] GET /api/content/groom_family_families
[2026-03-28T16:37:26.605Z] GET /api/content/groom_family_links
[2026-03-28T16:37:26.605Z] GET /api/rsvps
[2026-03-28T16:37:26.607Z] GET /api/content/events
[2026-03-28T16:37:26.607Z] GET /api/content/gallery
[2026-03-28T16:37:26.611Z] GET /api/content/moments
[2026-03-28T16:37:26.611Z] GET /api/content/home_data
[2026-03-28T16:37:26.612Z] GET /api/content/stories
[2026-03-28T16:37:26.613Z] GET /api/content/contact_data
[2026-03-28T16:37:26.614Z] GET /api/content/family_people
[2026-03-28T16:37:26.616Z] GET /api/content/family_families
[2026-03-28T16:37:26.618Z] GET /api/content/family_links
[2026-03-28T16:37:26.618Z] GET /api/content/groom_family_people
[2026-03-28T16:37:26.618Z] GET /api/content/groom_family_families
[2026-03-28T16:37:26.618Z] GET /api/content/groom_family_links
[2026-03-28T16:37:26.619Z] GET /api/rsvps
[2026-03-28T16:37:26.782Z] GET /api/content/events
[2026-03-28T16:37:26.783Z] GET /api/content/gallery
[2026-03-28T16:37:26.783Z] GET /api/content/moments
[2026-03-28T16:37:26.783Z] GET /api/content/home_data
[2026-03-28T16:37:26.783Z] GET /api/content/stories
[2026-03-28T16:37:26.783Z] GET /api/content/contact_data
[2026-03-28T16:37:26.786Z] GET /api/content/family_people
[2026-03-28T16:37:26.786Z] GET /api/content/family_families
[2026-03-28T16:37:26.786Z] GET /api/content/family_links
[2026-03-28T16:37:26.786Z] GET /api/content/groom_family_families
[2026-03-28T16:37:26.786Z] GET /api/content/groom_family_links
[2026-03-28T16:37:26.787Z] GET /api/content/groom_family_people
[2026-03-28T16:37:26.789Z] GET /api/rsvps
[2026-03-28T16:37:26.789Z] GET /api/content/events
[2026-03-28T16:37:26.789Z] GET /api/content/gallery
[2026-03-28T16:37:26.789Z] GET /api/content/moments
[2026-03-28T16:37:26.789Z] GET /api/content/stories
[2026-03-28T16:37:26.790Z] GET /api/content/contact_data
[2026-03-28T16:37:26.792Z] GET /api/content/home_data
[2026-03-28T16:37:26.792Z] GET /api/content/family_people
[2026-03-28T16:37:26.793Z] GET /api/content/family_families
[2026-03-28T16:37:26.796Z] GET /api/content/family_links
[2026-03-28T16:37:26.796Z] GET /api/content/groom_family_families
[2026-03-28T16:37:26.796Z] GET /api/content/groom_family_links
[2026-03-28T16:37:26.797Z] GET /api/content/groom_family_people
[2026-03-28T16:37:26.801Z] GET /api/rsvps
[2026-03-28T16:37:27.000Z] GET /api/content/events
[2026-03-28T16:37:27.001Z] GET /api/content/gallery
[2026-03-28T16:37:27.001Z] GET /api/content/home_data
[2026-03-28T16:37:27.001Z] GET /api/content/moments
[2026-03-28T16:37:27.002Z] GET /api/content/contact_data
[2026-03-28T16:37:27.003Z] GET /api/content/stories
[2026-03-28T16:37:27.004Z] GET /api/content/family_people
[2026-03-28T16:37:27.004Z] GET /api/content/family_families
[2026-03-28T16:37:27.004Z] GET /api/content/family_links
[2026-03-28T16:37:27.004Z] GET /api/content/groom_family_people
[2026-03-28T16:37:27.008Z] GET /api/content/groom_family_links
[2026-03-28T16:37:27.008Z] GET /api/content/groom_family_families
[2026-03-28T16:37:27.010Z] GET /api/rsvps
[2026-03-28T16:37:27.011Z] GET /api/content/events
[2026-03-28T16:37:27.011Z] GET /api/content/gallery
[2026-03-28T16:37:27.011Z] GET /api/content/home_data
[2026-03-28T16:37:27.013Z] GET /api/content/moments
[2026-03-28T16:37:27.014Z] GET /api/content/contact_data
[2026-03-28T16:37:27.014Z] GET /api/content/stories
[2026-03-28T16:37:27.019Z] GET /api/content/family_families
[2026-03-28T16:37:27.020Z] GET /api/content/family_links
[2026-03-28T16:37:27.020Z] GET /api/content/family_people
[2026-03-28T16:37:27.021Z] GET /api/content/groom_family_people
[2026-03-28T16:37:27.021Z] GET /api/content/groom_family_links
[2026-03-28T16:37:27.023Z] GET /api/content/groom_family_families
[2026-03-28T16:37:27.024Z] GET /api/rsvps
[2026-03-28T16:37:27.275Z] GET /api/content/events
[2026-03-28T16:37:27.277Z] GET /api/content/gallery
[2026-03-28T16:37:27.278Z] GET /api/content/moments
[2026-03-28T16:37:27.278Z] GET /api/content/home_data
[2026-03-28T16:37:27.279Z] GET /api/content/stories
[2026-03-28T16:37:27.279Z] GET /api/content/contact_data
[2026-03-28T16:37:27.280Z] GET /api/content/family_people
[2026-03-28T16:37:27.282Z] GET /api/content/family_links
[2026-03-28T16:37:27.285Z] GET /api/content/groom_family_people
[2026-03-28T16:37:27.286Z] GET /api/content/groom_family_families
[2026-03-28T16:37:27.288Z] GET /api/content/groom_family_links
[2026-03-28T16:37:27.288Z] GET /api/rsvps
[2026-03-28T16:37:27.288Z] GET /api/content/family_families
[2026-03-28T16:37:27.290Z] GET /api/content/events
[2026-03-28T16:37:27.291Z] GET /api/content/gallery
[2026-03-28T16:37:27.292Z] GET /api/content/moments
[2026-03-28T16:37:27.292Z] GET /api/content/home_data
[2026-03-28T16:37:27.292Z] GET /api/content/stories
[2026-03-28T16:37:27.297Z] GET /api/content/contact_data
[2026-03-28T16:37:27.298Z] GET /api/content/family_people
[2026-03-28T16:37:27.298Z] GET /api/content/family_links
[2026-03-28T16:37:27.299Z] GET /api/content/groom_family_people
[2026-03-28T16:37:27.300Z] GET /api/content/groom_family_families
[2026-03-28T16:37:27.300Z] GET /api/content/groom_family_links
[2026-03-28T16:37:27.301Z] GET /api/content/family_families
[2026-03-28T16:37:27.302Z] GET /api/rsvps
[2026-03-28T16:37:27.572Z] GET /api/content/events
[2026-03-28T16:37:27.573Z] GET /api/content/gallery
[2026-03-28T16:37:27.574Z] GET /api/content/moments
[2026-03-28T16:37:27.575Z] GET /api/content/home_data
[2026-03-28T16:37:27.576Z] GET /api/content/stories
[2026-03-28T16:37:27.579Z] GET /api/content/contact_data
[2026-03-28T16:37:27.580Z] GET /api/content/family_people
[2026-03-28T16:37:27.584Z] GET /api/content/family_families
[2026-03-28T16:37:27.585Z] GET /api/content/family_links
[2026-03-28T16:37:27.585Z] GET /api/content/groom_family_people
[2026-03-28T16:37:27.586Z] GET /api/content/groom_family_families
[2026-03-28T16:37:27.587Z] GET /api/content/groom_family_links
[2026-03-28T16:37:27.588Z] GET /api/rsvps
[2026-03-28T16:37:27.589Z] GET /api/content/events
[2026-03-28T16:37:27.590Z] GET /api/content/gallery
[2026-03-28T16:37:27.593Z] GET /api/content/home_data
[2026-03-28T16:37:27.593Z] GET /api/content/moments
[2026-03-28T16:37:27.596Z] GET /api/content/stories
[2026-03-28T16:37:27.598Z] GET /api/content/contact_data
[2026-03-28T16:37:27.598Z] GET /api/content/family_people
[2026-03-28T16:37:27.599Z] GET /api/content/family_families
[2026-03-28T16:37:27.599Z] GET /api/content/family_links
[2026-03-28T16:37:27.600Z] GET /api/content/groom_family_people
[2026-03-28T16:37:27.601Z] GET /api/content/groom_family_families
[2026-03-28T16:37:27.601Z] GET /api/content/groom_family_links
[2026-03-28T16:37:27.601Z] GET /api/rsvps
[2026-03-28T16:37:27.786Z] GET /api/content/events
[2026-03-28T16:37:27.788Z] GET /api/content/gallery
[2026-03-28T16:37:27.788Z] GET /api/content/home_data
[2026-03-28T16:37:27.789Z] GET /api/content/contact_data
[2026-03-28T16:37:27.791Z] GET /api/content/family_families
[2026-03-28T16:37:27.792Z] GET /api/content/moments
[2026-03-28T16:37:27.793Z] GET /api/content/family_links
[2026-03-28T16:37:27.794Z] GET /api/content/groom_family_people
[2026-03-28T16:37:27.795Z] GET /api/content/groom_family_families
[2026-03-28T16:37:27.795Z] GET /api/content/groom_family_links
[2026-03-28T16:37:27.796Z] GET /api/content/stories
[2026-03-28T16:37:27.797Z] GET /api/content/family_people
[2026-03-28T16:37:27.798Z] GET /api/rsvps
[2026-03-28T16:37:27.799Z] GET /api/content/events
[2026-03-28T16:37:27.800Z] GET /api/content/gallery
[2026-03-28T16:37:27.800Z] GET /api/content/home_data
[2026-03-28T16:37:27.804Z] GET /api/content/contact_data
[2026-03-28T16:37:27.804Z] GET /api/content/family_families
[2026-03-28T16:37:27.805Z] GET /api/content/moments
[2026-03-28T16:37:27.805Z] GET /api/content/groom_family_people
[2026-03-28T16:37:27.805Z] GET /api/content/family_links
[2026-03-28T16:37:27.806Z] GET /api/content/groom_family_families
[2026-03-28T16:37:27.808Z] GET /api/content/stories
[2026-03-28T16:37:27.809Z] GET /api/content/groom_family_links
[2026-03-28T16:37:27.809Z] GET /api/content/family_people
[2026-03-28T16:37:27.809Z] GET /api/rsvps
[2026-03-28T16:37:27.979Z] GET /api/content/gallery
[2026-03-28T16:37:27.979Z] GET /api/content/events
[2026-03-28T16:37:27.980Z] GET /api/content/moments
[2026-03-28T16:37:27.980Z] GET /api/content/home_data
[2026-03-28T16:37:27.982Z] GET /api/content/stories
[2026-03-28T16:37:27.984Z] GET /api/content/contact_data
[2026-03-28T16:37:27.986Z] GET /api/content/family_people
[2026-03-28T16:37:27.986Z] GET /api/content/family_families
[2026-03-28T16:37:27.987Z] GET /api/content/family_links
[2026-03-28T16:37:27.988Z] GET /api/content/groom_family_people
[2026-03-28T16:37:27.989Z] GET /api/content/groom_family_families
[2026-03-28T16:37:27.990Z] GET /api/content/groom_family_links
[2026-03-28T16:37:27.991Z] GET /api/rsvps
[2026-03-28T16:37:27.991Z] GET /api/content/events
[2026-03-28T16:37:27.992Z] GET /api/content/gallery
[2026-03-28T16:37:27.992Z] GET /api/content/moments
[2026-03-28T16:37:27.994Z] GET /api/content/home_data
[2026-03-28T16:37:27.997Z] GET /api/content/stories
[2026-03-28T16:37:27.998Z] GET /api/content/contact_data
[2026-03-28T16:37:27.998Z] GET /api/content/family_people
[2026-03-28T16:37:27.999Z] GET /api/content/family_links
[2026-03-28T16:37:28.001Z] GET /api/content/family_families
[2026-03-28T16:37:28.001Z] GET /api/content/groom_family_people
[2026-03-28T16:37:28.002Z] GET /api/content/groom_family_families
[2026-03-28T16:37:28.002Z] GET /api/content/groom_family_links
[2026-03-28T16:37:28.002Z] GET /api/rsvps
[2026-03-28T16:37:28.164Z] GET /api/content/events
[2026-03-28T16:37:28.165Z] GET /api/content/gallery
[2026-03-28T16:37:28.165Z] GET /api/content/moments
[2026-03-28T16:37:28.166Z] GET /api/content/stories
[2026-03-28T16:37:28.166Z] GET /api/content/home_data
[2026-03-28T16:37:28.166Z] GET /api/content/contact_data
[2026-03-28T16:37:28.175Z] GET /api/content/family_people
[2026-03-28T16:37:28.179Z] GET /api/content/family_families
[2026-03-28T16:37:28.180Z] GET /api/content/family_links
[2026-03-28T16:37:28.181Z] GET /api/content/groom_family_people
[2026-03-28T16:37:28.183Z] GET /api/content/groom_family_families
[2026-03-28T16:37:28.183Z] GET /api/content/groom_family_links
[2026-03-28T16:37:28.183Z] GET /api/rsvps
[2026-03-28T16:37:28.184Z] GET /api/content/gallery
[2026-03-28T16:37:28.185Z] GET /api/content/events
[2026-03-28T16:37:28.185Z] GET /api/content/moments
[2026-03-28T16:37:28.187Z] GET /api/content/stories
[2026-03-28T16:37:28.187Z] GET /api/content/home_data
[2026-03-28T16:37:28.190Z] GET /api/content/contact_data
[2026-03-28T16:37:28.190Z] GET /api/content/family_links
[2026-03-28T16:37:28.190Z] GET /api/content/family_people
[2026-03-28T16:37:28.190Z] GET /api/content/family_families
[2026-03-28T16:37:28.191Z] GET /api/content/groom_family_people
[2026-03-28T16:37:28.191Z] GET /api/content/groom_family_families
[2026-03-28T16:37:28.193Z] GET /api/content/groom_family_links
[2026-03-28T16:37:28.193Z] GET /api/rsvps
[2026-03-28T16:37:54.769Z] GET /api/health
[2026-03-28T16:47:38.361Z] GET /api/health
[2026-03-28T16:48:27.243Z] POST /api/content/moments
PayloadTooLargeError: request entity too large
    at readStream (/Users/raacoon/Desktop/Project/invitation2/node_modules/raw-body/index.js:163:17)
    at getRawBody (/Users/raacoon/Desktop/Project/invitation2/node_modules/raw-body/index.js:116:12)
    at read (/Users/raacoon/Desktop/Project/invitation2/node_modules/body-parser/lib/read.js:114:3)
    at jsonParser (/Users/raacoon/Desktop/Project/invitation2/node_modules/body-parser/lib/types/json.js:90:5)
    at Layer.handleRequest (/Users/raacoon/Desktop/Project/invitation2/node_modules/router/lib/layer.js:152:17)
    at trimPrefix (/Users/raacoon/Desktop/Project/invitation2/node_modules/router/index.js:342:13)
    at /Users/raacoon/Desktop/Project/invitation2/node_modules/router/index.js:297:9
    at processParams (/Users/raacoon/Desktop/Project/invitation2/node_modules/router/index.js:582:12)
    at next (/Users/raacoon/Desktop/Project/invitation2/node_modules/router/index.js:291:5)
    at cors (/Users/raacoon/Desktop/Project/invitation2/node_modules/cors/lib/index.js:188:7)
[2026-03-28T16:48:31.995Z] GET /api/users
[2026-03-28T16:48:32.022Z] GET /api/guests
[2026-03-28T16:48:32.027Z] GET /api/rsvps
[2026-03-28T16:48:32.251Z] GET /api/users
[2026-03-28T16:48:32.254Z] GET /api/guests
[2026-03-28T16:48:32.266Z] GET /api/rsvps
[2026-03-28T16:48:39.072Z] POST /api/content/gallery
PayloadTooLargeError: request entity too large
    at readStream (/Users/raacoon/Desktop/Project/invitation2/node_modules/raw-body/index.js:163:17)
    at getRawBody (/Users/raacoon/Desktop/Project/invitation2/node_modules/raw-body/index.js:116:12)
    at read (/Users/raacoon/Desktop/Project/invitation2/node_modules/body-parser/lib/read.js:114:3)
    at jsonParser (/Users/raacoon/Desktop/Project/invitation2/node_modules/body-parser/lib/types/json.js:90:5)
    at Layer.handleRequest (/Users/raacoon/Desktop/Project/invitation2/node_modules/router/lib/layer.js:152:17)
    at trimPrefix (/Users/raacoon/Desktop/Project/invitation2/node_modules/router/index.js:342:13)
    at /Users/raacoon/Desktop/Project/invitation2/node_modules/router/index.js:297:9
    at processParams (/Users/raacoon/Desktop/Project/invitation2/node_modules/router/index.js:582:12)
    at next (/Users/raacoon/Desktop/Project/invitation2/node_modules/router/index.js:291:5)
    at cors (/Users/raacoon/Desktop/Project/invitation2/node_modules/cors/lib/index.js:188:7)
[2026-03-28T16:48:41.743Z] POST /api/content/gallery
PayloadTooLargeError: request entity too large
    at readStream (/Users/raacoon/Desktop/Project/invitation2/node_modules/raw-body/index.js:163:17)
    at getRawBody (/Users/raacoon/Desktop/Project/invitation2/node_modules/raw-body/index.js:116:12)
    at read (/Users/raacoon/Desktop/Project/invitation2/node_modules/body-parser/lib/read.js:114:3)
    at jsonParser (/Users/raacoon/Desktop/Project/invitation2/node_modules/body-parser/lib/types/json.js:90:5)
    at Layer.handleRequest (/Users/raacoon/Desktop/Project/invitation2/node_modules/router/lib/layer.js:152:17)
    at trimPrefix (/Users/raacoon/Desktop/Project/invitation2/node_modules/router/index.js:342:13)
    at /Users/raacoon/Desktop/Project/invitation2/node_modules/router/index.js:297:9
    at processParams (/Users/raacoon/Desktop/Project/invitation2/node_modules/router/index.js:582:12)
    at next (/Users/raacoon/Desktop/Project/invitation2/node_modules/router/index.js:291:5)
    at cors (/Users/raacoon/Desktop/Project/invitation2/node_modules/cors/lib/index.js:188:7)
[2026-03-28T16:48:44.857Z] POST /api/content/gallery
PayloadTooLargeError: request entity too large
    at readStream (/Users/raacoon/Desktop/Project/invitation2/node_modules/raw-body/index.js:163:17)
    at getRawBody (/Users/raacoon/Desktop/Project/invitation2/node_modules/raw-body/index.js:116:12)
    at read (/Users/raacoon/Desktop/Project/invitation2/node_modules/body-parser/lib/read.js:114:3)
    at jsonParser (/Users/raacoon/Desktop/Project/invitation2/node_modules/body-parser/lib/types/json.js:90:5)
    at Layer.handleRequest (/Users/raacoon/Desktop/Project/invitation2/node_modules/router/lib/layer.js:152:17)
    at trimPrefix (/Users/raacoon/Desktop/Project/invitation2/node_modules/router/index.js:342:13)
    at /Users/raacoon/Desktop/Project/invitation2/node_modules/router/index.js:297:9
    at processParams (/Users/raacoon/Desktop/Project/invitation2/node_modules/router/index.js:582:12)
    at next (/Users/raacoon/Desktop/Project/invitation2/node_modules/router/index.js:291:5)
    at cors (/Users/raacoon/Desktop/Project/invitation2/node_modules/cors/lib/index.js:188:7)
[2026-03-28T16:48:47.587Z] POST /api/content/gallery
PayloadTooLargeError: request entity too large
    at readStream (/Users/raacoon/Desktop/Project/invitation2/node_modules/raw-body/index.js:163:17)
    at getRawBody (/Users/raacoon/Desktop/Project/invitation2/node_modules/raw-body/index.js:116:12)
    at read (/Users/raacoon/Desktop/Project/invitation2/node_modules/body-parser/lib/read.js:114:3)
    at jsonParser (/Users/raacoon/Desktop/Project/invitation2/node_modules/body-parser/lib/types/json.js:90:5)
    at Layer.handleRequest (/Users/raacoon/Desktop/Project/invitation2/node_modules/router/lib/layer.js:152:17)
    at trimPrefix (/Users/raacoon/Desktop/Project/invitation2/node_modules/router/index.js:342:13)
    at /Users/raacoon/Desktop/Project/invitation2/node_modules/router/index.js:297:9
    at processParams (/Users/raacoon/Desktop/Project/invitation2/node_modules/router/index.js:582:12)
    at next (/Users/raacoon/Desktop/Project/invitation2/node_modules/router/index.js:291:5)
    at cors (/Users/raacoon/Desktop/Project/invitation2/node_modules/cors/lib/index.js:188:7)
[2026-03-28T16:48:55.994Z] POST /api/content/moments
PayloadTooLargeError: request entity too large
    at readStream (/Users/raacoon/Desktop/Project/invitation2/node_modules/raw-body/index.js:163:17)
    at getRawBody (/Users/raacoon/Desktop/Project/invitation2/node_modules/raw-body/index.js:116:12)
    at read (/Users/raacoon/Desktop/Project/invitation2/node_modules/body-parser/lib/read.js:114:3)
    at jsonParser (/Users/raacoon/Desktop/Project/invitation2/node_modules/body-parser/lib/types/json.js:90:5)
    at Layer.handleRequest (/Users/raacoon/Desktop/Project/invitation2/node_modules/router/lib/layer.js:152:17)
    at trimPrefix (/Users/raacoon/Desktop/Project/invitation2/node_modules/router/index.js:342:13)
    at /Users/raacoon/Desktop/Project/invitation2/node_modules/router/index.js:297:9
    at processParams (/Users/raacoon/Desktop/Project/invitation2/node_modules/router/index.js:582:12)
    at next (/Users/raacoon/Desktop/Project/invitation2/node_modules/router/index.js:291:5)
    at cors (/Users/raacoon/Desktop/Project/invitation2/node_modules/cors/lib/index.js:188:7)
[2026-03-28T16:48:57.662Z] GET /api/content/moments
[2026-03-28T16:48:57.665Z] GET /api/content/home_data
[2026-03-28T16:48:57.666Z] GET /api/content/gallery
[2026-03-28T16:48:57.667Z] GET /api/content/events
[2026-03-28T16:48:57.668Z] GET /api/content/contact_data
[2026-03-28T16:48:57.672Z] GET /api/content/stories
[2026-03-28T16:48:57.704Z] GET /api/content/family_families
[2026-03-28T16:48:57.706Z] GET /api/content/groom_family_people
[2026-03-28T16:48:57.708Z] GET /api/content/family_people
[2026-03-28T16:48:57.709Z] GET /api/content/family_links
[2026-03-28T16:48:57.710Z] GET /api/rsvps
[2026-03-28T16:48:57.718Z] GET /api/content/groom_family_families
[2026-03-28T16:48:57.718Z] GET /api/content/groom_family_links
[2026-03-28T16:48:57.718Z] GET /api/content/events
[2026-03-28T16:48:57.721Z] GET /api/content/stories
[2026-03-28T16:48:57.725Z] GET /api/content/gallery
[2026-03-28T16:48:57.726Z] GET /api/content/home_data
[2026-03-28T16:48:57.726Z] GET /api/content/contact_data
[2026-03-28T16:48:57.726Z] GET /api/content/family_families
[2026-03-28T16:48:57.730Z] GET /api/content/moments
[2026-03-28T16:48:57.733Z] GET /api/content/groom_family_people
[2026-03-28T16:48:57.733Z] GET /api/content/family_links
[2026-03-28T16:48:57.736Z] GET /api/content/groom_family_families
[2026-03-28T16:48:57.740Z] GET /api/content/family_people
[2026-03-28T16:48:57.742Z] GET /api/content/groom_family_links
[2026-03-28T16:48:57.769Z] GET /api/rsvps
[2026-03-28T16:48:59.706Z] GET /api/content/events
[2026-03-28T16:48:59.707Z] GET /api/content/gallery
[2026-03-28T16:48:59.708Z] GET /api/content/moments
[2026-03-28T16:48:59.709Z] GET /api/content/stories
[2026-03-28T16:48:59.711Z] GET /api/content/contact_data
[2026-03-28T16:48:59.716Z] GET /api/content/family_people
[2026-03-28T16:48:59.722Z] GET /api/content/family_families
[2026-03-28T16:48:59.723Z] GET /api/content/home_data
[2026-03-28T16:48:59.724Z] GET /api/content/family_links
[2026-03-28T16:48:59.725Z] GET /api/content/groom_family_people
[2026-03-28T16:48:59.728Z] GET /api/content/groom_family_families
[2026-03-28T16:48:59.729Z] GET /api/content/groom_family_links
[2026-03-28T16:48:59.732Z] GET /api/rsvps
[2026-03-28T16:48:59.733Z] GET /api/content/events
[2026-03-28T16:48:59.733Z] GET /api/content/gallery
[2026-03-28T16:48:59.734Z] GET /api/content/moments
[2026-03-28T16:48:59.734Z] GET /api/content/stories
[2026-03-28T16:48:59.741Z] GET /api/content/contact_data
[2026-03-28T16:48:59.742Z] GET /api/content/family_people
[2026-03-28T16:48:59.747Z] GET /api/content/family_families
[2026-03-28T16:48:59.748Z] GET /api/content/family_links
[2026-03-28T16:48:59.748Z] GET /api/content/groom_family_people
[2026-03-28T16:48:59.748Z] GET /api/content/home_data
[2026-03-28T16:48:59.752Z] GET /api/content/groom_family_links
[2026-03-28T16:48:59.752Z] GET /api/content/groom_family_families
[2026-03-28T16:48:59.760Z] GET /api/rsvps
[2026-03-28T16:49:00.149Z] GET /api/content/events
[2026-03-28T16:49:00.151Z] GET /api/content/gallery
[2026-03-28T16:49:00.151Z] GET /api/content/moments
[2026-03-28T16:49:00.152Z] GET /api/content/home_data
[2026-03-28T16:49:00.153Z] GET /api/content/stories
[2026-03-28T16:49:00.172Z] GET /api/content/contact_data
[2026-03-28T16:49:00.174Z] GET /api/content/family_people
[2026-03-28T16:49:00.178Z] GET /api/content/family_families
[2026-03-28T16:49:00.180Z] GET /api/content/family_links
[2026-03-28T16:49:00.181Z] GET /api/content/groom_family_people
[2026-03-28T16:49:00.183Z] GET /api/content/groom_family_families
[2026-03-28T16:49:00.185Z] GET /api/content/groom_family_links
[2026-03-28T16:49:00.189Z] GET /api/rsvps
[2026-03-28T16:49:00.190Z] GET /api/content/events
[2026-03-28T16:49:00.191Z] GET /api/content/gallery
[2026-03-28T16:49:00.192Z] GET /api/content/moments
[2026-03-28T16:49:00.192Z] GET /api/content/home_data
[2026-03-28T16:49:00.192Z] GET /api/content/stories
[2026-03-28T16:49:00.197Z] GET /api/content/family_people
[2026-03-28T16:49:00.197Z] GET /api/content/contact_data
[2026-03-28T16:49:00.210Z] GET /api/content/family_families
[2026-03-28T16:49:00.218Z] GET /api/content/family_links
[2026-03-28T16:49:00.220Z] GET /api/content/groom_family_people
[2026-03-28T16:49:00.222Z] GET /api/content/groom_family_links
[2026-03-28T16:49:00.224Z] GET /api/content/groom_family_families
[2026-03-28T16:49:00.227Z] GET /api/rsvps
[2026-03-28T16:49:08.839Z] POST /api/content/moments
PayloadTooLargeError: request entity too large
    at readStream (/Users/raacoon/Desktop/Project/invitation2/node_modules/raw-body/index.js:163:17)
    at getRawBody (/Users/raacoon/Desktop/Project/invitation2/node_modules/raw-body/index.js:116:12)
    at read (/Users/raacoon/Desktop/Project/invitation2/node_modules/body-parser/lib/read.js:114:3)
    at jsonParser (/Users/raacoon/Desktop/Project/invitation2/node_modules/body-parser/lib/types/json.js:90:5)
    at Layer.handleRequest (/Users/raacoon/Desktop/Project/invitation2/node_modules/router/lib/layer.js:152:17)
    at trimPrefix (/Users/raacoon/Desktop/Project/invitation2/node_modules/router/index.js:342:13)
    at /Users/raacoon/Desktop/Project/invitation2/node_modules/router/index.js:297:9
    at processParams (/Users/raacoon/Desktop/Project/invitation2/node_modules/router/index.js:582:12)
    at next (/Users/raacoon/Desktop/Project/invitation2/node_modules/router/index.js:291:5)
    at cors (/Users/raacoon/Desktop/Project/invitation2/node_modules/cors/lib/index.js:188:7)
[2026-03-28T16:49:13.529Z] POST /api/content/moments
PayloadTooLargeError: request entity too large
    at readStream (/Users/raacoon/Desktop/Project/invitation2/node_modules/raw-body/index.js:163:17)
    at getRawBody (/Users/raacoon/Desktop/Project/invitation2/node_modules/raw-body/index.js:116:12)
    at read (/Users/raacoon/Desktop/Project/invitation2/node_modules/body-parser/lib/read.js:114:3)
    at jsonParser (/Users/raacoon/Desktop/Project/invitation2/node_modules/body-parser/lib/types/json.js:90:5)
    at Layer.handleRequest (/Users/raacoon/Desktop/Project/invitation2/node_modules/router/lib/layer.js:152:17)
    at trimPrefix (/Users/raacoon/Desktop/Project/invitation2/node_modules/router/index.js:342:13)
    at /Users/raacoon/Desktop/Project/invitation2/node_modules/router/index.js:297:9
    at processParams (/Users/raacoon/Desktop/Project/invitation2/node_modules/router/index.js:582:12)
    at next (/Users/raacoon/Desktop/Project/invitation2/node_modules/router/index.js:291:5)
    at cors (/Users/raacoon/Desktop/Project/invitation2/node_modules/cors/lib/index.js:188:7)
[2026-03-28T16:49:19.059Z] GET /api/content/events
[2026-03-28T16:49:19.062Z] GET /api/content/gallery
[2026-03-28T16:49:19.063Z] GET /api/content/moments
[2026-03-28T16:49:19.064Z] GET /api/content/home_data
[2026-03-28T16:49:19.064Z] GET /api/content/stories
[2026-03-28T16:49:19.064Z] GET /api/content/contact_data
[2026-03-28T16:49:19.245Z] GET /api/content/family_people
[2026-03-28T16:49:19.247Z] GET /api/content/groom_family_families
[2026-03-28T16:49:19.250Z] GET /api/content/groom_family_links
[2026-03-28T16:49:19.251Z] GET /api/rsvps
[2026-03-28T16:49:19.252Z] GET /api/content/family_families
[2026-03-28T16:49:19.253Z] GET /api/content/family_links
[2026-03-28T16:49:19.255Z] GET /api/content/groom_family_people
[2026-03-28T16:49:19.257Z] GET /api/content/home_data
[2026-03-28T16:49:19.258Z] GET /api/content/contact_data
[2026-03-28T16:49:19.261Z] GET /api/content/moments
[2026-03-28T16:49:19.265Z] GET /api/content/stories
[2026-03-28T16:49:19.265Z] GET /api/content/events
[2026-03-28T16:49:19.265Z] GET /api/content/gallery
[2026-03-28T16:49:19.266Z] GET /api/content/groom_family_families
[2026-03-28T16:49:19.271Z] GET /api/content/family_people
[2026-03-28T16:49:19.271Z] GET /api/content/groom_family_links
[2026-03-28T16:49:19.271Z] GET /api/content/family_families
[2026-03-28T16:49:19.272Z] GET /api/content/family_links
[2026-03-28T16:49:19.272Z] GET /api/content/groom_family_people
[2026-03-28T16:49:19.306Z] GET /api/rsvps
[2026-03-28T16:49:21.838Z] GET /api/content/events
[2026-03-28T16:49:21.839Z] GET /api/content/gallery
[2026-03-28T16:49:21.840Z] GET /api/content/moments
[2026-03-28T16:49:21.840Z] GET /api/content/home_data
[2026-03-28T16:49:21.841Z] GET /api/content/stories
[2026-03-28T16:49:21.841Z] GET /api/content/contact_data
[2026-03-28T16:49:21.867Z] GET /api/content/family_people
[2026-03-28T16:49:21.868Z] GET /api/content/family_families
[2026-03-28T16:49:21.870Z] GET /api/content/family_links
[2026-03-28T16:49:21.872Z] GET /api/content/groom_family_people
[2026-03-28T16:49:21.872Z] GET /api/content/groom_family_families
[2026-03-28T16:49:21.873Z] GET /api/content/groom_family_links
[2026-03-28T16:49:21.874Z] GET /api/rsvps
[2026-03-28T16:49:21.876Z] GET /api/content/events
[2026-03-28T16:49:21.877Z] GET /api/content/moments
[2026-03-28T16:49:21.879Z] GET /api/content/gallery
[2026-03-28T16:49:21.879Z] GET /api/content/stories
[2026-03-28T16:49:21.879Z] GET /api/content/home_data
[2026-03-28T16:49:21.881Z] GET /api/content/contact_data
[2026-03-28T16:49:21.884Z] GET /api/content/family_people
[2026-03-28T16:49:21.885Z] GET /api/content/family_families
[2026-03-28T16:49:21.890Z] GET /api/content/family_links
[2026-03-28T16:49:21.890Z] GET /api/content/groom_family_people
[2026-03-28T16:49:21.895Z] GET /api/content/groom_family_links
[2026-03-28T16:49:21.896Z] GET /api/content/groom_family_families
[2026-03-28T16:49:21.896Z] GET /api/rsvps
[2026-03-28T16:49:22.768Z] GET /api/content/events
[2026-03-28T16:49:22.770Z] GET /api/content/gallery
[2026-03-28T16:49:22.770Z] GET /api/content/moments
[2026-03-28T16:49:22.770Z] GET /api/content/stories
[2026-03-28T16:49:22.771Z] GET /api/content/home_data
[2026-03-28T16:49:22.772Z] GET /api/content/contact_data
[2026-03-28T16:49:22.782Z] GET /api/content/family_families
[2026-03-28T16:49:22.783Z] GET /api/content/family_links
[2026-03-28T16:49:22.784Z] GET /api/content/groom_family_people
[2026-03-28T16:49:22.785Z] GET /api/content/family_people
[2026-03-28T16:49:22.787Z] GET /api/content/groom_family_families
[2026-03-28T16:49:22.788Z] GET /api/content/groom_family_links
[2026-03-28T16:49:22.790Z] GET /api/rsvps
[2026-03-28T16:49:22.791Z] GET /api/content/gallery
[2026-03-28T16:49:22.791Z] GET /api/content/events
[2026-03-28T16:49:22.791Z] GET /api/content/stories
[2026-03-28T16:49:22.792Z] GET /api/content/moments
[2026-03-28T16:49:22.794Z] GET /api/content/home_data
[2026-03-28T16:49:22.795Z] GET /api/content/contact_data
[2026-03-28T16:49:22.798Z] GET /api/content/family_families
[2026-03-28T16:49:22.799Z] GET /api/content/family_links
[2026-03-28T16:49:22.800Z] GET /api/content/groom_family_people
[2026-03-28T16:49:22.803Z] GET /api/content/family_people
[2026-03-28T16:49:22.810Z] GET /api/content/groom_family_families
[2026-03-28T16:49:22.810Z] GET /api/content/groom_family_links
[2026-03-28T16:49:22.811Z] GET /api/rsvps
[2026-03-28T16:49:23.161Z] GET /api/content/events
[2026-03-28T16:49:23.162Z] GET /api/content/gallery
[2026-03-28T16:49:23.163Z] GET /api/content/moments
[2026-03-28T16:49:23.163Z] GET /api/content/home_data
[2026-03-28T16:49:23.163Z] GET /api/content/stories
[2026-03-28T16:49:23.165Z] GET /api/content/contact_data
[2026-03-28T16:49:23.187Z] GET /api/content/family_people
[2026-03-28T16:49:23.188Z] GET /api/content/family_families
[2026-03-28T16:49:23.197Z] GET /api/content/family_links
[2026-03-28T16:49:23.201Z] GET /api/content/groom_family_people
[2026-03-28T16:49:23.202Z] GET /api/content/groom_family_links
[2026-03-28T16:49:23.204Z] GET /api/content/groom_family_families
[2026-03-28T16:49:23.205Z] GET /api/rsvps
[2026-03-28T16:49:23.207Z] GET /api/content/events
[2026-03-28T16:49:23.207Z] GET /api/content/gallery
[2026-03-28T16:49:23.208Z] GET /api/content/moments
[2026-03-28T16:49:23.214Z] GET /api/content/home_data
[2026-03-28T16:49:23.215Z] GET /api/content/stories
[2026-03-28T16:49:23.216Z] GET /api/content/contact_data
[2026-03-28T16:49:23.218Z] GET /api/content/family_people
[2026-03-28T16:49:23.219Z] GET /api/content/family_links
[2026-03-28T16:49:23.222Z] GET /api/content/family_families
[2026-03-28T16:49:23.237Z] GET /api/content/groom_family_people
[2026-03-28T16:49:23.238Z] GET /api/content/groom_family_families
[2026-03-28T16:49:23.240Z] GET /api/rsvps
[2026-03-28T16:49:23.241Z] GET /api/content/groom_family_links
[2026-03-28T16:49:23.473Z] GET /api/content/events
[2026-03-28T16:49:23.473Z] GET /api/content/gallery
[2026-03-28T16:49:23.474Z] GET /api/content/moments
[2026-03-28T16:49:23.474Z] GET /api/content/home_data
[2026-03-28T16:49:23.474Z] GET /api/content/stories
[2026-03-28T16:49:23.475Z] GET /api/content/contact_data
[2026-03-28T16:49:23.481Z] GET /api/content/family_people
[2026-03-28T16:49:23.482Z] GET /api/content/family_families
[2026-03-28T16:49:23.483Z] GET /api/content/family_links
[2026-03-28T16:49:23.485Z] GET /api/content/groom_family_people
[2026-03-28T16:49:23.486Z] GET /api/content/groom_family_families
[2026-03-28T16:49:23.487Z] GET /api/content/groom_family_links
[2026-03-28T16:49:23.507Z] GET /api/rsvps
[2026-03-28T16:49:23.510Z] GET /api/content/events
[2026-03-28T16:49:23.511Z] GET /api/content/gallery
[2026-03-28T16:49:23.511Z] GET /api/content/moments
[2026-03-28T16:49:23.512Z] GET /api/content/home_data
[2026-03-28T16:49:23.512Z] GET /api/content/stories
[2026-03-28T16:49:23.537Z] GET /api/content/contact_data
[2026-03-28T16:49:23.544Z] GET /api/content/family_families
[2026-03-28T16:49:23.544Z] GET /api/content/family_people
[2026-03-28T16:49:23.544Z] GET /api/content/family_links
[2026-03-28T16:49:23.544Z] GET /api/content/groom_family_people
[2026-03-28T16:49:23.549Z] GET /api/content/groom_family_families
[2026-03-28T16:49:23.553Z] GET /api/content/groom_family_links
[2026-03-28T16:49:23.554Z] GET /api/rsvps
[2026-03-28T16:49:23.832Z] GET /api/content/events
[2026-03-28T16:49:23.833Z] GET /api/content/gallery
[2026-03-28T16:49:23.833Z] GET /api/content/moments
[2026-03-28T16:49:23.833Z] GET /api/content/home_data
[2026-03-28T16:49:23.834Z] GET /api/content/stories
[2026-03-28T16:49:23.837Z] GET /api/content/contact_data
[2026-03-28T16:49:23.843Z] GET /api/content/family_people
[2026-03-28T16:49:23.843Z] GET /api/content/family_families
[2026-03-28T16:49:23.844Z] GET /api/content/family_links
[2026-03-28T16:49:23.845Z] GET /api/content/groom_family_people
[2026-03-28T16:49:23.847Z] GET /api/content/groom_family_families
[2026-03-28T16:49:23.849Z] GET /api/content/groom_family_links
[2026-03-28T16:49:23.852Z] GET /api/rsvps
[2026-03-28T16:49:23.853Z] GET /api/content/events
[2026-03-28T16:49:23.854Z] GET /api/content/gallery
[2026-03-28T16:49:23.854Z] GET /api/content/moments
[2026-03-28T16:49:23.854Z] GET /api/content/home_data
[2026-03-28T16:49:23.857Z] GET /api/content/stories
[2026-03-28T16:49:23.858Z] GET /api/content/contact_data
[2026-03-28T16:49:23.858Z] GET /api/content/family_people
[2026-03-28T16:49:23.858Z] GET /api/content/family_families
[2026-03-28T16:49:23.859Z] GET /api/content/family_links
[2026-03-28T16:49:23.860Z] GET /api/content/groom_family_people
[2026-03-28T16:49:23.860Z] GET /api/content/groom_family_families
[2026-03-28T16:49:23.861Z] GET /api/content/groom_family_links
[2026-03-28T16:49:23.862Z] GET /api/rsvps
[2026-03-28T16:49:26.811Z] GET /api/content/moments
[2026-03-28T16:49:26.820Z] GET /api/content/events
[2026-03-28T16:49:26.822Z] GET /api/content/gallery
[2026-03-28T16:49:26.824Z] GET /api/content/home_data
[2026-03-28T16:49:26.825Z] GET /api/content/stories
[2026-03-28T16:49:26.828Z] GET /api/content/contact_data
[2026-03-28T16:49:26.829Z] GET /api/content/family_people
[2026-03-28T16:49:26.830Z] GET /api/content/family_families
[2026-03-28T16:49:26.833Z] GET /api/content/family_links
[2026-03-28T16:49:26.834Z] GET /api/content/groom_family_people
[2026-03-28T16:49:26.836Z] GET /api/rsvps
[2026-03-28T16:49:26.837Z] GET /api/content/groom_family_families
[2026-03-28T16:49:26.837Z] GET /api/content/groom_family_links
[2026-03-28T16:49:26.840Z] GET /api/content/moments
[2026-03-28T16:49:26.845Z] GET /api/content/events
[2026-03-28T16:49:26.846Z] GET /api/content/home_data
[2026-03-28T16:49:26.846Z] GET /api/content/gallery
[2026-03-28T16:49:26.847Z] GET /api/content/stories
[2026-03-28T16:49:26.854Z] GET /api/content/contact_data
[2026-03-28T16:49:26.856Z] GET /api/content/family_people
[2026-03-28T16:49:26.858Z] GET /api/content/family_families
[2026-03-28T16:49:26.859Z] GET /api/content/family_links
[2026-03-28T16:49:26.859Z] GET /api/content/groom_family_people
[2026-03-28T16:49:26.859Z] GET /api/content/groom_family_families
[2026-03-28T16:49:26.861Z] GET /api/content/groom_family_links
[2026-03-28T16:49:26.861Z] GET /api/rsvps
[2026-03-28T16:49:27.348Z] GET /api/content/events
[2026-03-28T16:49:27.349Z] GET /api/content/gallery
[2026-03-28T16:49:27.352Z] GET /api/content/moments
[2026-03-28T16:49:27.353Z] GET /api/content/home_data
[2026-03-28T16:49:27.353Z] GET /api/content/stories
[2026-03-28T16:49:27.357Z] GET /api/content/contact_data
[2026-03-28T16:49:27.359Z] GET /api/content/family_people
[2026-03-28T16:49:27.360Z] GET /api/content/family_families
[2026-03-28T16:49:27.361Z] GET /api/content/family_links
[2026-03-28T16:49:27.362Z] GET /api/content/groom_family_people
[2026-03-28T16:49:27.363Z] GET /api/content/groom_family_families
[2026-03-28T16:49:27.367Z] GET /api/content/groom_family_links
[2026-03-28T16:49:27.368Z] GET /api/rsvps
[2026-03-28T16:49:27.369Z] GET /api/content/events
[2026-03-28T16:49:27.370Z] GET /api/content/gallery
[2026-03-28T16:49:27.370Z] GET /api/content/moments
[2026-03-28T16:49:27.371Z] GET /api/content/home_data
[2026-03-28T16:49:27.375Z] GET /api/content/stories
[2026-03-28T16:49:27.375Z] GET /api/content/contact_data
[2026-03-28T16:49:27.376Z] GET /api/content/family_people
[2026-03-28T16:49:27.376Z] GET /api/content/family_families
[2026-03-28T16:49:27.376Z] GET /api/content/family_links
[2026-03-28T16:49:27.377Z] GET /api/content/groom_family_people
[2026-03-28T16:49:27.378Z] GET /api/content/groom_family_families
[2026-03-28T16:49:27.378Z] GET /api/content/groom_family_links
[2026-03-28T16:49:27.378Z] GET /api/rsvps
[2026-03-28T16:49:27.568Z] GET /api/content/events
[2026-03-28T16:49:27.569Z] GET /api/content/gallery
[2026-03-28T16:49:27.570Z] GET /api/content/moments
[2026-03-28T16:49:27.570Z] GET /api/content/home_data
[2026-03-28T16:49:27.572Z] GET /api/content/stories
[2026-03-28T16:49:27.574Z] GET /api/content/contact_data
[2026-03-28T16:49:27.583Z] GET /api/content/family_people
[2026-03-28T16:49:27.584Z] GET /api/content/family_families
[2026-03-28T16:49:27.584Z] GET /api/content/family_links
[2026-03-28T16:49:27.586Z] GET /api/content/groom_family_people
[2026-03-28T16:49:27.587Z] GET /api/content/groom_family_families
[2026-03-28T16:49:27.588Z] GET /api/content/groom_family_links
[2026-03-28T16:49:27.590Z] GET /api/rsvps
[2026-03-28T16:49:27.592Z] GET /api/content/events
[2026-03-28T16:49:27.593Z] GET /api/content/gallery
[2026-03-28T16:49:27.593Z] GET /api/content/stories
[2026-03-28T16:49:27.594Z] GET /api/content/moments
[2026-03-28T16:49:27.595Z] GET /api/content/home_data
[2026-03-28T16:49:27.597Z] GET /api/content/contact_data
[2026-03-28T16:49:27.598Z] GET /api/content/family_people
[2026-03-28T16:49:27.598Z] GET /api/content/family_families
[2026-03-28T16:49:27.598Z] GET /api/content/family_links
[2026-03-28T16:49:27.598Z] GET /api/content/groom_family_people
[2026-03-28T16:49:27.598Z] GET /api/content/groom_family_families
[2026-03-28T16:49:27.602Z] GET /api/content/groom_family_links
[2026-03-28T16:49:27.602Z] GET /api/rsvps
[2026-03-28T16:49:27.786Z] GET /api/content/events
[2026-03-28T16:49:27.789Z] GET /api/content/gallery
[2026-03-28T16:49:27.790Z] GET /api/content/moments
[2026-03-28T16:49:27.790Z] GET /api/content/home_data
[2026-03-28T16:49:27.790Z] GET /api/content/stories
[2026-03-28T16:49:27.791Z] GET /api/content/contact_data
[2026-03-28T16:49:27.797Z] GET /api/content/family_families
[2026-03-28T16:49:27.798Z] GET /api/content/family_links
[2026-03-28T16:49:27.798Z] GET /api/content/groom_family_people
[2026-03-28T16:49:27.799Z] GET /api/content/groom_family_families
[2026-03-28T16:49:27.803Z] GET /api/content/groom_family_links
[2026-03-28T16:49:27.805Z] GET /api/rsvps
[2026-03-28T16:49:27.806Z] GET /api/content/family_people
[2026-03-28T16:49:27.807Z] GET /api/content/events
[2026-03-28T16:49:27.808Z] GET /api/content/gallery
[2026-03-28T16:49:27.808Z] GET /api/content/home_data
[2026-03-28T16:49:27.809Z] GET /api/content/moments
[2026-03-28T16:49:27.811Z] GET /api/content/stories
[2026-03-28T16:49:27.812Z] GET /api/content/contact_data
[2026-03-28T16:49:27.813Z] GET /api/content/family_links
[2026-03-28T16:49:27.814Z] GET /api/content/family_families
[2026-03-28T16:49:27.814Z] GET /api/content/groom_family_people
[2026-03-28T16:49:27.814Z] GET /api/content/groom_family_families
[2026-03-28T16:49:27.815Z] GET /api/content/groom_family_links
[2026-03-28T16:49:27.815Z] GET /api/content/family_people
[2026-03-28T16:49:27.816Z] GET /api/rsvps
[2026-03-28T16:49:27.986Z] GET /api/content/events
[2026-03-28T16:49:27.987Z] GET /api/content/gallery
[2026-03-28T16:49:27.988Z] GET /api/content/moments
[2026-03-28T16:49:27.988Z] GET /api/content/home_data
[2026-03-28T16:49:27.988Z] GET /api/content/stories
[2026-03-28T16:49:27.988Z] GET /api/content/contact_data
[2026-03-28T16:49:27.994Z] GET /api/content/family_people
[2026-03-28T16:49:27.995Z] GET /api/content/family_families
[2026-03-28T16:49:27.996Z] GET /api/content/family_links
[2026-03-28T16:49:27.997Z] GET /api/content/groom_family_people
[2026-03-28T16:49:27.998Z] GET /api/content/groom_family_families
[2026-03-28T16:49:27.998Z] GET /api/content/groom_family_links
[2026-03-28T16:49:27.999Z] GET /api/rsvps
[2026-03-28T16:49:28.000Z] GET /api/content/events
[2026-03-28T16:49:28.001Z] GET /api/content/gallery
[2026-03-28T16:49:28.001Z] GET /api/content/moments
[2026-03-28T16:49:28.002Z] GET /api/content/home_data
[2026-03-28T16:49:28.003Z] GET /api/content/stories
[2026-03-28T16:49:28.006Z] GET /api/content/contact_data
[2026-03-28T16:49:28.006Z] GET /api/content/family_people
[2026-03-28T16:49:28.006Z] GET /api/content/family_families
[2026-03-28T16:49:28.006Z] GET /api/content/family_links
[2026-03-28T16:49:28.007Z] GET /api/content/groom_family_people
[2026-03-28T16:49:28.007Z] GET /api/content/groom_family_families
[2026-03-28T16:49:28.010Z] GET /api/content/groom_family_links
[2026-03-28T16:49:28.011Z] GET /api/rsvps
[2026-03-28T16:49:28.167Z] GET /api/content/gallery
[2026-03-28T16:49:28.168Z] GET /api/content/events
[2026-03-28T16:49:28.168Z] GET /api/content/moments
[2026-03-28T16:49:28.169Z] GET /api/content/home_data
[2026-03-28T16:49:28.169Z] GET /api/content/stories
[2026-03-28T16:49:28.171Z] GET /api/content/contact_data
[2026-03-28T16:49:28.178Z] GET /api/content/family_people
[2026-03-28T16:49:28.178Z] GET /api/content/family_families
[2026-03-28T16:49:28.181Z] GET /api/content/family_links
[2026-03-28T16:49:28.182Z] GET /api/content/groom_family_people
[2026-03-28T16:49:28.183Z] GET /api/content/groom_family_families
[2026-03-28T16:49:28.185Z] GET /api/content/groom_family_links
[2026-03-28T16:49:28.186Z] GET /api/rsvps
[2026-03-28T16:49:28.192Z] GET /api/content/gallery
[2026-03-28T16:49:28.192Z] GET /api/content/events
[2026-03-28T16:49:28.192Z] GET /api/content/moments
[2026-03-28T16:49:28.193Z] GET /api/content/home_data
[2026-03-28T16:49:28.194Z] GET /api/content/contact_data
[2026-03-28T16:49:28.195Z] GET /api/content/stories
[2026-03-28T16:49:28.198Z] GET /api/content/family_families
[2026-03-28T16:49:28.198Z] GET /api/content/family_people
[2026-03-28T16:49:28.199Z] GET /api/content/family_links
[2026-03-28T16:49:28.199Z] GET /api/content/groom_family_families
[2026-03-28T16:49:28.199Z] GET /api/content/groom_family_people
[2026-03-28T16:49:28.199Z] GET /api/content/groom_family_links
[2026-03-28T16:49:28.201Z] GET /api/rsvps
[2026-03-28T16:49:28.383Z] GET /api/content/events
[2026-03-28T16:49:28.383Z] GET /api/content/gallery
[2026-03-28T16:49:28.384Z] GET /api/content/moments
[2026-03-28T16:49:28.384Z] GET /api/content/home_data
[2026-03-28T16:49:28.386Z] GET /api/content/stories
[2026-03-28T16:49:28.387Z] GET /api/content/contact_data
[2026-03-28T16:49:28.403Z] GET /api/content/family_people
[2026-03-28T16:49:28.406Z] GET /api/content/family_families
[2026-03-28T16:49:28.409Z] GET /api/content/family_links
[2026-03-28T16:49:28.410Z] GET /api/content/groom_family_people
[2026-03-28T16:49:28.411Z] GET /api/content/groom_family_families
[2026-03-28T16:49:28.412Z] GET /api/content/groom_family_links
[2026-03-28T16:49:28.415Z] GET /api/rsvps
[2026-03-28T16:49:28.416Z] GET /api/content/events
[2026-03-28T16:49:28.418Z] GET /api/content/gallery
[2026-03-28T16:49:28.418Z] GET /api/content/moments
[2026-03-28T16:49:28.420Z] GET /api/content/home_data
[2026-03-28T16:49:28.423Z] GET /api/content/stories
[2026-03-28T16:49:28.423Z] GET /api/content/contact_data
[2026-03-28T16:49:28.437Z] GET /api/content/family_people
[2026-03-28T16:49:28.437Z] GET /api/content/family_families
[2026-03-28T16:49:28.437Z] GET /api/content/groom_family_people
[2026-03-28T16:49:28.438Z] GET /api/content/family_links
[2026-03-28T16:49:28.438Z] GET /api/content/groom_family_families
[2026-03-28T16:49:28.438Z] GET /api/content/groom_family_links
[2026-03-28T16:49:28.440Z] GET /api/rsvps
[2026-03-28T16:49:28.600Z] GET /api/content/events
[2026-03-28T16:49:28.601Z] GET /api/content/gallery
[2026-03-28T16:49:28.601Z] GET /api/content/home_data
[2026-03-28T16:49:28.602Z] GET /api/content/moments
[2026-03-28T16:49:28.602Z] GET /api/content/stories
[2026-03-28T16:49:28.603Z] GET /api/content/contact_data
[2026-03-28T16:49:28.612Z] GET /api/content/family_people
[2026-03-28T16:49:28.612Z] GET /api/content/family_families
[2026-03-28T16:49:28.613Z] GET /api/content/family_links
[2026-03-28T16:49:28.614Z] GET /api/content/groom_family_people
[2026-03-28T16:49:28.615Z] GET /api/content/groom_family_links
[2026-03-28T16:49:28.620Z] GET /api/rsvps
[2026-03-28T16:49:28.623Z] GET /api/content/groom_family_families
[2026-03-28T16:49:28.623Z] GET /api/content/events
[2026-03-28T16:49:28.625Z] GET /api/content/gallery
[2026-03-28T16:49:28.626Z] GET /api/content/home_data
[2026-03-28T16:49:28.627Z] GET /api/content/moments
[2026-03-28T16:49:28.628Z] GET /api/content/stories
[2026-03-28T16:49:28.634Z] GET /api/content/contact_data
[2026-03-28T16:49:28.635Z] GET /api/content/family_people
[2026-03-28T16:49:28.635Z] GET /api/content/family_families
[2026-03-28T16:49:28.635Z] GET /api/content/family_links
[2026-03-28T16:49:28.635Z] GET /api/content/groom_family_people
[2026-03-28T16:49:28.635Z] GET /api/content/groom_family_links
[2026-03-28T16:49:28.637Z] GET /api/rsvps
[2026-03-28T16:49:28.637Z] GET /api/content/groom_family_families
[2026-03-28T16:49:28.817Z] GET /api/content/events
[2026-03-28T16:49:28.818Z] GET /api/content/gallery
[2026-03-28T16:49:28.818Z] GET /api/content/moments
[2026-03-28T16:49:28.819Z] GET /api/content/home_data
[2026-03-28T16:49:28.819Z] GET /api/content/stories
[2026-03-28T16:49:28.823Z] GET /api/content/contact_data
[2026-03-28T16:49:28.828Z] GET /api/content/family_people
[2026-03-28T16:49:28.829Z] GET /api/content/family_families
[2026-03-28T16:49:28.832Z] GET /api/content/family_links
[2026-03-28T16:49:28.834Z] GET /api/content/groom_family_people
[2026-03-28T16:49:28.836Z] GET /api/content/groom_family_families
[2026-03-28T16:49:28.837Z] GET /api/content/groom_family_links
[2026-03-28T16:49:28.838Z] GET /api/rsvps
[2026-03-28T16:49:28.839Z] GET /api/content/events
[2026-03-28T16:49:28.840Z] GET /api/content/gallery
[2026-03-28T16:49:28.840Z] GET /api/content/moments
[2026-03-28T16:49:28.841Z] GET /api/content/home_data
[2026-03-28T16:49:28.845Z] GET /api/content/stories
[2026-03-28T16:49:28.852Z] GET /api/content/contact_data
[2026-03-28T16:49:28.852Z] GET /api/content/family_people
[2026-03-28T16:49:28.852Z] GET /api/content/family_families
[2026-03-28T16:49:28.853Z] GET /api/content/family_links
[2026-03-28T16:49:28.854Z] GET /api/content/groom_family_people
[2026-03-28T16:49:28.854Z] GET /api/content/groom_family_families
[2026-03-28T16:49:28.855Z] GET /api/content/groom_family_links
[2026-03-28T16:49:28.855Z] GET /api/rsvps
[2026-03-28T16:49:29.069Z] GET /api/content/events
[2026-03-28T16:49:29.070Z] GET /api/content/gallery
[2026-03-28T16:49:29.071Z] GET /api/content/moments
[2026-03-28T16:49:29.071Z] GET /api/content/home_data
[2026-03-28T16:49:29.071Z] GET /api/content/stories
[2026-03-28T16:49:29.075Z] GET /api/content/contact_data
[2026-03-28T16:49:29.077Z] GET /api/content/family_people
[2026-03-28T16:49:29.078Z] GET /api/content/family_families
[2026-03-28T16:49:29.078Z] GET /api/content/family_links
[2026-03-28T16:49:29.079Z] GET /api/content/groom_family_people
[2026-03-28T16:49:29.080Z] GET /api/content/groom_family_families
[2026-03-28T16:49:29.081Z] GET /api/content/groom_family_links
[2026-03-28T16:49:29.082Z] GET /api/rsvps
[2026-03-28T16:49:29.093Z] GET /api/content/events
[2026-03-28T16:49:29.094Z] GET /api/content/gallery
[2026-03-28T16:49:29.094Z] GET /api/content/moments
[2026-03-28T16:49:29.096Z] GET /api/content/stories
[2026-03-28T16:49:29.098Z] GET /api/content/home_data
[2026-03-28T16:49:29.098Z] GET /api/content/contact_data
[2026-03-28T16:49:29.098Z] GET /api/content/family_people
[2026-03-28T16:49:29.099Z] GET /api/content/family_families
[2026-03-28T16:49:29.101Z] GET /api/content/groom_family_families
[2026-03-28T16:49:29.102Z] GET /api/content/groom_family_links
[2026-03-28T16:49:29.102Z] GET /api/content/groom_family_people
[2026-03-28T16:49:29.102Z] GET /api/content/family_links
[2026-03-28T16:49:29.102Z] GET /api/rsvps
[2026-03-28T16:49:37.469Z] GET /api/content/events
[2026-03-28T16:49:37.470Z] GET /api/content/gallery
[2026-03-28T16:49:37.471Z] GET /api/content/moments
[2026-03-28T16:49:37.471Z] GET /api/content/home_data
[2026-03-28T16:49:37.471Z] GET /api/content/stories
[2026-03-28T16:49:37.477Z] GET /api/content/contact_data
[2026-03-28T16:49:37.479Z] GET /api/content/family_families
[2026-03-28T16:49:37.481Z] GET /api/content/family_people
[2026-03-28T16:49:37.484Z] GET /api/content/family_links
[2026-03-28T16:49:37.484Z] GET /api/content/groom_family_people
[2026-03-28T16:49:37.486Z] GET /api/content/groom_family_families
[2026-03-28T16:49:37.488Z] GET /api/content/groom_family_links
[2026-03-28T16:49:37.489Z] GET /api/rsvps
[2026-03-28T16:49:37.490Z] GET /api/content/events
[2026-03-28T16:49:37.490Z] GET /api/content/gallery
[2026-03-28T16:49:37.496Z] GET /api/content/moments
[2026-03-28T16:49:37.500Z] GET /api/content/stories
[2026-03-28T16:49:37.503Z] GET /api/content/home_data
[2026-03-28T16:49:37.504Z] GET /api/content/family_families
[2026-03-28T16:49:37.504Z] GET /api/content/family_people
[2026-03-28T16:49:37.504Z] GET /api/content/contact_data
[2026-03-28T16:49:37.506Z] GET /api/content/groom_family_people
[2026-03-28T16:49:37.506Z] GET /api/content/groom_family_families
[2026-03-28T16:49:37.507Z] GET /api/content/family_links
[2026-03-28T16:49:37.507Z] GET /api/content/groom_family_links
[2026-03-28T16:49:37.507Z] GET /api/rsvps
[2026-03-28T16:49:51.296Z] GET /api/users
[2026-03-28T16:49:51.303Z] GET /api/rsvps
[2026-03-28T16:49:51.306Z] GET /api/guests
[2026-03-28T16:49:51.317Z] GET /api/users
[2026-03-28T16:49:51.321Z] GET /api/rsvps
[2026-03-28T16:49:51.325Z] GET /api/guests
[2026-03-28T17:03:13.675Z] GET /api/content/home_data
[2026-03-28T17:03:13.680Z] GET /api/content/contact_data
[2026-03-28T17:03:13.680Z] GET /api/content/moments
[2026-03-28T17:03:13.681Z] GET /api/content/family_families
[2026-03-28T17:03:13.681Z] GET /api/content/events
[2026-03-28T17:03:13.682Z] GET /api/content/gallery
[2026-03-28T17:03:13.910Z] GET /api/content/family_people
[2026-03-28T17:03:13.910Z] GET /api/content/stories
[2026-03-28T17:03:13.911Z] GET /api/content/family_links
[2026-03-28T17:03:13.913Z] GET /api/content/groom_family_families
[2026-03-28T17:03:13.915Z] GET /api/content/groom_family_links
[2026-03-28T17:03:13.916Z] GET /api/rsvps
[2026-03-28T17:03:13.917Z] GET /api/content/groom_family_people
[2026-03-28T17:03:13.919Z] GET /api/content/family_families
[2026-03-28T17:03:13.919Z] GET /api/content/moments
[2026-03-28T17:03:13.921Z] GET /api/content/gallery
[2026-03-28T17:03:13.921Z] GET /api/content/events
[2026-03-28T17:03:13.922Z] GET /api/content/home_data
[2026-03-28T17:03:13.923Z] GET /api/content/contact_data
[2026-03-28T17:03:13.925Z] GET /api/content/family_people
[2026-03-28T17:03:13.926Z] GET /api/content/stories
[2026-03-28T17:03:13.927Z] GET /api/content/family_links
[2026-03-28T17:03:13.927Z] GET /api/content/groom_family_families
[2026-03-28T17:03:13.928Z] GET /api/content/groom_family_links
[2026-03-28T17:03:13.929Z] GET /api/content/groom_family_people
[2026-03-28T17:03:13.940Z] GET /api/rsvps
[2026-03-28T17:03:20.328Z] POST /api/content/stories
[2026-03-28T17:03:21.228Z] POST /api/content/stories
[2026-03-28T17:03:21.572Z] POST /api/content/stories
[2026-03-28T17:03:22.031Z] POST /api/content/stories
[2026-03-28T17:03:22.472Z] POST /api/content/stories
[2026-03-28T17:03:25.393Z] POST /api/content/stories
[2026-03-28T17:03:25.582Z] POST /api/content/stories
[2026-03-28T17:03:25.737Z] POST /api/content/stories
[2026-03-28T17:05:26.601Z] POST /api/content/stories
[2026-03-28T17:05:54.164Z] POST /api/content/stories
[2026-03-28T17:08:43.370Z] POST /api/content/stories
[2026-03-28T17:08:45.474Z] POST /api/content/stories
[2026-03-28T17:08:46.992Z] POST /api/content/stories
[2026-03-28T17:08:52.309Z] POST /api/content/stories
[2026-03-28T17:09:01.293Z] POST /api/content/stories
[2026-03-28T17:09:06.160Z] POST /api/content/stories
[2026-03-28T17:09:20.310Z] POST /api/content/stories
[2026-03-28T17:09:26.559Z] POST /api/content/stories
[2026-03-28T17:11:31.496Z] POST /api/content/stories
[2026-03-28T17:11:33.874Z] POST /api/content/stories
[2026-03-28T17:11:35.440Z] POST /api/content/stories
[2026-03-28T17:11:36.673Z] POST /api/content/stories
[2026-03-28T17:11:45.309Z] POST /api/content/stories
[2026-03-28T17:11:52.981Z] POST /api/content/stories
[2026-03-28T17:11:53.927Z] POST /api/content/stories
[2026-03-28T17:11:58.041Z] POST /api/content/stories
[2026-03-28T17:17:49.071Z] POST /api/content/events
[2026-03-28T17:17:51.296Z] POST /api/content/events
[2026-03-28T17:17:51.338Z] POST /api/content/events
[2026-03-28T17:17:51.433Z] POST /api/content/events
[2026-03-28T17:17:51.611Z] POST /api/content/events
[2026-03-28T17:17:51.633Z] POST /api/content/events
[2026-03-28T17:17:51.683Z] POST /api/content/events
[2026-03-28T17:17:53.936Z] POST /api/content/events
[2026-03-28T17:17:53.950Z] POST /api/content/events
[2026-03-28T17:17:54.055Z] POST /api/content/events
[2026-03-28T17:17:54.234Z] POST /api/content/events
[2026-03-28T17:17:54.318Z] POST /api/content/events
[2026-03-28T17:17:54.319Z] POST /api/content/events
[2026-03-28T17:17:56.048Z] POST /api/content/events
[2026-03-28T17:17:56.092Z] POST /api/content/events
[2026-03-28T17:17:56.183Z] POST /api/content/events
[2026-03-28T17:17:58.764Z] POST /api/content/events
[2026-03-28T17:18:00.069Z] POST /api/content/events
[2026-03-28T17:18:00.275Z] POST /api/content/events
[2026-03-28T17:18:00.374Z] POST /api/content/events
[2026-03-28T17:18:00.385Z] POST /api/content/events
[2026-03-28T17:18:00.522Z] POST /api/content/events
[2026-03-28T17:18:00.658Z] POST /api/content/events
[2026-03-28T17:18:00.770Z] POST /api/content/events
[2026-03-28T17:18:02.776Z] POST /api/content/events
[2026-03-28T17:18:02.935Z] POST /api/content/events
[2026-03-28T17:18:03.133Z] POST /api/content/events
[2026-03-28T17:18:03.253Z] POST /api/content/events
[2026-03-28T17:18:04.013Z] POST /api/content/events
[2026-03-28T17:18:04.160Z] POST /api/content/events
[2026-03-28T17:18:04.384Z] POST /api/content/events
[2026-03-28T17:18:04.475Z] POST /api/content/events
[2026-03-28T17:18:08.827Z] POST /api/content/events
PayloadTooLargeError: request entity too large
    at readStream (/Users/raacoon/Desktop/Project/invitation2/node_modules/raw-body/index.js:163:17)
    at getRawBody (/Users/raacoon/Desktop/Project/invitation2/node_modules/raw-body/index.js:116:12)
    at read (/Users/raacoon/Desktop/Project/invitation2/node_modules/body-parser/lib/read.js:114:3)
    at jsonParser (/Users/raacoon/Desktop/Project/invitation2/node_modules/body-parser/lib/types/json.js:90:5)
    at Layer.handleRequest (/Users/raacoon/Desktop/Project/invitation2/node_modules/router/lib/layer.js:152:17)
    at trimPrefix (/Users/raacoon/Desktop/Project/invitation2/node_modules/router/index.js:342:13)
    at /Users/raacoon/Desktop/Project/invitation2/node_modules/router/index.js:297:9
    at processParams (/Users/raacoon/Desktop/Project/invitation2/node_modules/router/index.js:582:12)
    at next (/Users/raacoon/Desktop/Project/invitation2/node_modules/router/index.js:291:5)
    at cors (/Users/raacoon/Desktop/Project/invitation2/node_modules/cors/lib/index.js:188:7)
[2026-03-28T17:23:13.678Z] POST /api/content/stories
[2026-03-28T17:23:13.843Z] POST /api/content/stories
[2026-03-28T17:23:14.195Z] POST /api/content/stories
[2026-03-28T17:23:14.641Z] POST /api/content/stories
[2026-03-28T17:23:15.589Z] POST /api/content/stories
[2026-03-28T17:23:15.825Z] POST /api/content/stories
[2026-03-28T17:23:16.001Z] POST /api/content/stories
[2026-03-28T17:23:16.191Z] POST /api/content/stories
[2026-03-28T17:23:16.781Z] POST /api/content/stories
[2026-03-28T17:23:17.217Z] POST /api/content/stories
[2026-03-28T17:23:17.360Z] POST /api/content/stories
[2026-03-28T17:23:17.534Z] POST /api/content/stories
[2026-03-28T17:23:17.706Z] POST /api/content/stories
[2026-03-28T17:23:17.858Z] POST /api/content/stories
[2026-03-28T17:23:18.034Z] POST /api/content/stories
[2026-03-28T17:23:18.156Z] POST /api/content/stories
[2026-03-28T17:23:18.297Z] POST /api/content/stories
[2026-03-28T17:23:18.427Z] POST /api/content/stories
[2026-03-28T17:23:27.007Z] POST /api/content/stories
[2026-03-28T17:23:28.451Z] POST /api/content/stories
[2026-03-28T17:23:28.895Z] POST /api/content/stories
[2026-03-28T17:23:29.158Z] POST /api/content/stories
[2026-03-28T17:23:29.371Z] POST /api/content/stories
[2026-03-28T17:23:29.591Z] POST /api/content/stories
[2026-03-28T17:23:30.044Z] POST /api/content/stories
[2026-03-28T17:23:30.244Z] POST /api/content/stories
[2026-03-28T17:23:30.429Z] POST /api/content/stories
[2026-03-28T17:23:30.608Z] POST /api/content/stories
[2026-03-28T17:23:30.788Z] POST /api/content/stories
[2026-03-28T17:23:30.966Z] POST /api/content/stories
[2026-03-28T17:23:31.134Z] POST /api/content/stories
[2026-03-28T17:23:31.298Z] POST /api/content/stories
[2026-03-28T17:23:31.472Z] POST /api/content/stories
[2026-03-28T17:23:31.675Z] POST /api/content/stories
[2026-03-28T17:23:35.482Z] POST /api/content/stories
[2026-03-28T17:23:37.614Z] POST /api/content/stories
[2026-03-28T17:23:38.699Z] POST /api/content/stories
[2026-03-28T17:23:42.462Z] POST /api/content/stories
[2026-03-28T17:26:12.645Z] GET /api/content/events
[2026-03-28T17:26:12.648Z] GET /api/content/stories
[2026-03-28T17:26:12.649Z] GET /api/content/gallery
[2026-03-28T17:26:12.650Z] GET /api/content/home_data
[2026-03-28T17:26:12.652Z] GET /api/content/moments
[2026-03-28T17:26:12.652Z] GET /api/content/contact_data
[2026-03-28T17:26:12.731Z] GET /api/content/family_people
[2026-03-28T17:26:12.733Z] GET /api/content/groom_family_people
[2026-03-28T17:26:12.733Z] GET /api/content/family_families
[2026-03-28T17:26:12.734Z] GET /api/content/family_links
[2026-03-28T17:26:12.736Z] GET /api/content/groom_family_families
[2026-03-28T17:26:12.738Z] GET /api/content/groom_family_links
[2026-03-28T17:26:12.739Z] GET /api/rsvps
[2026-03-28T17:26:12.744Z] GET /api/content/gallery
[2026-03-28T17:26:12.745Z] GET /api/content/stories
[2026-03-28T17:26:12.746Z] GET /api/content/events
[2026-03-28T17:26:12.747Z] GET /api/content/moments
[2026-03-28T17:26:12.748Z] GET /api/content/contact_data
[2026-03-28T17:26:12.749Z] GET /api/content/home_data
[2026-03-28T17:26:12.750Z] GET /api/content/groom_family_people
[2026-03-28T17:26:12.752Z] GET /api/content/family_families
[2026-03-28T17:26:12.754Z] GET /api/content/family_links
[2026-03-28T17:26:12.754Z] GET /api/content/groom_family_families
[2026-03-28T17:26:12.754Z] GET /api/content/groom_family_links
[2026-03-28T17:26:12.759Z] GET /api/content/family_people
[2026-03-28T17:26:12.940Z] GET /api/rsvps
[2026-03-28T17:26:19.317Z] POST /api/content/stories
[2026-03-28T17:26:20.525Z] POST /api/content/stories
[2026-03-28T17:26:20.917Z] POST /api/content/stories
[2026-03-28T17:26:21.464Z] POST /api/content/stories
[2026-03-28T17:26:21.800Z] POST /api/content/stories
[2026-03-28T17:26:42.703Z] POST /api/content/stories
[2026-03-28T17:26:47.571Z] POST /api/content/stories
[2026-03-28T17:26:48.199Z] POST /api/content/stories
[2026-03-28T17:26:49.135Z] POST /api/content/stories
[2026-03-28T17:26:49.546Z] POST /api/content/stories
[2026-03-28T17:26:50.134Z] POST /api/content/stories
[2026-03-28T17:26:50.970Z] POST /api/content/stories
[2026-03-28T17:26:51.141Z] POST /api/content/stories
[2026-03-28T17:26:51.864Z] POST /api/content/stories
[2026-03-28T17:26:52.220Z] POST /api/content/stories
[2026-03-28T17:26:52.499Z] POST /api/content/stories
[2026-03-28T17:26:52.887Z] POST /api/content/stories
[2026-03-28T17:26:55.980Z] POST /api/content/stories
[2026-03-28T17:26:56.481Z] POST /api/content/stories
[2026-03-28T17:26:57.062Z] POST /api/content/stories
[2026-03-28T17:26:57.860Z] POST /api/content/stories
[2026-03-28T17:27:03.428Z] POST /api/content/stories
[2026-03-28T17:27:03.607Z] POST /api/content/stories
[2026-03-28T17:27:03.811Z] POST /api/content/stories
[2026-03-28T17:27:04.007Z] POST /api/content/stories
[2026-03-28T17:27:04.186Z] POST /api/content/stories
[2026-03-28T17:27:04.694Z] POST /api/content/stories
[2026-03-28T17:27:04.775Z] POST /api/content/stories
[2026-03-28T17:27:04.858Z] POST /api/content/stories
[2026-03-28T17:27:04.942Z] POST /api/content/stories
[2026-03-28T17:27:05.025Z] POST /api/content/stories
[2026-03-28T17:27:05.107Z] POST /api/content/stories
[2026-03-28T17:27:05.192Z] POST /api/content/stories
[2026-03-28T17:27:07.528Z] POST /api/content/stories
[2026-03-28T17:27:07.792Z] POST /api/content/stories
[2026-03-28T17:27:07.963Z] POST /api/content/stories
[2026-03-28T17:27:08.276Z] POST /api/content/stories
[2026-03-28T17:27:09.138Z] POST /api/content/stories
[2026-03-28T17:27:09.338Z] POST /api/content/stories
[2026-03-28T17:27:09.597Z] POST /api/content/stories
[2026-03-28T17:27:10.279Z] POST /api/content/stories
[2026-03-28T17:27:12.276Z] POST /api/content/stories
[2026-03-28T17:27:12.776Z] POST /api/content/stories
[2026-03-28T17:27:12.858Z] POST /api/content/stories
[2026-03-28T17:27:12.941Z] POST /api/content/stories
[2026-03-28T17:27:13.025Z] POST /api/content/stories
[2026-03-28T17:27:13.108Z] POST /api/content/stories
[2026-03-28T17:27:13.189Z] POST /api/content/stories
[2026-03-28T17:27:13.273Z] POST /api/content/stories
[2026-03-28T17:27:14.297Z] POST /api/content/stories
[2026-03-28T17:27:14.556Z] POST /api/content/stories
[2026-03-28T17:27:14.875Z] POST /api/content/stories
[2026-03-28T17:27:15.924Z] POST /api/content/stories
[2026-03-28T17:27:19.131Z] POST /api/content/stories
[2026-03-28T17:27:24.161Z] POST /api/content/stories
[2026-03-28T17:27:34.733Z] POST /api/content/stories
[2026-03-28T17:27:34.946Z] POST /api/content/stories
[2026-03-28T17:27:35.229Z] POST /api/content/stories
[2026-03-28T17:27:35.677Z] POST /api/content/stories
[2026-03-28T17:27:35.893Z] POST /api/content/stories
[2026-03-28T17:27:36.521Z] POST /api/content/stories
[2026-03-28T17:27:36.763Z] POST /api/content/stories
[2026-03-28T17:27:37.014Z] POST /api/content/stories
[2026-03-28T17:27:49.031Z] POST /api/content/stories
[2026-03-28T17:27:49.210Z] POST /api/content/stories
[2026-03-28T17:27:49.527Z] POST /api/content/stories
[2026-03-28T17:27:49.815Z] POST /api/content/stories
[2026-03-28T17:27:49.984Z] POST /api/content/stories
[2026-03-28T17:27:50.222Z] POST /api/content/stories
[2026-03-28T17:27:50.929Z] POST /api/content/stories
[2026-03-28T17:27:51.428Z] POST /api/content/stories
[2026-03-28T17:27:51.617Z] POST /api/content/stories
[2026-03-28T17:27:51.791Z] POST /api/content/stories
[2026-03-28T17:27:52.209Z] POST /api/content/stories
[2026-03-28T17:27:52.744Z] POST /api/content/stories
[2026-03-28T17:27:53.036Z] POST /api/content/stories
[2026-03-28T17:27:53.223Z] POST /api/content/stories
[2026-03-28T17:27:53.538Z] POST /api/content/stories
[2026-03-28T17:27:53.807Z] POST /api/content/stories
[2026-03-28T17:28:02.093Z] POST /api/content/stories
[2026-03-28T17:28:02.359Z] POST /api/content/stories
[2026-03-28T17:28:02.584Z] POST /api/content/stories
[2026-03-28T17:28:03.113Z] POST /api/content/stories
[2026-03-28T17:28:13.594Z] POST /api/content/stories
[2026-03-28T17:28:14.860Z] POST /api/content/stories
[2026-03-28T17:28:17.982Z] POST /api/content/stories
[2026-03-28T17:28:18.179Z] POST /api/content/stories
[2026-03-28T17:28:18.358Z] POST /api/content/stories
[2026-03-28T17:28:18.497Z] POST /api/content/stories
[2026-03-28T17:28:18.974Z] POST /api/content/stories
[2026-03-28T17:28:20.941Z] POST /api/content/stories
[2026-03-28T17:28:21.157Z] POST /api/content/stories
[2026-03-28T17:28:22.260Z] POST /api/content/stories
[2026-03-28T17:28:29.147Z] POST /api/content/stories
[2026-03-28T17:28:32.172Z] POST /api/content/stories
[2026-03-28T17:28:33.292Z] POST /api/content/stories
[2026-03-28T17:28:33.491Z] POST /api/content/stories
[2026-03-28T17:28:33.647Z] POST /api/content/stories
[2026-03-28T17:28:33.836Z] POST /api/content/stories
[2026-03-28T17:28:34.301Z] POST /api/content/stories
[2026-03-28T17:28:34.492Z] POST /api/content/stories
[2026-03-28T17:28:35.244Z] POST /api/content/stories
[2026-03-28T17:28:36.227Z] POST /api/content/stories
[2026-03-28T17:28:36.422Z] POST /api/content/stories
[2026-03-28T17:28:36.845Z] POST /api/content/stories
[2026-03-28T17:28:37.107Z] POST /api/content/stories
[2026-03-28T17:31:29.918Z] GET /api/content/stories
[2026-03-28T17:31:29.921Z] GET /api/content/moments
[2026-03-28T17:31:29.922Z] GET /api/content/events
[2026-03-28T17:31:29.923Z] GET /api/content/home_data
[2026-03-28T17:31:29.924Z] GET /api/content/gallery
[2026-03-28T17:31:29.924Z] GET /api/content/contact_data
[2026-03-28T17:31:29.956Z] GET /api/content/family_people
[2026-03-28T17:31:29.957Z] GET /api/content/family_families
[2026-03-28T17:31:29.958Z] GET /api/content/family_links
[2026-03-28T17:31:29.959Z] GET /api/content/groom_family_families
[2026-03-28T17:31:29.962Z] GET /api/content/groom_family_people
[2026-03-28T17:31:29.963Z] GET /api/rsvps
[2026-03-28T17:31:29.966Z] GET /api/content/groom_family_links
[2026-03-28T17:32:52.122Z] POST /api/content/stories
[2026-03-28T17:32:52.393Z] POST /api/content/stories
[2026-03-28T17:32:52.793Z] POST /api/content/stories
[2026-03-28T17:32:53.056Z] POST /api/content/stories
[2026-03-28T17:32:53.377Z] POST /api/content/stories
[2026-03-28T17:32:54.077Z] POST /api/content/stories
[2026-03-28T17:32:54.779Z] POST /api/content/stories
[2026-03-28T17:32:55.493Z] POST /api/content/stories
[2026-03-28T17:32:56.688Z] POST /api/content/stories
[2026-03-28T17:32:57.029Z] POST /api/content/stories
[2026-03-28T17:33:09.021Z] POST /api/content/stories
[2026-03-28T17:33:09.527Z] POST /api/content/stories
[2026-03-28T17:33:11.211Z] POST /api/content/stories
[2026-03-28T17:33:11.630Z] POST /api/content/stories
[2026-03-28T17:33:15.930Z] POST /api/content/stories
[2026-03-28T17:33:16.113Z] POST /api/content/stories
[2026-03-28T17:33:16.309Z] POST /api/content/stories
[2026-03-28T17:33:17.112Z] POST /api/content/stories
[2026-03-28T17:33:17.379Z] POST /api/content/stories
[2026-03-28T17:33:17.702Z] POST /api/content/stories
[2026-03-28T17:34:57.735Z] POST /api/content/stories
[2026-03-28T17:34:58.932Z] POST /api/content/stories
[2026-03-28T17:34:59.082Z] POST /api/content/stories
[2026-03-28T17:34:59.282Z] POST /api/content/stories
[2026-03-28T17:34:59.611Z] POST /api/content/stories
[2026-03-28T17:34:59.903Z] POST /api/content/stories
[2026-03-28T17:35:00.129Z] POST /api/content/stories
[2026-03-28T17:35:00.664Z] POST /api/content/stories
[2026-03-28T17:35:00.839Z] POST /api/content/stories
[2026-03-28T17:35:01.107Z] POST /api/content/stories
[2026-03-28T17:35:01.572Z] POST /api/content/stories
[2026-03-28T17:35:42.417Z] POST /api/content/stories
[2026-03-28T17:35:42.593Z] POST /api/content/stories
[2026-03-28T17:35:42.769Z] POST /api/content/stories
[2026-03-28T17:35:42.937Z] POST /api/content/stories
[2026-03-28T17:35:43.095Z] POST /api/content/stories
[2026-03-28T17:35:43.676Z] POST /api/content/stories
[2026-03-28T17:35:44.024Z] POST /api/content/stories
[2026-03-28T17:35:44.193Z] POST /api/content/stories
[2026-03-28T17:35:44.435Z] POST /api/content/stories
[2026-03-28T17:35:45.162Z] POST /api/content/stories
[2026-03-28T17:35:45.337Z] POST /api/content/stories
[2026-03-28T17:35:45.523Z] POST /api/content/stories
[2026-03-28T17:35:46.531Z] POST /api/content/stories
[2026-03-28T17:35:46.810Z] POST /api/content/stories
[2026-03-28T17:35:46.977Z] POST /api/content/stories
[2026-03-28T17:35:47.177Z] POST /api/content/stories
[2026-03-28T17:35:47.865Z] POST /api/content/stories
[2026-03-28T17:35:48.124Z] POST /api/content/stories
[2026-03-28T17:35:48.558Z] POST /api/content/stories
[2026-03-28T17:35:48.913Z] POST /api/content/stories
[2026-03-28T17:35:55.741Z] POST /api/content/stories
[2026-03-28T17:35:55.957Z] POST /api/content/stories
[2026-03-28T17:37:49.734Z] POST /api/content/stories
[2026-03-28T17:37:51.481Z] POST /api/content/stories
[2026-03-28T17:37:58.388Z] POST /api/content/stories
[2026-03-28T17:37:58.661Z] POST /api/content/stories
[2026-03-28T17:38:00.098Z] POST /api/content/stories
[2026-03-28T17:38:01.227Z] POST /api/content/stories
[2026-03-28T17:38:02.104Z] POST /api/content/stories
[2026-03-28T17:38:02.328Z] POST /api/content/stories
[2026-03-28T17:38:03.593Z] POST /api/content/stories
[2026-03-28T17:38:03.793Z] POST /api/content/stories
[2026-03-28T17:38:05.574Z] POST /api/content/stories
[2026-03-28T17:38:05.760Z] POST /api/content/stories
[2026-03-28T17:38:10.029Z] POST /api/content/stories
[2026-03-28T17:38:10.446Z] POST /api/content/stories
[2026-03-28T17:38:10.579Z] POST /api/content/stories
[2026-03-28T17:38:10.939Z] POST /api/content/stories
[2026-03-28T17:38:11.330Z] POST /api/content/stories
[2026-03-28T17:38:14.627Z] POST /api/content/stories
[2026-03-28T17:38:14.875Z] POST /api/content/stories
[2026-03-28T17:38:15.340Z] POST /api/content/stories
[2026-03-28T17:38:15.558Z] POST /api/content/stories
[2026-03-28T17:38:17.159Z] POST /api/content/stories
[2026-03-28T17:38:19.108Z] POST /api/content/stories
[2026-03-28T17:41:17.185Z] POST /api/content/stories
[2026-03-28T17:41:17.517Z] POST /api/content/stories
[2026-03-28T17:41:17.689Z] POST /api/content/stories
[2026-03-28T17:41:17.995Z] POST /api/content/stories
[2026-03-28T17:41:20.016Z] POST /api/content/stories
[2026-03-28T17:41:21.683Z] POST /api/content/stories
[2026-03-28T17:41:21.960Z] POST /api/content/stories
[2026-03-28T17:41:22.282Z] POST /api/content/stories
[2026-03-28T17:41:22.522Z] POST /api/content/stories
[2026-03-28T17:41:22.897Z] POST /api/content/stories
[2026-03-28T17:41:23.065Z] POST /api/content/stories
[2026-03-28T17:41:23.236Z] POST /api/content/stories
[2026-03-28T17:41:23.401Z] POST /api/content/stories
[2026-03-28T17:41:23.480Z] POST /api/content/stories
[2026-03-28T17:41:23.533Z] POST /api/content/stories
[2026-03-28T17:41:24.735Z] POST /api/content/stories
[2026-03-28T17:41:24.776Z] POST /api/content/stories
[2026-03-28T17:41:24.889Z] POST /api/content/stories
[2026-03-28T17:41:25.095Z] POST /api/content/stories
[2026-03-28T17:41:25.241Z] POST /api/content/stories
[2026-03-28T17:41:25.499Z] POST /api/content/stories
[2026-03-28T17:41:25.929Z] POST /api/content/stories
[2026-03-28T17:41:27.044Z] POST /api/content/stories
[2026-03-28T17:41:27.744Z] POST /api/content/stories
[2026-03-28T17:41:28.162Z] POST /api/content/stories
[2026-03-28T17:41:28.536Z] POST /api/content/stories
[2026-03-28T17:41:28.882Z] POST /api/content/stories
[2026-03-28T17:41:29.180Z] POST /api/content/stories
[2026-03-28T17:41:29.531Z] POST /api/content/stories
[2026-03-28T17:41:32.820Z] POST /api/content/stories
[2026-03-28T17:41:33.200Z] POST /api/content/stories
[2026-03-28T17:41:33.484Z] POST /api/content/stories
[2026-03-28T17:41:33.875Z] POST /api/content/stories
[2026-03-28T17:41:37.369Z] POST /api/content/stories
[2026-03-28T17:41:38.752Z] POST /api/content/stories
[2026-03-28T17:41:39.383Z] POST /api/content/stories
[2026-03-28T17:41:39.789Z] POST /api/content/stories
[2026-03-28T17:41:40.048Z] POST /api/content/stories
[2026-03-28T17:41:40.281Z] POST /api/content/stories
[2026-03-28T17:41:40.582Z] POST /api/content/stories
[2026-03-28T17:41:40.782Z] POST /api/content/stories
[2026-03-28T17:41:42.356Z] POST /api/content/stories
[2026-03-28T17:41:42.701Z] POST /api/content/stories
[2026-03-28T17:41:42.954Z] POST /api/content/stories
[2026-03-28T17:41:43.184Z] POST /api/content/stories
[2026-03-28T17:41:43.414Z] POST /api/content/stories
[2026-03-28T17:41:55.936Z] POST /api/content/stories
[2026-03-28T17:42:09.819Z] POST /api/content/stories
PayloadTooLargeError: request entity too large
    at readStream (/Users/raacoon/Desktop/Project/invitation2/node_modules/raw-body/index.js:163:17)
    at getRawBody (/Users/raacoon/Desktop/Project/invitation2/node_modules/raw-body/index.js:116:12)
    at read (/Users/raacoon/Desktop/Project/invitation2/node_modules/body-parser/lib/read.js:114:3)
    at jsonParser (/Users/raacoon/Desktop/Project/invitation2/node_modules/body-parser/lib/types/json.js:90:5)
    at Layer.handleRequest (/Users/raacoon/Desktop/Project/invitation2/node_modules/router/lib/layer.js:152:17)
    at trimPrefix (/Users/raacoon/Desktop/Project/invitation2/node_modules/router/index.js:342:13)
    at /Users/raacoon/Desktop/Project/invitation2/node_modules/router/index.js:297:9
    at processParams (/Users/raacoon/Desktop/Project/invitation2/node_modules/router/index.js:582:12)
    at next (/Users/raacoon/Desktop/Project/invitation2/node_modules/router/index.js:291:5)
    at cors (/Users/raacoon/Desktop/Project/invitation2/node_modules/cors/lib/index.js:188:7)
[2026-03-28T17:42:39.224Z] POST /api/content/stories
PayloadTooLargeError: request entity too large
    at readStream (/Users/raacoon/Desktop/Project/invitation2/node_modules/raw-body/index.js:163:17)
    at getRawBody (/Users/raacoon/Desktop/Project/invitation2/node_modules/raw-body/index.js:116:12)
    at read (/Users/raacoon/Desktop/Project/invitation2/node_modules/body-parser/lib/read.js:114:3)
    at jsonParser (/Users/raacoon/Desktop/Project/invitation2/node_modules/body-parser/lib/types/json.js:90:5)
    at Layer.handleRequest (/Users/raacoon/Desktop/Project/invitation2/node_modules/router/lib/layer.js:152:17)
    at trimPrefix (/Users/raacoon/Desktop/Project/invitation2/node_modules/router/index.js:342:13)
    at /Users/raacoon/Desktop/Project/invitation2/node_modules/router/index.js:297:9
    at processParams (/Users/raacoon/Desktop/Project/invitation2/node_modules/router/index.js:582:12)
    at next (/Users/raacoon/Desktop/Project/invitation2/node_modules/router/index.js:291:5)
    at cors (/Users/raacoon/Desktop/Project/invitation2/node_modules/cors/lib/index.js:188:7)
[2026-03-28T17:42:41.074Z] POST /api/content/stories
PayloadTooLargeError: request entity too large
    at readStream (/Users/raacoon/Desktop/Project/invitation2/node_modules/raw-body/index.js:163:17)
    at getRawBody (/Users/raacoon/Desktop/Project/invitation2/node_modules/raw-body/index.js:116:12)
    at read (/Users/raacoon/Desktop/Project/invitation2/node_modules/body-parser/lib/read.js:114:3)
    at jsonParser (/Users/raacoon/Desktop/Project/invitation2/node_modules/body-parser/lib/types/json.js:90:5)
    at Layer.handleRequest (/Users/raacoon/Desktop/Project/invitation2/node_modules/router/lib/layer.js:152:17)
    at trimPrefix (/Users/raacoon/Desktop/Project/invitation2/node_modules/router/index.js:342:13)
    at /Users/raacoon/Desktop/Project/invitation2/node_modules/router/index.js:297:9
    at processParams (/Users/raacoon/Desktop/Project/invitation2/node_modules/router/index.js:582:12)
    at next (/Users/raacoon/Desktop/Project/invitation2/node_modules/router/index.js:291:5)
    at cors (/Users/raacoon/Desktop/Project/invitation2/node_modules/cors/lib/index.js:188:7)
[2026-03-28T17:42:41.440Z] POST /api/content/stories
PayloadTooLargeError: request entity too large
    at readStream (/Users/raacoon/Desktop/Project/invitation2/node_modules/raw-body/index.js:163:17)
    at getRawBody (/Users/raacoon/Desktop/Project/invitation2/node_modules/raw-body/index.js:116:12)
    at read (/Users/raacoon/Desktop/Project/invitation2/node_modules/body-parser/lib/read.js:114:3)
    at jsonParser (/Users/raacoon/Desktop/Project/invitation2/node_modules/body-parser/lib/types/json.js:90:5)
    at Layer.handleRequest (/Users/raacoon/Desktop/Project/invitation2/node_modules/router/lib/layer.js:152:17)
    at trimPrefix (/Users/raacoon/Desktop/Project/invitation2/node_modules/router/index.js:342:13)
    at /Users/raacoon/Desktop/Project/invitation2/node_modules/router/index.js:297:9
    at processParams (/Users/raacoon/Desktop/Project/invitation2/node_modules/router/index.js:582:12)
    at next (/Users/raacoon/Desktop/Project/invitation2/node_modules/router/index.js:291:5)
    at cors (/Users/raacoon/Desktop/Project/invitation2/node_modules/cors/lib/index.js:188:7)
[2026-03-28T17:42:41.858Z] POST /api/content/stories
PayloadTooLargeError: request entity too large
    at readStream (/Users/raacoon/Desktop/Project/invitation2/node_modules/raw-body/index.js:163:17)
    at getRawBody (/Users/raacoon/Desktop/Project/invitation2/node_modules/raw-body/index.js:116:12)
    at read (/Users/raacoon/Desktop/Project/invitation2/node_modules/body-parser/lib/read.js:114:3)
    at jsonParser (/Users/raacoon/Desktop/Project/invitation2/node_modules/body-parser/lib/types/json.js:90:5)
    at Layer.handleRequest (/Users/raacoon/Desktop/Project/invitation2/node_modules/router/lib/layer.js:152:17)
    at trimPrefix (/Users/raacoon/Desktop/Project/invitation2/node_modules/router/index.js:342:13)
    at /Users/raacoon/Desktop/Project/invitation2/node_modules/router/index.js:297:9
    at processParams (/Users/raacoon/Desktop/Project/invitation2/node_modules/router/index.js:582:12)
    at next (/Users/raacoon/Desktop/Project/invitation2/node_modules/router/index.js:291:5)
    at cors (/Users/raacoon/Desktop/Project/invitation2/node_modules/cors/lib/index.js:188:7)
[2026-03-28T17:42:42.256Z] POST /api/content/stories
PayloadTooLargeError: request entity too large
    at readStream (/Users/raacoon/Desktop/Project/invitation2/node_modules/raw-body/index.js:163:17)
    at getRawBody (/Users/raacoon/Desktop/Project/invitation2/node_modules/raw-body/index.js:116:12)
    at read (/Users/raacoon/Desktop/Project/invitation2/node_modules/body-parser/lib/read.js:114:3)
    at jsonParser (/Users/raacoon/Desktop/Project/invitation2/node_modules/body-parser/lib/types/json.js:90:5)
    at Layer.handleRequest (/Users/raacoon/Desktop/Project/invitation2/node_modules/router/lib/layer.js:152:17)
    at trimPrefix (/Users/raacoon/Desktop/Project/invitation2/node_modules/router/index.js:342:13)
    at /Users/raacoon/Desktop/Project/invitation2/node_modules/router/index.js:297:9
    at processParams (/Users/raacoon/Desktop/Project/invitation2/node_modules/router/index.js:582:12)
    at next (/Users/raacoon/Desktop/Project/invitation2/node_modules/router/index.js:291:5)
    at cors (/Users/raacoon/Desktop/Project/invitation2/node_modules/cors/lib/index.js:188:7)
[2026-03-28T17:42:46.899Z] POST /api/content/stories
PayloadTooLargeError: request entity too large
    at readStream (/Users/raacoon/Desktop/Project/invitation2/node_modules/raw-body/index.js:163:17)
    at getRawBody (/Users/raacoon/Desktop/Project/invitation2/node_modules/raw-body/index.js:116:12)
    at read (/Users/raacoon/Desktop/Project/invitation2/node_modules/body-parser/lib/read.js:114:3)
    at jsonParser (/Users/raacoon/Desktop/Project/invitation2/node_modules/body-parser/lib/types/json.js:90:5)
    at Layer.handleRequest (/Users/raacoon/Desktop/Project/invitation2/node_modules/router/lib/layer.js:152:17)
    at trimPrefix (/Users/raacoon/Desktop/Project/invitation2/node_modules/router/index.js:342:13)
    at /Users/raacoon/Desktop/Project/invitation2/node_modules/router/index.js:297:9
    at processParams (/Users/raacoon/Desktop/Project/invitation2/node_modules/router/index.js:582:12)
    at next (/Users/raacoon/Desktop/Project/invitation2/node_modules/router/index.js:291:5)
    at cors (/Users/raacoon/Desktop/Project/invitation2/node_modules/cors/lib/index.js:188:7)
[2026-03-28T17:42:47.401Z] POST /api/content/stories
PayloadTooLargeError: request entity too large
    at readStream (/Users/raacoon/Desktop/Project/invitation2/node_modules/raw-body/index.js:163:17)
    at getRawBody (/Users/raacoon/Desktop/Project/invitation2/node_modules/raw-body/index.js:116:12)
    at read (/Users/raacoon/Desktop/Project/invitation2/node_modules/body-parser/lib/read.js:114:3)
    at jsonParser (/Users/raacoon/Desktop/Project/invitation2/node_modules/body-parser/lib/types/json.js:90:5)
    at Layer.handleRequest (/Users/raacoon/Desktop/Project/invitation2/node_modules/router/lib/layer.js:152:17)
    at trimPrefix (/Users/raacoon/Desktop/Project/invitation2/node_modules/router/index.js:342:13)
    at /Users/raacoon/Desktop/Project/invitation2/node_modules/router/index.js:297:9
    at processParams (/Users/raacoon/Desktop/Project/invitation2/node_modules/router/index.js:582:12)
    at next (/Users/raacoon/Desktop/Project/invitation2/node_modules/router/index.js:291:5)
    at cors (/Users/raacoon/Desktop/Project/invitation2/node_modules/cors/lib/index.js:188:7)
[2026-03-28T17:42:47.811Z] POST /api/content/stories
PayloadTooLargeError: request entity too large
    at readStream (/Users/raacoon/Desktop/Project/invitation2/node_modules/raw-body/index.js:163:17)
    at getRawBody (/Users/raacoon/Desktop/Project/invitation2/node_modules/raw-body/index.js:116:12)
    at read (/Users/raacoon/Desktop/Project/invitation2/node_modules/body-parser/lib/read.js:114:3)
    at jsonParser (/Users/raacoon/Desktop/Project/invitation2/node_modules/body-parser/lib/types/json.js:90:5)
    at Layer.handleRequest (/Users/raacoon/Desktop/Project/invitation2/node_modules/router/lib/layer.js:152:17)
    at trimPrefix (/Users/raacoon/Desktop/Project/invitation2/node_modules/router/index.js:342:13)
    at /Users/raacoon/Desktop/Project/invitation2/node_modules/router/index.js:297:9
    at processParams (/Users/raacoon/Desktop/Project/invitation2/node_modules/router/index.js:582:12)
    at next (/Users/raacoon/Desktop/Project/invitation2/node_modules/router/index.js:291:5)
    at cors (/Users/raacoon/Desktop/Project/invitation2/node_modules/cors/lib/index.js:188:7)
[2026-03-28T17:42:48.218Z] POST /api/content/stories
PayloadTooLargeError: request entity too large
    at readStream (/Users/raacoon/Desktop/Project/invitation2/node_modules/raw-body/index.js:163:17)
    at getRawBody (/Users/raacoon/Desktop/Project/invitation2/node_modules/raw-body/index.js:116:12)
    at read (/Users/raacoon/Desktop/Project/invitation2/node_modules/body-parser/lib/read.js:114:3)
    at jsonParser (/Users/raacoon/Desktop/Project/invitation2/node_modules/body-parser/lib/types/json.js:90:5)
    at Layer.handleRequest (/Users/raacoon/Desktop/Project/invitation2/node_modules/router/lib/layer.js:152:17)
    at trimPrefix (/Users/raacoon/Desktop/Project/invitation2/node_modules/router/index.js:342:13)
    at /Users/raacoon/Desktop/Project/invitation2/node_modules/router/index.js:297:9
    at processParams (/Users/raacoon/Desktop/Project/invitation2/node_modules/router/index.js:582:12)
    at next (/Users/raacoon/Desktop/Project/invitation2/node_modules/router/index.js:291:5)
    at cors (/Users/raacoon/Desktop/Project/invitation2/node_modules/cors/lib/index.js:188:7)
[2026-03-28T17:42:48.798Z] POST /api/content/stories
PayloadTooLargeError: request entity too large
    at readStream (/Users/raacoon/Desktop/Project/invitation2/node_modules/raw-body/index.js:163:17)
    at getRawBody (/Users/raacoon/Desktop/Project/invitation2/node_modules/raw-body/index.js:116:12)
    at read (/Users/raacoon/Desktop/Project/invitation2/node_modules/body-parser/lib/read.js:114:3)
    at jsonParser (/Users/raacoon/Desktop/Project/invitation2/node_modules/body-parser/lib/types/json.js:90:5)
    at Layer.handleRequest (/Users/raacoon/Desktop/Project/invitation2/node_modules/router/lib/layer.js:152:17)
    at trimPrefix (/Users/raacoon/Desktop/Project/invitation2/node_modules/router/index.js:342:13)
    at /Users/raacoon/Desktop/Project/invitation2/node_modules/router/index.js:297:9
    at processParams (/Users/raacoon/Desktop/Project/invitation2/node_modules/router/index.js:582:12)
    at next (/Users/raacoon/Desktop/Project/invitation2/node_modules/router/index.js:291:5)
    at cors (/Users/raacoon/Desktop/Project/invitation2/node_modules/cors/lib/index.js:188:7)
[2026-03-28T17:42:49.382Z] POST /api/content/stories
PayloadTooLargeError: request entity too large
    at readStream (/Users/raacoon/Desktop/Project/invitation2/node_modules/raw-body/index.js:163:17)
    at getRawBody (/Users/raacoon/Desktop/Project/invitation2/node_modules/raw-body/index.js:116:12)
    at read (/Users/raacoon/Desktop/Project/invitation2/node_modules/body-parser/lib/read.js:114:3)
    at jsonParser (/Users/raacoon/Desktop/Project/invitation2/node_modules/body-parser/lib/types/json.js:90:5)
    at Layer.handleRequest (/Users/raacoon/Desktop/Project/invitation2/node_modules/router/lib/layer.js:152:17)
    at trimPrefix (/Users/raacoon/Desktop/Project/invitation2/node_modules/router/index.js:342:13)
    at /Users/raacoon/Desktop/Project/invitation2/node_modules/router/index.js:297:9
    at processParams (/Users/raacoon/Desktop/Project/invitation2/node_modules/router/index.js:582:12)
    at next (/Users/raacoon/Desktop/Project/invitation2/node_modules/router/index.js:291:5)
    at cors (/Users/raacoon/Desktop/Project/invitation2/node_modules/cors/lib/index.js:188:7)
[2026-03-28T17:42:50.207Z] POST /api/content/stories
PayloadTooLargeError: request entity too large
    at readStream (/Users/raacoon/Desktop/Project/invitation2/node_modules/raw-body/index.js:163:17)
    at getRawBody (/Users/raacoon/Desktop/Project/invitation2/node_modules/raw-body/index.js:116:12)
    at read (/Users/raacoon/Desktop/Project/invitation2/node_modules/body-parser/lib/read.js:114:3)
    at jsonParser (/Users/raacoon/Desktop/Project/invitation2/node_modules/body-parser/lib/types/json.js:90:5)
    at Layer.handleRequest (/Users/raacoon/Desktop/Project/invitation2/node_modules/router/lib/layer.js:152:17)
    at trimPrefix (/Users/raacoon/Desktop/Project/invitation2/node_modules/router/index.js:342:13)
    at /Users/raacoon/Desktop/Project/invitation2/node_modules/router/index.js:297:9
    at processParams (/Users/raacoon/Desktop/Project/invitation2/node_modules/router/index.js:582:12)
    at next (/Users/raacoon/Desktop/Project/invitation2/node_modules/router/index.js:291:5)
    at cors (/Users/raacoon/Desktop/Project/invitation2/node_modules/cors/lib/index.js:188:7)
[2026-03-28T17:42:50.666Z] POST /api/content/stories
PayloadTooLargeError: request entity too large
    at readStream (/Users/raacoon/Desktop/Project/invitation2/node_modules/raw-body/index.js:163:17)
    at getRawBody (/Users/raacoon/Desktop/Project/invitation2/node_modules/raw-body/index.js:116:12)
    at read (/Users/raacoon/Desktop/Project/invitation2/node_modules/body-parser/lib/read.js:114:3)
    at jsonParser (/Users/raacoon/Desktop/Project/invitation2/node_modules/body-parser/lib/types/json.js:90:5)
    at Layer.handleRequest (/Users/raacoon/Desktop/Project/invitation2/node_modules/router/lib/layer.js:152:17)
    at trimPrefix (/Users/raacoon/Desktop/Project/invitation2/node_modules/router/index.js:342:13)
    at /Users/raacoon/Desktop/Project/invitation2/node_modules/router/index.js:297:9
    at processParams (/Users/raacoon/Desktop/Project/invitation2/node_modules/router/index.js:582:12)
    at next (/Users/raacoon/Desktop/Project/invitation2/node_modules/router/index.js:291:5)
    at cors (/Users/raacoon/Desktop/Project/invitation2/node_modules/cors/lib/index.js:188:7)
[2026-03-28T17:43:20.262Z] POST /api/content/stories
PayloadTooLargeError: request entity too large
    at readStream (/Users/raacoon/Desktop/Project/invitation2/node_modules/raw-body/index.js:163:17)
    at getRawBody (/Users/raacoon/Desktop/Project/invitation2/node_modules/raw-body/index.js:116:12)
    at read (/Users/raacoon/Desktop/Project/invitation2/node_modules/body-parser/lib/read.js:114:3)
    at jsonParser (/Users/raacoon/Desktop/Project/invitation2/node_modules/body-parser/lib/types/json.js:90:5)
    at Layer.handleRequest (/Users/raacoon/Desktop/Project/invitation2/node_modules/router/lib/layer.js:152:17)
    at trimPrefix (/Users/raacoon/Desktop/Project/invitation2/node_modules/router/index.js:342:13)
    at /Users/raacoon/Desktop/Project/invitation2/node_modules/router/index.js:297:9
    at processParams (/Users/raacoon/Desktop/Project/invitation2/node_modules/router/index.js:582:12)
    at next (/Users/raacoon/Desktop/Project/invitation2/node_modules/router/index.js:291:5)
    at cors (/Users/raacoon/Desktop/Project/invitation2/node_modules/cors/lib/index.js:188:7)
[2026-03-28T17:43:28.083Z] POST /api/content/stories
PayloadTooLargeError: request entity too large
    at readStream (/Users/raacoon/Desktop/Project/invitation2/node_modules/raw-body/index.js:163:17)
    at getRawBody (/Users/raacoon/Desktop/Project/invitation2/node_modules/raw-body/index.js:116:12)
    at read (/Users/raacoon/Desktop/Project/invitation2/node_modules/body-parser/lib/read.js:114:3)
    at jsonParser (/Users/raacoon/Desktop/Project/invitation2/node_modules/body-parser/lib/types/json.js:90:5)
    at Layer.handleRequest (/Users/raacoon/Desktop/Project/invitation2/node_modules/router/lib/layer.js:152:17)
    at trimPrefix (/Users/raacoon/Desktop/Project/invitation2/node_modules/router/index.js:342:13)
    at /Users/raacoon/Desktop/Project/invitation2/node_modules/router/index.js:297:9
    at processParams (/Users/raacoon/Desktop/Project/invitation2/node_modules/router/index.js:582:12)
    at next (/Users/raacoon/Desktop/Project/invitation2/node_modules/router/index.js:291:5)
    at cors (/Users/raacoon/Desktop/Project/invitation2/node_modules/cors/lib/index.js:188:7)
[2026-03-28T17:43:30.594Z] POST /api/content/stories
PayloadTooLargeError: request entity too large
    at readStream (/Users/raacoon/Desktop/Project/invitation2/node_modules/raw-body/index.js:163:17)
    at getRawBody (/Users/raacoon/Desktop/Project/invitation2/node_modules/raw-body/index.js:116:12)
    at read (/Users/raacoon/Desktop/Project/invitation2/node_modules/body-parser/lib/read.js:114:3)
    at jsonParser (/Users/raacoon/Desktop/Project/invitation2/node_modules/body-parser/lib/types/json.js:90:5)
    at Layer.handleRequest (/Users/raacoon/Desktop/Project/invitation2/node_modules/router/lib/layer.js:152:17)
    at trimPrefix (/Users/raacoon/Desktop/Project/invitation2/node_modules/router/index.js:342:13)
    at /Users/raacoon/Desktop/Project/invitation2/node_modules/router/index.js:297:9
    at processParams (/Users/raacoon/Desktop/Project/invitation2/node_modules/router/index.js:582:12)
    at next (/Users/raacoon/Desktop/Project/invitation2/node_modules/router/index.js:291:5)
    at cors (/Users/raacoon/Desktop/Project/invitation2/node_modules/cors/lib/index.js:188:7)
[2026-03-28T17:47:30.624Z] POST /api/content/stories
PayloadTooLargeError: request entity too large
    at readStream (/Users/raacoon/Desktop/Project/invitation2/node_modules/raw-body/index.js:163:17)
    at getRawBody (/Users/raacoon/Desktop/Project/invitation2/node_modules/raw-body/index.js:116:12)
    at read (/Users/raacoon/Desktop/Project/invitation2/node_modules/body-parser/lib/read.js:114:3)
    at jsonParser (/Users/raacoon/Desktop/Project/invitation2/node_modules/body-parser/lib/types/json.js:90:5)
    at Layer.handleRequest (/Users/raacoon/Desktop/Project/invitation2/node_modules/router/lib/layer.js:152:17)
    at trimPrefix (/Users/raacoon/Desktop/Project/invitation2/node_modules/router/index.js:342:13)
    at /Users/raacoon/Desktop/Project/invitation2/node_modules/router/index.js:297:9
    at processParams (/Users/raacoon/Desktop/Project/invitation2/node_modules/router/index.js:582:12)
    at next (/Users/raacoon/Desktop/Project/invitation2/node_modules/router/index.js:291:5)
    at cors (/Users/raacoon/Desktop/Project/invitation2/node_modules/cors/lib/index.js:188:7)
[2026-03-28T17:47:34.849Z] POST /api/content/stories
PayloadTooLargeError: request entity too large
    at readStream (/Users/raacoon/Desktop/Project/invitation2/node_modules/raw-body/index.js:163:17)
    at getRawBody (/Users/raacoon/Desktop/Project/invitation2/node_modules/raw-body/index.js:116:12)
    at read (/Users/raacoon/Desktop/Project/invitation2/node_modules/body-parser/lib/read.js:114:3)
    at jsonParser (/Users/raacoon/Desktop/Project/invitation2/node_modules/body-parser/lib/types/json.js:90:5)
    at Layer.handleRequest (/Users/raacoon/Desktop/Project/invitation2/node_modules/router/lib/layer.js:152:17)
    at trimPrefix (/Users/raacoon/Desktop/Project/invitation2/node_modules/router/index.js:342:13)
    at /Users/raacoon/Desktop/Project/invitation2/node_modules/router/index.js:297:9
    at processParams (/Users/raacoon/Desktop/Project/invitation2/node_modules/router/index.js:582:12)
    at next (/Users/raacoon/Desktop/Project/invitation2/node_modules/router/index.js:291:5)
    at cors (/Users/raacoon/Desktop/Project/invitation2/node_modules/cors/lib/index.js:188:7)
[2026-03-28T17:47:39.014Z] POST /api/content/stories
PayloadTooLargeError: request entity too large
    at readStream (/Users/raacoon/Desktop/Project/invitation2/node_modules/raw-body/index.js:163:17)
    at getRawBody (/Users/raacoon/Desktop/Project/invitation2/node_modules/raw-body/index.js:116:12)
    at read (/Users/raacoon/Desktop/Project/invitation2/node_modules/body-parser/lib/read.js:114:3)
    at jsonParser (/Users/raacoon/Desktop/Project/invitation2/node_modules/body-parser/lib/types/json.js:90:5)
    at Layer.handleRequest (/Users/raacoon/Desktop/Project/invitation2/node_modules/router/lib/layer.js:152:17)
    at trimPrefix (/Users/raacoon/Desktop/Project/invitation2/node_modules/router/index.js:342:13)
    at /Users/raacoon/Desktop/Project/invitation2/node_modules/router/index.js:297:9
    at processParams (/Users/raacoon/Desktop/Project/invitation2/node_modules/router/index.js:582:12)
    at next (/Users/raacoon/Desktop/Project/invitation2/node_modules/router/index.js:291:5)
    at cors (/Users/raacoon/Desktop/Project/invitation2/node_modules/cors/lib/index.js:188:7)
[2026-03-28T17:49:43.695Z] POST /api/content/stories
PayloadTooLargeError: request entity too large
    at readStream (/Users/raacoon/Desktop/Project/invitation2/node_modules/raw-body/index.js:163:17)
    at getRawBody (/Users/raacoon/Desktop/Project/invitation2/node_modules/raw-body/index.js:116:12)
    at read (/Users/raacoon/Desktop/Project/invitation2/node_modules/body-parser/lib/read.js:114:3)
    at jsonParser (/Users/raacoon/Desktop/Project/invitation2/node_modules/body-parser/lib/types/json.js:90:5)
    at Layer.handleRequest (/Users/raacoon/Desktop/Project/invitation2/node_modules/router/lib/layer.js:152:17)
    at trimPrefix (/Users/raacoon/Desktop/Project/invitation2/node_modules/router/index.js:342:13)
    at /Users/raacoon/Desktop/Project/invitation2/node_modules/router/index.js:297:9
    at processParams (/Users/raacoon/Desktop/Project/invitation2/node_modules/router/index.js:582:12)
    at next (/Users/raacoon/Desktop/Project/invitation2/node_modules/router/index.js:291:5)
    at cors (/Users/raacoon/Desktop/Project/invitation2/node_modules/cors/lib/index.js:188:7)
[2026-03-28T17:49:43.735Z] POST /api/content/stories
PayloadTooLargeError: request entity too large
    at readStream (/Users/raacoon/Desktop/Project/invitation2/node_modules/raw-body/index.js:163:17)
    at getRawBody (/Users/raacoon/Desktop/Project/invitation2/node_modules/raw-body/index.js:116:12)
    at read (/Users/raacoon/Desktop/Project/invitation2/node_modules/body-parser/lib/read.js:114:3)
    at jsonParser (/Users/raacoon/Desktop/Project/invitation2/node_modules/body-parser/lib/types/json.js:90:5)
    at Layer.handleRequest (/Users/raacoon/Desktop/Project/invitation2/node_modules/router/lib/layer.js:152:17)
    at trimPrefix (/Users/raacoon/Desktop/Project/invitation2/node_modules/router/index.js:342:13)
    at /Users/raacoon/Desktop/Project/invitation2/node_modules/router/index.js:297:9
    at processParams (/Users/raacoon/Desktop/Project/invitation2/node_modules/router/index.js:582:12)
    at next (/Users/raacoon/Desktop/Project/invitation2/node_modules/router/index.js:291:5)
    at cors (/Users/raacoon/Desktop/Project/invitation2/node_modules/cors/lib/index.js:188:7)
[2026-03-28T17:49:43.736Z] POST /api/content/stories
PayloadTooLargeError: request entity too large
    at readStream (/Users/raacoon/Desktop/Project/invitation2/node_modules/raw-body/index.js:163:17)
    at getRawBody (/Users/raacoon/Desktop/Project/invitation2/node_modules/raw-body/index.js:116:12)
    at read (/Users/raacoon/Desktop/Project/invitation2/node_modules/body-parser/lib/read.js:114:3)
    at jsonParser (/Users/raacoon/Desktop/Project/invitation2/node_modules/body-parser/lib/types/json.js:90:5)
    at Layer.handleRequest (/Users/raacoon/Desktop/Project/invitation2/node_modules/router/lib/layer.js:152:17)
    at trimPrefix (/Users/raacoon/Desktop/Project/invitation2/node_modules/router/index.js:342:13)
    at /Users/raacoon/Desktop/Project/invitation2/node_modules/router/index.js:297:9
    at processParams (/Users/raacoon/Desktop/Project/invitation2/node_modules/router/index.js:582:12)
    at next (/Users/raacoon/Desktop/Project/invitation2/node_modules/router/index.js:291:5)
    at cors (/Users/raacoon/Desktop/Project/invitation2/node_modules/cors/lib/index.js:188:7)
[2026-03-28T17:49:43.748Z] POST /api/content/stories
PayloadTooLargeError: request entity too large
    at readStream (/Users/raacoon/Desktop/Project/invitation2/node_modules/raw-body/index.js:163:17)
    at getRawBody (/Users/raacoon/Desktop/Project/invitation2/node_modules/raw-body/index.js:116:12)
    at read (/Users/raacoon/Desktop/Project/invitation2/node_modules/body-parser/lib/read.js:114:3)
    at jsonParser (/Users/raacoon/Desktop/Project/invitation2/node_modules/body-parser/lib/types/json.js:90:5)
    at Layer.handleRequest (/Users/raacoon/Desktop/Project/invitation2/node_modules/router/lib/layer.js:152:17)
    at trimPrefix (/Users/raacoon/Desktop/Project/invitation2/node_modules/router/index.js:342:13)
    at /Users/raacoon/Desktop/Project/invitation2/node_modules/router/index.js:297:9
    at processParams (/Users/raacoon/Desktop/Project/invitation2/node_modules/router/index.js:582:12)
    at next (/Users/raacoon/Desktop/Project/invitation2/node_modules/router/index.js:291:5)
    at cors (/Users/raacoon/Desktop/Project/invitation2/node_modules/cors/lib/index.js:188:7)
[2026-03-28T17:49:43.862Z] POST /api/content/stories
[2026-03-28T17:49:43.864Z] POST /api/content/stories
PayloadTooLargeError: request entity too large
    at readStream (/Users/raacoon/Desktop/Project/invitation2/node_modules/raw-body/index.js:163:17)
    at getRawBody (/Users/raacoon/Desktop/Project/invitation2/node_modules/raw-body/index.js:116:12)
    at read (/Users/raacoon/Desktop/Project/invitation2/node_modules/body-parser/lib/read.js:114:3)
    at jsonParser (/Users/raacoon/Desktop/Project/invitation2/node_modules/body-parser/lib/types/json.js:90:5)
    at Layer.handleRequest (/Users/raacoon/Desktop/Project/invitation2/node_modules/router/lib/layer.js:152:17)
    at trimPrefix (/Users/raacoon/Desktop/Project/invitation2/node_modules/router/index.js:342:13)
    at /Users/raacoon/Desktop/Project/invitation2/node_modules/router/index.js:297:9
    at processParams (/Users/raacoon/Desktop/Project/invitation2/node_modules/router/index.js:582:12)
    at next (/Users/raacoon/Desktop/Project/invitation2/node_modules/router/index.js:291:5)
    at cors (/Users/raacoon/Desktop/Project/invitation2/node_modules/cors/lib/index.js:188:7)
PayloadTooLargeError: request entity too large
    at readStream (/Users/raacoon/Desktop/Project/invitation2/node_modules/raw-body/index.js:163:17)
    at getRawBody (/Users/raacoon/Desktop/Project/invitation2/node_modules/raw-body/index.js:116:12)
    at read (/Users/raacoon/Desktop/Project/invitation2/node_modules/body-parser/lib/read.js:114:3)
    at jsonParser (/Users/raacoon/Desktop/Project/invitation2/node_modules/body-parser/lib/types/json.js:90:5)
    at Layer.handleRequest (/Users/raacoon/Desktop/Project/invitation2/node_modules/router/lib/layer.js:152:17)
    at trimPrefix (/Users/raacoon/Desktop/Project/invitation2/node_modules/router/index.js:342:13)
    at /Users/raacoon/Desktop/Project/invitation2/node_modules/router/index.js:297:9
    at processParams (/Users/raacoon/Desktop/Project/invitation2/node_modules/router/index.js:582:12)
    at next (/Users/raacoon/Desktop/Project/invitation2/node_modules/router/index.js:291:5)
    at cors (/Users/raacoon/Desktop/Project/invitation2/node_modules/cors/lib/index.js:188:7)
[2026-03-28T17:49:44.036Z] POST /api/content/stories
PayloadTooLargeError: request entity too large
    at readStream (/Users/raacoon/Desktop/Project/invitation2/node_modules/raw-body/index.js:163:17)
    at getRawBody (/Users/raacoon/Desktop/Project/invitation2/node_modules/raw-body/index.js:116:12)
    at read (/Users/raacoon/Desktop/Project/invitation2/node_modules/body-parser/lib/read.js:114:3)
    at jsonParser (/Users/raacoon/Desktop/Project/invitation2/node_modules/body-parser/lib/types/json.js:90:5)
    at Layer.handleRequest (/Users/raacoon/Desktop/Project/invitation2/node_modules/router/lib/layer.js:152:17)
    at trimPrefix (/Users/raacoon/Desktop/Project/invitation2/node_modules/router/index.js:342:13)
    at /Users/raacoon/Desktop/Project/invitation2/node_modules/router/index.js:297:9
    at processParams (/Users/raacoon/Desktop/Project/invitation2/node_modules/router/index.js:582:12)
    at next (/Users/raacoon/Desktop/Project/invitation2/node_modules/router/index.js:291:5)
    at cors (/Users/raacoon/Desktop/Project/invitation2/node_modules/cors/lib/index.js:188:7)
[2026-03-28T17:49:44.068Z] POST /api/content/stories
PayloadTooLargeError: request entity too large
    at readStream (/Users/raacoon/Desktop/Project/invitation2/node_modules/raw-body/index.js:163:17)
    at getRawBody (/Users/raacoon/Desktop/Project/invitation2/node_modules/raw-body/index.js:116:12)
    at read (/Users/raacoon/Desktop/Project/invitation2/node_modules/body-parser/lib/read.js:114:3)
    at jsonParser (/Users/raacoon/Desktop/Project/invitation2/node_modules/body-parser/lib/types/json.js:90:5)
    at Layer.handleRequest (/Users/raacoon/Desktop/Project/invitation2/node_modules/router/lib/layer.js:152:17)
    at trimPrefix (/Users/raacoon/Desktop/Project/invitation2/node_modules/router/index.js:342:13)
    at /Users/raacoon/Desktop/Project/invitation2/node_modules/router/index.js:297:9
    at processParams (/Users/raacoon/Desktop/Project/invitation2/node_modules/router/index.js:582:12)
    at next (/Users/raacoon/Desktop/Project/invitation2/node_modules/router/index.js:291:5)
    at cors (/Users/raacoon/Desktop/Project/invitation2/node_modules/cors/lib/index.js:188:7)
[2026-03-28T17:49:44.215Z] POST /api/content/stories
PayloadTooLargeError: request entity too large
    at readStream (/Users/raacoon/Desktop/Project/invitation2/node_modules/raw-body/index.js:163:17)
    at getRawBody (/Users/raacoon/Desktop/Project/invitation2/node_modules/raw-body/index.js:116:12)
    at read (/Users/raacoon/Desktop/Project/invitation2/node_modules/body-parser/lib/read.js:114:3)
    at jsonParser (/Users/raacoon/Desktop/Project/invitation2/node_modules/body-parser/lib/types/json.js:90:5)
    at Layer.handleRequest (/Users/raacoon/Desktop/Project/invitation2/node_modules/router/lib/layer.js:152:17)
    at trimPrefix (/Users/raacoon/Desktop/Project/invitation2/node_modules/router/index.js:342:13)
    at /Users/raacoon/Desktop/Project/invitation2/node_modules/router/index.js:297:9
    at processParams (/Users/raacoon/Desktop/Project/invitation2/node_modules/router/index.js:582:12)
    at next (/Users/raacoon/Desktop/Project/invitation2/node_modules/router/index.js:291:5)
    at cors (/Users/raacoon/Desktop/Project/invitation2/node_modules/cors/lib/index.js:188:7)
[2026-03-28T17:49:44.219Z] POST /api/content/stories
PayloadTooLargeError: request entity too large
    at readStream (/Users/raacoon/Desktop/Project/invitation2/node_modules/raw-body/index.js:163:17)
    at getRawBody (/Users/raacoon/Desktop/Project/invitation2/node_modules/raw-body/index.js:116:12)
    at read (/Users/raacoon/Desktop/Project/invitation2/node_modules/body-parser/lib/read.js:114:3)
    at jsonParser (/Users/raacoon/Desktop/Project/invitation2/node_modules/body-parser/lib/types/json.js:90:5)
    at Layer.handleRequest (/Users/raacoon/Desktop/Project/invitation2/node_modules/router/lib/layer.js:152:17)
    at trimPrefix (/Users/raacoon/Desktop/Project/invitation2/node_modules/router/index.js:342:13)
    at /Users/raacoon/Desktop/Project/invitation2/node_modules/router/index.js:297:9
    at processParams (/Users/raacoon/Desktop/Project/invitation2/node_modules/router/index.js:582:12)
    at next (/Users/raacoon/Desktop/Project/invitation2/node_modules/router/index.js:291:5)
    at cors (/Users/raacoon/Desktop/Project/invitation2/node_modules/cors/lib/index.js:188:7)
[2026-03-28T17:49:44.300Z] POST /api/content/stories
PayloadTooLargeError: request entity too large
    at readStream (/Users/raacoon/Desktop/Project/invitation2/node_modules/raw-body/index.js:163:17)
    at getRawBody (/Users/raacoon/Desktop/Project/invitation2/node_modules/raw-body/index.js:116:12)
    at read (/Users/raacoon/Desktop/Project/invitation2/node_modules/body-parser/lib/read.js:114:3)
    at jsonParser (/Users/raacoon/Desktop/Project/invitation2/node_modules/body-parser/lib/types/json.js:90:5)
    at Layer.handleRequest (/Users/raacoon/Desktop/Project/invitation2/node_modules/router/lib/layer.js:152:17)
    at trimPrefix (/Users/raacoon/Desktop/Project/invitation2/node_modules/router/index.js:342:13)
    at /Users/raacoon/Desktop/Project/invitation2/node_modules/router/index.js:297:9
    at processParams (/Users/raacoon/Desktop/Project/invitation2/node_modules/router/index.js:582:12)
    at next (/Users/raacoon/Desktop/Project/invitation2/node_modules/router/index.js:291:5)
    at cors (/Users/raacoon/Desktop/Project/invitation2/node_modules/cors/lib/index.js:188:7)
[2026-03-28T17:49:44.351Z] POST /api/content/stories
PayloadTooLargeError: request entity too large
    at readStream (/Users/raacoon/Desktop/Project/invitation2/node_modules/raw-body/index.js:163:17)
    at getRawBody (/Users/raacoon/Desktop/Project/invitation2/node_modules/raw-body/index.js:116:12)
    at read (/Users/raacoon/Desktop/Project/invitation2/node_modules/body-parser/lib/read.js:114:3)
    at jsonParser (/Users/raacoon/Desktop/Project/invitation2/node_modules/body-parser/lib/types/json.js:90:5)
    at Layer.handleRequest (/Users/raacoon/Desktop/Project/invitation2/node_modules/router/lib/layer.js:152:17)
    at trimPrefix (/Users/raacoon/Desktop/Project/invitation2/node_modules/router/index.js:342:13)
    at /Users/raacoon/Desktop/Project/invitation2/node_modules/router/index.js:297:9
    at processParams (/Users/raacoon/Desktop/Project/invitation2/node_modules/router/index.js:582:12)
    at next (/Users/raacoon/Desktop/Project/invitation2/node_modules/router/index.js:291:5)
    at cors (/Users/raacoon/Desktop/Project/invitation2/node_modules/cors/lib/index.js:188:7)
[2026-03-28T17:49:44.368Z] POST /api/content/stories
PayloadTooLargeError: request entity too large
    at readStream (/Users/raacoon/Desktop/Project/invitation2/node_modules/raw-body/index.js:163:17)
    at getRawBody (/Users/raacoon/Desktop/Project/invitation2/node_modules/raw-body/index.js:116:12)
    at read (/Users/raacoon/Desktop/Project/invitation2/node_modules/body-parser/lib/read.js:114:3)
    at jsonParser (/Users/raacoon/Desktop/Project/invitation2/node_modules/body-parser/lib/types/json.js:90:5)
    at Layer.handleRequest (/Users/raacoon/Desktop/Project/invitation2/node_modules/router/lib/layer.js:152:17)
    at trimPrefix (/Users/raacoon/Desktop/Project/invitation2/node_modules/router/index.js:342:13)
    at /Users/raacoon/Desktop/Project/invitation2/node_modules/router/index.js:297:9
    at processParams (/Users/raacoon/Desktop/Project/invitation2/node_modules/router/index.js:582:12)
    at next (/Users/raacoon/Desktop/Project/invitation2/node_modules/router/index.js:291:5)
    at cors (/Users/raacoon/Desktop/Project/invitation2/node_modules/cors/lib/index.js:188:7)
[2026-03-28T17:49:44.403Z] POST /api/content/stories
PayloadTooLargeError: request entity too large
    at readStream (/Users/raacoon/Desktop/Project/invitation2/node_modules/raw-body/index.js:163:17)
    at getRawBody (/Users/raacoon/Desktop/Project/invitation2/node_modules/raw-body/index.js:116:12)
    at read (/Users/raacoon/Desktop/Project/invitation2/node_modules/body-parser/lib/read.js:114:3)
    at jsonParser (/Users/raacoon/Desktop/Project/invitation2/node_modules/body-parser/lib/types/json.js:90:5)
    at Layer.handleRequest (/Users/raacoon/Desktop/Project/invitation2/node_modules/router/lib/layer.js:152:17)
    at trimPrefix (/Users/raacoon/Desktop/Project/invitation2/node_modules/router/index.js:342:13)
    at /Users/raacoon/Desktop/Project/invitation2/node_modules/router/index.js:297:9
    at processParams (/Users/raacoon/Desktop/Project/invitation2/node_modules/router/index.js:582:12)
    at next (/Users/raacoon/Desktop/Project/invitation2/node_modules/router/index.js:291:5)
    at cors (/Users/raacoon/Desktop/Project/invitation2/node_modules/cors/lib/index.js:188:7)
[2026-03-28T17:49:44.432Z] POST /api/content/stories
PayloadTooLargeError: request entity too large
    at readStream (/Users/raacoon/Desktop/Project/invitation2/node_modules/raw-body/index.js:163:17)
    at getRawBody (/Users/raacoon/Desktop/Project/invitation2/node_modules/raw-body/index.js:116:12)
    at read (/Users/raacoon/Desktop/Project/invitation2/node_modules/body-parser/lib/read.js:114:3)
    at jsonParser (/Users/raacoon/Desktop/Project/invitation2/node_modules/body-parser/lib/types/json.js:90:5)
    at Layer.handleRequest (/Users/raacoon/Desktop/Project/invitation2/node_modules/router/lib/layer.js:152:17)
    at trimPrefix (/Users/raacoon/Desktop/Project/invitation2/node_modules/router/index.js:342:13)
    at /Users/raacoon/Desktop/Project/invitation2/node_modules/router/index.js:297:9
    at processParams (/Users/raacoon/Desktop/Project/invitation2/node_modules/router/index.js:582:12)
    at next (/Users/raacoon/Desktop/Project/invitation2/node_modules/router/index.js:291:5)
    at cors (/Users/raacoon/Desktop/Project/invitation2/node_modules/cors/lib/index.js:188:7)
[2026-03-28T17:49:44.483Z] POST /api/content/stories
PayloadTooLargeError: request entity too large
    at readStream (/Users/raacoon/Desktop/Project/invitation2/node_modules/raw-body/index.js:163:17)
    at getRawBody (/Users/raacoon/Desktop/Project/invitation2/node_modules/raw-body/index.js:116:12)
    at read (/Users/raacoon/Desktop/Project/invitation2/node_modules/body-parser/lib/read.js:114:3)
    at jsonParser (/Users/raacoon/Desktop/Project/invitation2/node_modules/body-parser/lib/types/json.js:90:5)
    at Layer.handleRequest (/Users/raacoon/Desktop/Project/invitation2/node_modules/router/lib/layer.js:152:17)
    at trimPrefix (/Users/raacoon/Desktop/Project/invitation2/node_modules/router/index.js:342:13)
    at /Users/raacoon/Desktop/Project/invitation2/node_modules/router/index.js:297:9
    at processParams (/Users/raacoon/Desktop/Project/invitation2/node_modules/router/index.js:582:12)
    at next (/Users/raacoon/Desktop/Project/invitation2/node_modules/router/index.js:291:5)
    at cors (/Users/raacoon/Desktop/Project/invitation2/node_modules/cors/lib/index.js:188:7)
[2026-03-28T17:49:44.752Z] POST /api/content/stories
PayloadTooLargeError: request entity too large
    at readStream (/Users/raacoon/Desktop/Project/invitation2/node_modules/raw-body/index.js:163:17)
    at getRawBody (/Users/raacoon/Desktop/Project/invitation2/node_modules/raw-body/index.js:116:12)
    at read (/Users/raacoon/Desktop/Project/invitation2/node_modules/body-parser/lib/read.js:114:3)
    at jsonParser (/Users/raacoon/Desktop/Project/invitation2/node_modules/body-parser/lib/types/json.js:90:5)
    at Layer.handleRequest (/Users/raacoon/Desktop/Project/invitation2/node_modules/router/lib/layer.js:152:17)
    at trimPrefix (/Users/raacoon/Desktop/Project/invitation2/node_modules/router/index.js:342:13)
    at /Users/raacoon/Desktop/Project/invitation2/node_modules/router/index.js:297:9
    at processParams (/Users/raacoon/Desktop/Project/invitation2/node_modules/router/index.js:582:12)
    at next (/Users/raacoon/Desktop/Project/invitation2/node_modules/router/index.js:291:5)
    at cors (/Users/raacoon/Desktop/Project/invitation2/node_modules/cors/lib/index.js:188:7)
[2026-03-28T17:49:45.225Z] POST /api/content/stories
PayloadTooLargeError: request entity too large
    at readStream (/Users/raacoon/Desktop/Project/invitation2/node_modules/raw-body/index.js:163:17)
    at getRawBody (/Users/raacoon/Desktop/Project/invitation2/node_modules/raw-body/index.js:116:12)
    at read (/Users/raacoon/Desktop/Project/invitation2/node_modules/body-parser/lib/read.js:114:3)
    at jsonParser (/Users/raacoon/Desktop/Project/invitation2/node_modules/body-parser/lib/types/json.js:90:5)
    at Layer.handleRequest (/Users/raacoon/Desktop/Project/invitation2/node_modules/router/lib/layer.js:152:17)
    at trimPrefix (/Users/raacoon/Desktop/Project/invitation2/node_modules/router/index.js:342:13)
    at /Users/raacoon/Desktop/Project/invitation2/node_modules/router/index.js:297:9
    at processParams (/Users/raacoon/Desktop/Project/invitation2/node_modules/router/index.js:582:12)
    at next (/Users/raacoon/Desktop/Project/invitation2/node_modules/router/index.js:291:5)
    at cors (/Users/raacoon/Desktop/Project/invitation2/node_modules/cors/lib/index.js:188:7)
[2026-03-28T17:49:45.868Z] POST /api/content/stories
PayloadTooLargeError: request entity too large
    at readStream (/Users/raacoon/Desktop/Project/invitation2/node_modules/raw-body/index.js:163:17)
    at getRawBody (/Users/raacoon/Desktop/Project/invitation2/node_modules/raw-body/index.js:116:12)
    at read (/Users/raacoon/Desktop/Project/invitation2/node_modules/body-parser/lib/read.js:114:3)
    at jsonParser (/Users/raacoon/Desktop/Project/invitation2/node_modules/body-parser/lib/types/json.js:90:5)
    at Layer.handleRequest (/Users/raacoon/Desktop/Project/invitation2/node_modules/router/lib/layer.js:152:17)
    at trimPrefix (/Users/raacoon/Desktop/Project/invitation2/node_modules/router/index.js:342:13)
    at /Users/raacoon/Desktop/Project/invitation2/node_modules/router/index.js:297:9
    at processParams (/Users/raacoon/Desktop/Project/invitation2/node_modules/router/index.js:582:12)
    at next (/Users/raacoon/Desktop/Project/invitation2/node_modules/router/index.js:291:5)
    at cors (/Users/raacoon/Desktop/Project/invitation2/node_modules/cors/lib/index.js:188:7)
[2026-03-28T17:49:45.917Z] POST /api/content/stories
PayloadTooLargeError: request entity too large
    at readStream (/Users/raacoon/Desktop/Project/invitation2/node_modules/raw-body/index.js:163:17)
    at getRawBody (/Users/raacoon/Desktop/Project/invitation2/node_modules/raw-body/index.js:116:12)
    at read (/Users/raacoon/Desktop/Project/invitation2/node_modules/body-parser/lib/read.js:114:3)
    at jsonParser (/Users/raacoon/Desktop/Project/invitation2/node_modules/body-parser/lib/types/json.js:90:5)
    at Layer.handleRequest (/Users/raacoon/Desktop/Project/invitation2/node_modules/router/lib/layer.js:152:17)
    at trimPrefix (/Users/raacoon/Desktop/Project/invitation2/node_modules/router/index.js:342:13)
    at /Users/raacoon/Desktop/Project/invitation2/node_modules/router/index.js:297:9
    at processParams (/Users/raacoon/Desktop/Project/invitation2/node_modules/router/index.js:582:12)
    at next (/Users/raacoon/Desktop/Project/invitation2/node_modules/router/index.js:291:5)
    at cors (/Users/raacoon/Desktop/Project/invitation2/node_modules/cors/lib/index.js:188:7)
[2026-03-28T17:49:46.101Z] POST /api/content/stories
PayloadTooLargeError: request entity too large
    at readStream (/Users/raacoon/Desktop/Project/invitation2/node_modules/raw-body/index.js:163:17)
    at getRawBody (/Users/raacoon/Desktop/Project/invitation2/node_modules/raw-body/index.js:116:12)
    at read (/Users/raacoon/Desktop/Project/invitation2/node_modules/body-parser/lib/read.js:114:3)
    at jsonParser (/Users/raacoon/Desktop/Project/invitation2/node_modules/body-parser/lib/types/json.js:90:5)
    at Layer.handleRequest (/Users/raacoon/Desktop/Project/invitation2/node_modules/router/lib/layer.js:152:17)
    at trimPrefix (/Users/raacoon/Desktop/Project/invitation2/node_modules/router/index.js:342:13)
    at /Users/raacoon/Desktop/Project/invitation2/node_modules/router/index.js:297:9
    at processParams (/Users/raacoon/Desktop/Project/invitation2/node_modules/router/index.js:582:12)
    at next (/Users/raacoon/Desktop/Project/invitation2/node_modules/router/index.js:291:5)
    at cors (/Users/raacoon/Desktop/Project/invitation2/node_modules/cors/lib/index.js:188:7)
[2026-03-28T17:49:46.116Z] POST /api/content/stories
PayloadTooLargeError: request entity too large
    at readStream (/Users/raacoon/Desktop/Project/invitation2/node_modules/raw-body/index.js:163:17)
    at getRawBody (/Users/raacoon/Desktop/Project/invitation2/node_modules/raw-body/index.js:116:12)
    at read (/Users/raacoon/Desktop/Project/invitation2/node_modules/body-parser/lib/read.js:114:3)
    at jsonParser (/Users/raacoon/Desktop/Project/invitation2/node_modules/body-parser/lib/types/json.js:90:5)
    at Layer.handleRequest (/Users/raacoon/Desktop/Project/invitation2/node_modules/router/lib/layer.js:152:17)
    at trimPrefix (/Users/raacoon/Desktop/Project/invitation2/node_modules/router/index.js:342:13)
    at /Users/raacoon/Desktop/Project/invitation2/node_modules/router/index.js:297:9
    at processParams (/Users/raacoon/Desktop/Project/invitation2/node_modules/router/index.js:582:12)
    at next (/Users/raacoon/Desktop/Project/invitation2/node_modules/router/index.js:291:5)
    at cors (/Users/raacoon/Desktop/Project/invitation2/node_modules/cors/lib/index.js:188:7)
[2026-03-28T17:49:46.150Z] POST /api/content/stories
PayloadTooLargeError: request entity too large
    at readStream (/Users/raacoon/Desktop/Project/invitation2/node_modules/raw-body/index.js:163:17)
    at getRawBody (/Users/raacoon/Desktop/Project/invitation2/node_modules/raw-body/index.js:116:12)
    at read (/Users/raacoon/Desktop/Project/invitation2/node_modules/body-parser/lib/read.js:114:3)
    at jsonParser (/Users/raacoon/Desktop/Project/invitation2/node_modules/body-parser/lib/types/json.js:90:5)
    at Layer.handleRequest (/Users/raacoon/Desktop/Project/invitation2/node_modules/router/lib/layer.js:152:17)
    at trimPrefix (/Users/raacoon/Desktop/Project/invitation2/node_modules/router/index.js:342:13)
    at /Users/raacoon/Desktop/Project/invitation2/node_modules/router/index.js:297:9
    at processParams (/Users/raacoon/Desktop/Project/invitation2/node_modules/router/index.js:582:12)
    at next (/Users/raacoon/Desktop/Project/invitation2/node_modules/router/index.js:291:5)
    at cors (/Users/raacoon/Desktop/Project/invitation2/node_modules/cors/lib/index.js:188:7)
[2026-03-28T17:49:46.167Z] POST /api/content/stories
PayloadTooLargeError: request entity too large
    at readStream (/Users/raacoon/Desktop/Project/invitation2/node_modules/raw-body/index.js:163:17)
    at getRawBody (/Users/raacoon/Desktop/Project/invitation2/node_modules/raw-body/index.js:116:12)
    at read (/Users/raacoon/Desktop/Project/invitation2/node_modules/body-parser/lib/read.js:114:3)
    at jsonParser (/Users/raacoon/Desktop/Project/invitation2/node_modules/body-parser/lib/types/json.js:90:5)
    at Layer.handleRequest (/Users/raacoon/Desktop/Project/invitation2/node_modules/router/lib/layer.js:152:17)
    at trimPrefix (/Users/raacoon/Desktop/Project/invitation2/node_modules/router/index.js:342:13)
    at /Users/raacoon/Desktop/Project/invitation2/node_modules/router/index.js:297:9
    at processParams (/Users/raacoon/Desktop/Project/invitation2/node_modules/router/index.js:582:12)
    at next (/Users/raacoon/Desktop/Project/invitation2/node_modules/router/index.js:291:5)
    at cors (/Users/raacoon/Desktop/Project/invitation2/node_modules/cors/lib/index.js:188:7)
[2026-03-28T17:49:46.317Z] POST /api/content/stories
PayloadTooLargeError: request entity too large
    at readStream (/Users/raacoon/Desktop/Project/invitation2/node_modules/raw-body/index.js:163:17)
    at getRawBody (/Users/raacoon/Desktop/Project/invitation2/node_modules/raw-body/index.js:116:12)
    at read (/Users/raacoon/Desktop/Project/invitation2/node_modules/body-parser/lib/read.js:114:3)
    at jsonParser (/Users/raacoon/Desktop/Project/invitation2/node_modules/body-parser/lib/types/json.js:90:5)
    at Layer.handleRequest (/Users/raacoon/Desktop/Project/invitation2/node_modules/router/lib/layer.js:152:17)
    at trimPrefix (/Users/raacoon/Desktop/Project/invitation2/node_modules/router/index.js:342:13)
    at /Users/raacoon/Desktop/Project/invitation2/node_modules/router/index.js:297:9
    at processParams (/Users/raacoon/Desktop/Project/invitation2/node_modules/router/index.js:582:12)
    at next (/Users/raacoon/Desktop/Project/invitation2/node_modules/router/index.js:291:5)
    at cors (/Users/raacoon/Desktop/Project/invitation2/node_modules/cors/lib/index.js:188:7)
[2026-03-28T17:49:46.368Z] POST /api/content/stories
PayloadTooLargeError: request entity too large
    at readStream (/Users/raacoon/Desktop/Project/invitation2/node_modules/raw-body/index.js:163:17)
    at getRawBody (/Users/raacoon/Desktop/Project/invitation2/node_modules/raw-body/index.js:116:12)
    at read (/Users/raacoon/Desktop/Project/invitation2/node_modules/body-parser/lib/read.js:114:3)
    at jsonParser (/Users/raacoon/Desktop/Project/invitation2/node_modules/body-parser/lib/types/json.js:90:5)
    at Layer.handleRequest (/Users/raacoon/Desktop/Project/invitation2/node_modules/router/lib/layer.js:152:17)
    at trimPrefix (/Users/raacoon/Desktop/Project/invitation2/node_modules/router/index.js:342:13)
    at /Users/raacoon/Desktop/Project/invitation2/node_modules/router/index.js:297:9
    at processParams (/Users/raacoon/Desktop/Project/invitation2/node_modules/router/index.js:582:12)
    at next (/Users/raacoon/Desktop/Project/invitation2/node_modules/router/index.js:291:5)
    at cors (/Users/raacoon/Desktop/Project/invitation2/node_modules/cors/lib/index.js:188:7)
[2026-03-28T17:49:46.434Z] POST /api/content/stories
PayloadTooLargeError: request entity too large
    at readStream (/Users/raacoon/Desktop/Project/invitation2/node_modules/raw-body/index.js:163:17)
    at getRawBody (/Users/raacoon/Desktop/Project/invitation2/node_modules/raw-body/index.js:116:12)
    at read (/Users/raacoon/Desktop/Project/invitation2/node_modules/body-parser/lib/read.js:114:3)
    at jsonParser (/Users/raacoon/Desktop/Project/invitation2/node_modules/body-parser/lib/types/json.js:90:5)
    at Layer.handleRequest (/Users/raacoon/Desktop/Project/invitation2/node_modules/router/lib/layer.js:152:17)
    at trimPrefix (/Users/raacoon/Desktop/Project/invitation2/node_modules/router/index.js:342:13)
    at /Users/raacoon/Desktop/Project/invitation2/node_modules/router/index.js:297:9
    at processParams (/Users/raacoon/Desktop/Project/invitation2/node_modules/router/index.js:582:12)
    at next (/Users/raacoon/Desktop/Project/invitation2/node_modules/router/index.js:291:5)
    at cors (/Users/raacoon/Desktop/Project/invitation2/node_modules/cors/lib/index.js:188:7)
[2026-03-28T17:49:46.617Z] POST /api/content/stories
PayloadTooLargeError: request entity too large
    at readStream (/Users/raacoon/Desktop/Project/invitation2/node_modules/raw-body/index.js:163:17)
    at getRawBody (/Users/raacoon/Desktop/Project/invitation2/node_modules/raw-body/index.js:116:12)
    at read (/Users/raacoon/Desktop/Project/invitation2/node_modules/body-parser/lib/read.js:114:3)
    at jsonParser (/Users/raacoon/Desktop/Project/invitation2/node_modules/body-parser/lib/types/json.js:90:5)
    at Layer.handleRequest (/Users/raacoon/Desktop/Project/invitation2/node_modules/router/lib/layer.js:152:17)
    at trimPrefix (/Users/raacoon/Desktop/Project/invitation2/node_modules/router/index.js:342:13)
    at /Users/raacoon/Desktop/Project/invitation2/node_modules/router/index.js:297:9
    at processParams (/Users/raacoon/Desktop/Project/invitation2/node_modules/router/index.js:582:12)
    at next (/Users/raacoon/Desktop/Project/invitation2/node_modules/router/index.js:291:5)
    at cors (/Users/raacoon/Desktop/Project/invitation2/node_modules/cors/lib/index.js:188:7)
[2026-03-28T17:49:46.684Z] POST /api/content/stories
PayloadTooLargeError: request entity too large
    at readStream (/Users/raacoon/Desktop/Project/invitation2/node_modules/raw-body/index.js:163:17)
    at getRawBody (/Users/raacoon/Desktop/Project/invitation2/node_modules/raw-body/index.js:116:12)
    at read (/Users/raacoon/Desktop/Project/invitation2/node_modules/body-parser/lib/read.js:114:3)
    at jsonParser (/Users/raacoon/Desktop/Project/invitation2/node_modules/body-parser/lib/types/json.js:90:5)
    at Layer.handleRequest (/Users/raacoon/Desktop/Project/invitation2/node_modules/router/lib/layer.js:152:17)
    at trimPrefix (/Users/raacoon/Desktop/Project/invitation2/node_modules/router/index.js:342:13)
    at /Users/raacoon/Desktop/Project/invitation2/node_modules/router/index.js:297:9
    at processParams (/Users/raacoon/Desktop/Project/invitation2/node_modules/router/index.js:582:12)
    at next (/Users/raacoon/Desktop/Project/invitation2/node_modules/router/index.js:291:5)
    at cors (/Users/raacoon/Desktop/Project/invitation2/node_modules/cors/lib/index.js:188:7)
[2026-03-28T17:49:46.700Z] POST /api/content/stories
PayloadTooLargeError: request entity too large
    at readStream (/Users/raacoon/Desktop/Project/invitation2/node_modules/raw-body/index.js:163:17)
    at getRawBody (/Users/raacoon/Desktop/Project/invitation2/node_modules/raw-body/index.js:116:12)
    at read (/Users/raacoon/Desktop/Project/invitation2/node_modules/body-parser/lib/read.js:114:3)
    at jsonParser (/Users/raacoon/Desktop/Project/invitation2/node_modules/body-parser/lib/types/json.js:90:5)
    at Layer.handleRequest (/Users/raacoon/Desktop/Project/invitation2/node_modules/router/lib/layer.js:152:17)
    at trimPrefix (/Users/raacoon/Desktop/Project/invitation2/node_modules/router/index.js:342:13)
    at /Users/raacoon/Desktop/Project/invitation2/node_modules/router/index.js:297:9
    at processParams (/Users/raacoon/Desktop/Project/invitation2/node_modules/router/index.js:582:12)
    at next (/Users/raacoon/Desktop/Project/invitation2/node_modules/router/index.js:291:5)
    at cors (/Users/raacoon/Desktop/Project/invitation2/node_modules/cors/lib/index.js:188:7)
[2026-03-28T17:49:46.967Z] POST /api/content/stories
PayloadTooLargeError: request entity too large
    at readStream (/Users/raacoon/Desktop/Project/invitation2/node_modules/raw-body/index.js:163:17)
    at getRawBody (/Users/raacoon/Desktop/Project/invitation2/node_modules/raw-body/index.js:116:12)
    at read (/Users/raacoon/Desktop/Project/invitation2/node_modules/body-parser/lib/read.js:114:3)
    at jsonParser (/Users/raacoon/Desktop/Project/invitation2/node_modules/body-parser/lib/types/json.js:90:5)
    at Layer.handleRequest (/Users/raacoon/Desktop/Project/invitation2/node_modules/router/lib/layer.js:152:17)
    at trimPrefix (/Users/raacoon/Desktop/Project/invitation2/node_modules/router/index.js:342:13)
    at /Users/raacoon/Desktop/Project/invitation2/node_modules/router/index.js:297:9
    at processParams (/Users/raacoon/Desktop/Project/invitation2/node_modules/router/index.js:582:12)
    at next (/Users/raacoon/Desktop/Project/invitation2/node_modules/router/index.js:291:5)
    at cors (/Users/raacoon/Desktop/Project/invitation2/node_modules/cors/lib/index.js:188:7)
[2026-03-28T17:49:47.185Z] POST /api/content/stories
PayloadTooLargeError: request entity too large
    at readStream (/Users/raacoon/Desktop/Project/invitation2/node_modules/raw-body/index.js:163:17)
    at getRawBody (/Users/raacoon/Desktop/Project/invitation2/node_modules/raw-body/index.js:116:12)
    at read (/Users/raacoon/Desktop/Project/invitation2/node_modules/body-parser/lib/read.js:114:3)
    at jsonParser (/Users/raacoon/Desktop/Project/invitation2/node_modules/body-parser/lib/types/json.js:90:5)
    at Layer.handleRequest (/Users/raacoon/Desktop/Project/invitation2/node_modules/router/lib/layer.js:152:17)
    at trimPrefix (/Users/raacoon/Desktop/Project/invitation2/node_modules/router/index.js:342:13)
    at /Users/raacoon/Desktop/Project/invitation2/node_modules/router/index.js:297:9
    at processParams (/Users/raacoon/Desktop/Project/invitation2/node_modules/router/index.js:582:12)
    at next (/Users/raacoon/Desktop/Project/invitation2/node_modules/router/index.js:291:5)
    at cors (/Users/raacoon/Desktop/Project/invitation2/node_modules/cors/lib/index.js:188:7)
[2026-03-28T17:49:47.301Z] POST /api/content/stories
PayloadTooLargeError: request entity too large
    at readStream (/Users/raacoon/Desktop/Project/invitation2/node_modules/raw-body/index.js:163:17)
    at getRawBody (/Users/raacoon/Desktop/Project/invitation2/node_modules/raw-body/index.js:116:12)
    at read (/Users/raacoon/Desktop/Project/invitation2/node_modules/body-parser/lib/read.js:114:3)
    at jsonParser (/Users/raacoon/Desktop/Project/invitation2/node_modules/body-parser/lib/types/json.js:90:5)
    at Layer.handleRequest (/Users/raacoon/Desktop/Project/invitation2/node_modules/router/lib/layer.js:152:17)
    at trimPrefix (/Users/raacoon/Desktop/Project/invitation2/node_modules/router/index.js:342:13)
    at /Users/raacoon/Desktop/Project/invitation2/node_modules/router/index.js:297:9
    at processParams (/Users/raacoon/Desktop/Project/invitation2/node_modules/router/index.js:582:12)
    at next (/Users/raacoon/Desktop/Project/invitation2/node_modules/router/index.js:291:5)
    at cors (/Users/raacoon/Desktop/Project/invitation2/node_modules/cors/lib/index.js:188:7)
[2026-03-28T17:49:47.335Z] POST /api/content/stories
PayloadTooLargeError: request entity too large
    at readStream (/Users/raacoon/Desktop/Project/invitation2/node_modules/raw-body/index.js:163:17)
    at getRawBody (/Users/raacoon/Desktop/Project/invitation2/node_modules/raw-body/index.js:116:12)
    at read (/Users/raacoon/Desktop/Project/invitation2/node_modules/body-parser/lib/read.js:114:3)
    at jsonParser (/Users/raacoon/Desktop/Project/invitation2/node_modules/body-parser/lib/types/json.js:90:5)
    at Layer.handleRequest (/Users/raacoon/Desktop/Project/invitation2/node_modules/router/lib/layer.js:152:17)
    at trimPrefix (/Users/raacoon/Desktop/Project/invitation2/node_modules/router/index.js:342:13)
    at /Users/raacoon/Desktop/Project/invitation2/node_modules/router/index.js:297:9
    at processParams (/Users/raacoon/Desktop/Project/invitation2/node_modules/router/index.js:582:12)
    at next (/Users/raacoon/Desktop/Project/invitation2/node_modules/router/index.js:291:5)
    at cors (/Users/raacoon/Desktop/Project/invitation2/node_modules/cors/lib/index.js:188:7)
[2026-03-28T17:49:47.535Z] POST /api/content/stories
[2026-03-28T17:49:47.536Z] POST /api/content/stories
PayloadTooLargeError: request entity too large
    at readStream (/Users/raacoon/Desktop/Project/invitation2/node_modules/raw-body/index.js:163:17)
    at getRawBody (/Users/raacoon/Desktop/Project/invitation2/node_modules/raw-body/index.js:116:12)
    at read (/Users/raacoon/Desktop/Project/invitation2/node_modules/body-parser/lib/read.js:114:3)
    at jsonParser (/Users/raacoon/Desktop/Project/invitation2/node_modules/body-parser/lib/types/json.js:90:5)
    at Layer.handleRequest (/Users/raacoon/Desktop/Project/invitation2/node_modules/router/lib/layer.js:152:17)
    at trimPrefix (/Users/raacoon/Desktop/Project/invitation2/node_modules/router/index.js:342:13)
    at /Users/raacoon/Desktop/Project/invitation2/node_modules/router/index.js:297:9
    at processParams (/Users/raacoon/Desktop/Project/invitation2/node_modules/router/index.js:582:12)
    at next (/Users/raacoon/Desktop/Project/invitation2/node_modules/router/index.js:291:5)
    at cors (/Users/raacoon/Desktop/Project/invitation2/node_modules/cors/lib/index.js:188:7)
PayloadTooLargeError: request entity too large
    at readStream (/Users/raacoon/Desktop/Project/invitation2/node_modules/raw-body/index.js:163:17)
    at getRawBody (/Users/raacoon/Desktop/Project/invitation2/node_modules/raw-body/index.js:116:12)
    at read (/Users/raacoon/Desktop/Project/invitation2/node_modules/body-parser/lib/read.js:114:3)
    at jsonParser (/Users/raacoon/Desktop/Project/invitation2/node_modules/body-parser/lib/types/json.js:90:5)
    at Layer.handleRequest (/Users/raacoon/Desktop/Project/invitation2/node_modules/router/lib/layer.js:152:17)
    at trimPrefix (/Users/raacoon/Desktop/Project/invitation2/node_modules/router/index.js:342:13)
    at /Users/raacoon/Desktop/Project/invitation2/node_modules/router/index.js:297:9
    at processParams (/Users/raacoon/Desktop/Project/invitation2/node_modules/router/index.js:582:12)
    at next (/Users/raacoon/Desktop/Project/invitation2/node_modules/router/index.js:291:5)
    at cors (/Users/raacoon/Desktop/Project/invitation2/node_modules/cors/lib/index.js:188:7)
[2026-03-28T17:49:47.623Z] POST /api/content/stories
PayloadTooLargeError: request entity too large
    at readStream (/Users/raacoon/Desktop/Project/invitation2/node_modules/raw-body/index.js:163:17)
    at getRawBody (/Users/raacoon/Desktop/Project/invitation2/node_modules/raw-body/index.js:116:12)
    at read (/Users/raacoon/Desktop/Project/invitation2/node_modules/body-parser/lib/read.js:114:3)
    at jsonParser (/Users/raacoon/Desktop/Project/invitation2/node_modules/body-parser/lib/types/json.js:90:5)
    at Layer.handleRequest (/Users/raacoon/Desktop/Project/invitation2/node_modules/router/lib/layer.js:152:17)
    at trimPrefix (/Users/raacoon/Desktop/Project/invitation2/node_modules/router/index.js:342:13)
    at /Users/raacoon/Desktop/Project/invitation2/node_modules/router/index.js:297:9
    at processParams (/Users/raacoon/Desktop/Project/invitation2/node_modules/router/index.js:582:12)
    at next (/Users/raacoon/Desktop/Project/invitation2/node_modules/router/index.js:291:5)
    at cors (/Users/raacoon/Desktop/Project/invitation2/node_modules/cors/lib/index.js:188:7)
[2026-03-28T17:49:47.785Z] POST /api/content/stories
PayloadTooLargeError: request entity too large
    at readStream (/Users/raacoon/Desktop/Project/invitation2/node_modules/raw-body/index.js:163:17)
    at getRawBody (/Users/raacoon/Desktop/Project/invitation2/node_modules/raw-body/index.js:116:12)
    at read (/Users/raacoon/Desktop/Project/invitation2/node_modules/body-parser/lib/read.js:114:3)
    at jsonParser (/Users/raacoon/Desktop/Project/invitation2/node_modules/body-parser/lib/types/json.js:90:5)
    at Layer.handleRequest (/Users/raacoon/Desktop/Project/invitation2/node_modules/router/lib/layer.js:152:17)
    at trimPrefix (/Users/raacoon/Desktop/Project/invitation2/node_modules/router/index.js:342:13)
    at /Users/raacoon/Desktop/Project/invitation2/node_modules/router/index.js:297:9
    at processParams (/Users/raacoon/Desktop/Project/invitation2/node_modules/router/index.js:582:12)
    at next (/Users/raacoon/Desktop/Project/invitation2/node_modules/router/index.js:291:5)
    at cors (/Users/raacoon/Desktop/Project/invitation2/node_modules/cors/lib/index.js:188:7)
[2026-03-28T17:49:47.816Z] POST /api/content/stories
PayloadTooLargeError: request entity too large
    at readStream (/Users/raacoon/Desktop/Project/invitation2/node_modules/raw-body/index.js:163:17)
    at getRawBody (/Users/raacoon/Desktop/Project/invitation2/node_modules/raw-body/index.js:116:12)
    at read (/Users/raacoon/Desktop/Project/invitation2/node_modules/body-parser/lib/read.js:114:3)
    at jsonParser (/Users/raacoon/Desktop/Project/invitation2/node_modules/body-parser/lib/types/json.js:90:5)
    at Layer.handleRequest (/Users/raacoon/Desktop/Project/invitation2/node_modules/router/lib/layer.js:152:17)
    at trimPrefix (/Users/raacoon/Desktop/Project/invitation2/node_modules/router/index.js:342:13)
    at /Users/raacoon/Desktop/Project/invitation2/node_modules/router/index.js:297:9
    at processParams (/Users/raacoon/Desktop/Project/invitation2/node_modules/router/index.js:582:12)
    at next (/Users/raacoon/Desktop/Project/invitation2/node_modules/router/index.js:291:5)
    at cors (/Users/raacoon/Desktop/Project/invitation2/node_modules/cors/lib/index.js:188:7)
[2026-03-28T17:49:47.887Z] POST /api/content/stories
PayloadTooLargeError: request entity too large
    at readStream (/Users/raacoon/Desktop/Project/invitation2/node_modules/raw-body/index.js:163:17)
    at getRawBody (/Users/raacoon/Desktop/Project/invitation2/node_modules/raw-body/index.js:116:12)
    at read (/Users/raacoon/Desktop/Project/invitation2/node_modules/body-parser/lib/read.js:114:3)
    at jsonParser (/Users/raacoon/Desktop/Project/invitation2/node_modules/body-parser/lib/types/json.js:90:5)
    at Layer.handleRequest (/Users/raacoon/Desktop/Project/invitation2/node_modules/router/lib/layer.js:152:17)
    at trimPrefix (/Users/raacoon/Desktop/Project/invitation2/node_modules/router/index.js:342:13)
    at /Users/raacoon/Desktop/Project/invitation2/node_modules/router/index.js:297:9
    at processParams (/Users/raacoon/Desktop/Project/invitation2/node_modules/router/index.js:582:12)
    at next (/Users/raacoon/Desktop/Project/invitation2/node_modules/router/index.js:291:5)
    at cors (/Users/raacoon/Desktop/Project/invitation2/node_modules/cors/lib/index.js:188:7)
[2026-03-28T17:49:48.017Z] POST /api/content/stories
PayloadTooLargeError: request entity too large
    at readStream (/Users/raacoon/Desktop/Project/invitation2/node_modules/raw-body/index.js:163:17)
    at getRawBody (/Users/raacoon/Desktop/Project/invitation2/node_modules/raw-body/index.js:116:12)
    at read (/Users/raacoon/Desktop/Project/invitation2/node_modules/body-parser/lib/read.js:114:3)
    at jsonParser (/Users/raacoon/Desktop/Project/invitation2/node_modules/body-parser/lib/types/json.js:90:5)
    at Layer.handleRequest (/Users/raacoon/Desktop/Project/invitation2/node_modules/router/lib/layer.js:152:17)
    at trimPrefix (/Users/raacoon/Desktop/Project/invitation2/node_modules/router/index.js:342:13)
    at /Users/raacoon/Desktop/Project/invitation2/node_modules/router/index.js:297:9
    at processParams (/Users/raacoon/Desktop/Project/invitation2/node_modules/router/index.js:582:12)
    at next (/Users/raacoon/Desktop/Project/invitation2/node_modules/router/index.js:291:5)
    at cors (/Users/raacoon/Desktop/Project/invitation2/node_modules/cors/lib/index.js:188:7)
[2026-03-28T17:49:48.033Z] POST /api/content/stories
PayloadTooLargeError: request entity too large
    at readStream (/Users/raacoon/Desktop/Project/invitation2/node_modules/raw-body/index.js:163:17)
    at getRawBody (/Users/raacoon/Desktop/Project/invitation2/node_modules/raw-body/index.js:116:12)
    at read (/Users/raacoon/Desktop/Project/invitation2/node_modules/body-parser/lib/read.js:114:3)
    at jsonParser (/Users/raacoon/Desktop/Project/invitation2/node_modules/body-parser/lib/types/json.js:90:5)
    at Layer.handleRequest (/Users/raacoon/Desktop/Project/invitation2/node_modules/router/lib/layer.js:152:17)
    at trimPrefix (/Users/raacoon/Desktop/Project/invitation2/node_modules/router/index.js:342:13)
    at /Users/raacoon/Desktop/Project/invitation2/node_modules/router/index.js:297:9
    at processParams (/Users/raacoon/Desktop/Project/invitation2/node_modules/router/index.js:582:12)
    at next (/Users/raacoon/Desktop/Project/invitation2/node_modules/router/index.js:291:5)
    at cors (/Users/raacoon/Desktop/Project/invitation2/node_modules/cors/lib/index.js:188:7)
[2026-03-28T17:49:48.143Z] POST /api/content/stories
PayloadTooLargeError: request entity too large
    at readStream (/Users/raacoon/Desktop/Project/invitation2/node_modules/raw-body/index.js:163:17)
    at getRawBody (/Users/raacoon/Desktop/Project/invitation2/node_modules/raw-body/index.js:116:12)
    at read (/Users/raacoon/Desktop/Project/invitation2/node_modules/body-parser/lib/read.js:114:3)
    at jsonParser (/Users/raacoon/Desktop/Project/invitation2/node_modules/body-parser/lib/types/json.js:90:5)
    at Layer.handleRequest (/Users/raacoon/Desktop/Project/invitation2/node_modules/router/lib/layer.js:152:17)
    at trimPrefix (/Users/raacoon/Desktop/Project/invitation2/node_modules/router/index.js:342:13)
    at /Users/raacoon/Desktop/Project/invitation2/node_modules/router/index.js:297:9
    at processParams (/Users/raacoon/Desktop/Project/invitation2/node_modules/router/index.js:582:12)
    at next (/Users/raacoon/Desktop/Project/invitation2/node_modules/router/index.js:291:5)
    at cors (/Users/raacoon/Desktop/Project/invitation2/node_modules/cors/lib/index.js:188:7)
[2026-03-28T17:49:48.233Z] POST /api/content/stories
PayloadTooLargeError: request entity too large
    at readStream (/Users/raacoon/Desktop/Project/invitation2/node_modules/raw-body/index.js:163:17)
    at getRawBody (/Users/raacoon/Desktop/Project/invitation2/node_modules/raw-body/index.js:116:12)
    at read (/Users/raacoon/Desktop/Project/invitation2/node_modules/body-parser/lib/read.js:114:3)
    at jsonParser (/Users/raacoon/Desktop/Project/invitation2/node_modules/body-parser/lib/types/json.js:90:5)
    at Layer.handleRequest (/Users/raacoon/Desktop/Project/invitation2/node_modules/router/lib/layer.js:152:17)
    at trimPrefix (/Users/raacoon/Desktop/Project/invitation2/node_modules/router/index.js:342:13)
    at /Users/raacoon/Desktop/Project/invitation2/node_modules/router/index.js:297:9
    at processParams (/Users/raacoon/Desktop/Project/invitation2/node_modules/router/index.js:582:12)
    at next (/Users/raacoon/Desktop/Project/invitation2/node_modules/router/index.js:291:5)
    at cors (/Users/raacoon/Desktop/Project/invitation2/node_modules/cors/lib/index.js:188:7)
[2026-03-28T17:49:48.452Z] POST /api/content/stories
PayloadTooLargeError: request entity too large
    at readStream (/Users/raacoon/Desktop/Project/invitation2/node_modules/raw-body/index.js:163:17)
    at getRawBody (/Users/raacoon/Desktop/Project/invitation2/node_modules/raw-body/index.js:116:12)
    at read (/Users/raacoon/Desktop/Project/invitation2/node_modules/body-parser/lib/read.js:114:3)
    at jsonParser (/Users/raacoon/Desktop/Project/invitation2/node_modules/body-parser/lib/types/json.js:90:5)
    at Layer.handleRequest (/Users/raacoon/Desktop/Project/invitation2/node_modules/router/lib/layer.js:152:17)
    at trimPrefix (/Users/raacoon/Desktop/Project/invitation2/node_modules/router/index.js:342:13)
    at /Users/raacoon/Desktop/Project/invitation2/node_modules/router/index.js:297:9
    at processParams (/Users/raacoon/Desktop/Project/invitation2/node_modules/router/index.js:582:12)
    at next (/Users/raacoon/Desktop/Project/invitation2/node_modules/router/index.js:291:5)
    at cors (/Users/raacoon/Desktop/Project/invitation2/node_modules/cors/lib/index.js:188:7)
[2026-03-28T17:49:48.501Z] POST /api/content/stories
PayloadTooLargeError: request entity too large
    at readStream (/Users/raacoon/Desktop/Project/invitation2/node_modules/raw-body/index.js:163:17)
    at getRawBody (/Users/raacoon/Desktop/Project/invitation2/node_modules/raw-body/index.js:116:12)
    at read (/Users/raacoon/Desktop/Project/invitation2/node_modules/body-parser/lib/read.js:114:3)
    at jsonParser (/Users/raacoon/Desktop/Project/invitation2/node_modules/body-parser/lib/types/json.js:90:5)
    at Layer.handleRequest (/Users/raacoon/Desktop/Project/invitation2/node_modules/router/lib/layer.js:152:17)
    at trimPrefix (/Users/raacoon/Desktop/Project/invitation2/node_modules/router/index.js:342:13)
    at /Users/raacoon/Desktop/Project/invitation2/node_modules/router/index.js:297:9
    at processParams (/Users/raacoon/Desktop/Project/invitation2/node_modules/router/index.js:582:12)
    at next (/Users/raacoon/Desktop/Project/invitation2/node_modules/router/index.js:291:5)
    at cors (/Users/raacoon/Desktop/Project/invitation2/node_modules/cors/lib/index.js:188:7)
[2026-03-28T17:49:48.581Z] POST /api/content/stories
PayloadTooLargeError: request entity too large
    at readStream (/Users/raacoon/Desktop/Project/invitation2/node_modules/raw-body/index.js:163:17)
    at getRawBody (/Users/raacoon/Desktop/Project/invitation2/node_modules/raw-body/index.js:116:12)
    at read (/Users/raacoon/Desktop/Project/invitation2/node_modules/body-parser/lib/read.js:114:3)
    at jsonParser (/Users/raacoon/Desktop/Project/invitation2/node_modules/body-parser/lib/types/json.js:90:5)
    at Layer.handleRequest (/Users/raacoon/Desktop/Project/invitation2/node_modules/router/lib/layer.js:152:17)
    at trimPrefix (/Users/raacoon/Desktop/Project/invitation2/node_modules/router/index.js:342:13)
    at /Users/raacoon/Desktop/Project/invitation2/node_modules/router/index.js:297:9
    at processParams (/Users/raacoon/Desktop/Project/invitation2/node_modules/router/index.js:582:12)
    at next (/Users/raacoon/Desktop/Project/invitation2/node_modules/router/index.js:291:5)
    at cors (/Users/raacoon/Desktop/Project/invitation2/node_modules/cors/lib/index.js:188:7)
[2026-03-28T17:49:48.935Z] POST /api/content/stories
PayloadTooLargeError: request entity too large
    at readStream (/Users/raacoon/Desktop/Project/invitation2/node_modules/raw-body/index.js:163:17)
    at getRawBody (/Users/raacoon/Desktop/Project/invitation2/node_modules/raw-body/index.js:116:12)
    at read (/Users/raacoon/Desktop/Project/invitation2/node_modules/body-parser/lib/read.js:114:3)
    at jsonParser (/Users/raacoon/Desktop/Project/invitation2/node_modules/body-parser/lib/types/json.js:90:5)
    at Layer.handleRequest (/Users/raacoon/Desktop/Project/invitation2/node_modules/router/lib/layer.js:152:17)
    at trimPrefix (/Users/raacoon/Desktop/Project/invitation2/node_modules/router/index.js:342:13)
    at /Users/raacoon/Desktop/Project/invitation2/node_modules/router/index.js:297:9
    at processParams (/Users/raacoon/Desktop/Project/invitation2/node_modules/router/index.js:582:12)
    at next (/Users/raacoon/Desktop/Project/invitation2/node_modules/router/index.js:291:5)
    at cors (/Users/raacoon/Desktop/Project/invitation2/node_modules/cors/lib/index.js:188:7)
[2026-03-28T17:49:49.220Z] POST /api/content/stories
PayloadTooLargeError: request entity too large
    at readStream (/Users/raacoon/Desktop/Project/invitation2/node_modules/raw-body/index.js:163:17)
    at getRawBody (/Users/raacoon/Desktop/Project/invitation2/node_modules/raw-body/index.js:116:12)
    at read (/Users/raacoon/Desktop/Project/invitation2/node_modules/body-parser/lib/read.js:114:3)
    at jsonParser (/Users/raacoon/Desktop/Project/invitation2/node_modules/body-parser/lib/types/json.js:90:5)
    at Layer.handleRequest (/Users/raacoon/Desktop/Project/invitation2/node_modules/router/lib/layer.js:152:17)
    at trimPrefix (/Users/raacoon/Desktop/Project/invitation2/node_modules/router/index.js:342:13)
    at /Users/raacoon/Desktop/Project/invitation2/node_modules/router/index.js:297:9
    at processParams (/Users/raacoon/Desktop/Project/invitation2/node_modules/router/index.js:582:12)
    at next (/Users/raacoon/Desktop/Project/invitation2/node_modules/router/index.js:291:5)
    at cors (/Users/raacoon/Desktop/Project/invitation2/node_modules/cors/lib/index.js:188:7)
[2026-03-28T17:49:52.152Z] POST /api/content/stories
PayloadTooLargeError: request entity too large
    at readStream (/Users/raacoon/Desktop/Project/invitation2/node_modules/raw-body/index.js:163:17)
    at getRawBody (/Users/raacoon/Desktop/Project/invitation2/node_modules/raw-body/index.js:116:12)
    at read (/Users/raacoon/Desktop/Project/invitation2/node_modules/body-parser/lib/read.js:114:3)
    at jsonParser (/Users/raacoon/Desktop/Project/invitation2/node_modules/body-parser/lib/types/json.js:90:5)
    at Layer.handleRequest (/Users/raacoon/Desktop/Project/invitation2/node_modules/router/lib/layer.js:152:17)
    at trimPrefix (/Users/raacoon/Desktop/Project/invitation2/node_modules/router/index.js:342:13)
    at /Users/raacoon/Desktop/Project/invitation2/node_modules/router/index.js:297:9
    at processParams (/Users/raacoon/Desktop/Project/invitation2/node_modules/router/index.js:582:12)
    at next (/Users/raacoon/Desktop/Project/invitation2/node_modules/router/index.js:291:5)
    at cors (/Users/raacoon/Desktop/Project/invitation2/node_modules/cors/lib/index.js:188:7)
[2026-03-28T17:49:53.081Z] POST /api/content/stories
PayloadTooLargeError: request entity too large
    at readStream (/Users/raacoon/Desktop/Project/invitation2/node_modules/raw-body/index.js:163:17)
    at getRawBody (/Users/raacoon/Desktop/Project/invitation2/node_modules/raw-body/index.js:116:12)
    at read (/Users/raacoon/Desktop/Project/invitation2/node_modules/body-parser/lib/read.js:114:3)
    at jsonParser (/Users/raacoon/Desktop/Project/invitation2/node_modules/body-parser/lib/types/json.js:90:5)
    at Layer.handleRequest (/Users/raacoon/Desktop/Project/invitation2/node_modules/router/lib/layer.js:152:17)
    at trimPrefix (/Users/raacoon/Desktop/Project/invitation2/node_modules/router/index.js:342:13)
    at /Users/raacoon/Desktop/Project/invitation2/node_modules/router/index.js:297:9
    at processParams (/Users/raacoon/Desktop/Project/invitation2/node_modules/router/index.js:582:12)
    at next (/Users/raacoon/Desktop/Project/invitation2/node_modules/router/index.js:291:5)
    at cors (/Users/raacoon/Desktop/Project/invitation2/node_modules/cors/lib/index.js:188:7)
[2026-03-28T17:49:53.799Z] POST /api/content/stories
PayloadTooLargeError: request entity too large
    at readStream (/Users/raacoon/Desktop/Project/invitation2/node_modules/raw-body/index.js:163:17)
    at getRawBody (/Users/raacoon/Desktop/Project/invitation2/node_modules/raw-body/index.js:116:12)
    at read (/Users/raacoon/Desktop/Project/invitation2/node_modules/body-parser/lib/read.js:114:3)
    at jsonParser (/Users/raacoon/Desktop/Project/invitation2/node_modules/body-parser/lib/types/json.js:90:5)
    at Layer.handleRequest (/Users/raacoon/Desktop/Project/invitation2/node_modules/router/lib/layer.js:152:17)
    at trimPrefix (/Users/raacoon/Desktop/Project/invitation2/node_modules/router/index.js:342:13)
    at /Users/raacoon/Desktop/Project/invitation2/node_modules/router/index.js:297:9
    at processParams (/Users/raacoon/Desktop/Project/invitation2/node_modules/router/index.js:582:12)
    at next (/Users/raacoon/Desktop/Project/invitation2/node_modules/router/index.js:291:5)
    at cors (/Users/raacoon/Desktop/Project/invitation2/node_modules/cors/lib/index.js:188:7)
[2026-03-28T17:49:54.395Z] POST /api/content/stories
PayloadTooLargeError: request entity too large
    at readStream (/Users/raacoon/Desktop/Project/invitation2/node_modules/raw-body/index.js:163:17)
    at getRawBody (/Users/raacoon/Desktop/Project/invitation2/node_modules/raw-body/index.js:116:12)
    at read (/Users/raacoon/Desktop/Project/invitation2/node_modules/body-parser/lib/read.js:114:3)
    at jsonParser (/Users/raacoon/Desktop/Project/invitation2/node_modules/body-parser/lib/types/json.js:90:5)
    at Layer.handleRequest (/Users/raacoon/Desktop/Project/invitation2/node_modules/router/lib/layer.js:152:17)
    at trimPrefix (/Users/raacoon/Desktop/Project/invitation2/node_modules/router/index.js:342:13)
    at /Users/raacoon/Desktop/Project/invitation2/node_modules/router/index.js:297:9
    at processParams (/Users/raacoon/Desktop/Project/invitation2/node_modules/router/index.js:582:12)
    at next (/Users/raacoon/Desktop/Project/invitation2/node_modules/router/index.js:291:5)
    at cors (/Users/raacoon/Desktop/Project/invitation2/node_modules/cors/lib/index.js:188:7)
[2026-03-28T17:49:54.692Z] POST /api/content/stories
PayloadTooLargeError: request entity too large
    at readStream (/Users/raacoon/Desktop/Project/invitation2/node_modules/raw-body/index.js:163:17)
    at getRawBody (/Users/raacoon/Desktop/Project/invitation2/node_modules/raw-body/index.js:116:12)
    at read (/Users/raacoon/Desktop/Project/invitation2/node_modules/body-parser/lib/read.js:114:3)
    at jsonParser (/Users/raacoon/Desktop/Project/invitation2/node_modules/body-parser/lib/types/json.js:90:5)
    at Layer.handleRequest (/Users/raacoon/Desktop/Project/invitation2/node_modules/router/lib/layer.js:152:17)
    at trimPrefix (/Users/raacoon/Desktop/Project/invitation2/node_modules/router/index.js:342:13)
    at /Users/raacoon/Desktop/Project/invitation2/node_modules/router/index.js:297:9
    at processParams (/Users/raacoon/Desktop/Project/invitation2/node_modules/router/index.js:582:12)
    at next (/Users/raacoon/Desktop/Project/invitation2/node_modules/router/index.js:291:5)
    at cors (/Users/raacoon/Desktop/Project/invitation2/node_modules/cors/lib/index.js:188:7)
[2026-03-28T17:49:54.899Z] POST /api/content/stories
PayloadTooLargeError: request entity too large
    at readStream (/Users/raacoon/Desktop/Project/invitation2/node_modules/raw-body/index.js:163:17)
    at getRawBody (/Users/raacoon/Desktop/Project/invitation2/node_modules/raw-body/index.js:116:12)
    at read (/Users/raacoon/Desktop/Project/invitation2/node_modules/body-parser/lib/read.js:114:3)
    at jsonParser (/Users/raacoon/Desktop/Project/invitation2/node_modules/body-parser/lib/types/json.js:90:5)
    at Layer.handleRequest (/Users/raacoon/Desktop/Project/invitation2/node_modules/router/lib/layer.js:152:17)
    at trimPrefix (/Users/raacoon/Desktop/Project/invitation2/node_modules/router/index.js:342:13)
    at /Users/raacoon/Desktop/Project/invitation2/node_modules/router/index.js:297:9
    at processParams (/Users/raacoon/Desktop/Project/invitation2/node_modules/router/index.js:582:12)
    at next (/Users/raacoon/Desktop/Project/invitation2/node_modules/router/index.js:291:5)
    at cors (/Users/raacoon/Desktop/Project/invitation2/node_modules/cors/lib/index.js:188:7)
[2026-03-28T17:49:55.079Z] POST /api/content/stories
PayloadTooLargeError: request entity too large
    at readStream (/Users/raacoon/Desktop/Project/invitation2/node_modules/raw-body/index.js:163:17)
    at getRawBody (/Users/raacoon/Desktop/Project/invitation2/node_modules/raw-body/index.js:116:12)
    at read (/Users/raacoon/Desktop/Project/invitation2/node_modules/body-parser/lib/read.js:114:3)
    at jsonParser (/Users/raacoon/Desktop/Project/invitation2/node_modules/body-parser/lib/types/json.js:90:5)
    at Layer.handleRequest (/Users/raacoon/Desktop/Project/invitation2/node_modules/router/lib/layer.js:152:17)
    at trimPrefix (/Users/raacoon/Desktop/Project/invitation2/node_modules/router/index.js:342:13)
    at /Users/raacoon/Desktop/Project/invitation2/node_modules/router/index.js:297:9
    at processParams (/Users/raacoon/Desktop/Project/invitation2/node_modules/router/index.js:582:12)
    at next (/Users/raacoon/Desktop/Project/invitation2/node_modules/router/index.js:291:5)
    at cors (/Users/raacoon/Desktop/Project/invitation2/node_modules/cors/lib/index.js:188:7)
[2026-03-28T17:49:55.272Z] POST /api/content/stories
PayloadTooLargeError: request entity too large
    at readStream (/Users/raacoon/Desktop/Project/invitation2/node_modules/raw-body/index.js:163:17)
    at getRawBody (/Users/raacoon/Desktop/Project/invitation2/node_modules/raw-body/index.js:116:12)
    at read (/Users/raacoon/Desktop/Project/invitation2/node_modules/body-parser/lib/read.js:114:3)
    at jsonParser (/Users/raacoon/Desktop/Project/invitation2/node_modules/body-parser/lib/types/json.js:90:5)
    at Layer.handleRequest (/Users/raacoon/Desktop/Project/invitation2/node_modules/router/lib/layer.js:152:17)
    at trimPrefix (/Users/raacoon/Desktop/Project/invitation2/node_modules/router/index.js:342:13)
    at /Users/raacoon/Desktop/Project/invitation2/node_modules/router/index.js:297:9
    at processParams (/Users/raacoon/Desktop/Project/invitation2/node_modules/router/index.js:582:12)
    at next (/Users/raacoon/Desktop/Project/invitation2/node_modules/router/index.js:291:5)
    at cors (/Users/raacoon/Desktop/Project/invitation2/node_modules/cors/lib/index.js:188:7)
[2026-03-28T17:49:55.440Z] POST /api/content/stories
PayloadTooLargeError: request entity too large
    at readStream (/Users/raacoon/Desktop/Project/invitation2/node_modules/raw-body/index.js:163:17)
    at getRawBody (/Users/raacoon/Desktop/Project/invitation2/node_modules/raw-body/index.js:116:12)
    at read (/Users/raacoon/Desktop/Project/invitation2/node_modules/body-parser/lib/read.js:114:3)
    at jsonParser (/Users/raacoon/Desktop/Project/invitation2/node_modules/body-parser/lib/types/json.js:90:5)
    at Layer.handleRequest (/Users/raacoon/Desktop/Project/invitation2/node_modules/router/lib/layer.js:152:17)
    at trimPrefix (/Users/raacoon/Desktop/Project/invitation2/node_modules/router/index.js:342:13)
    at /Users/raacoon/Desktop/Project/invitation2/node_modules/router/index.js:297:9
    at processParams (/Users/raacoon/Desktop/Project/invitation2/node_modules/router/index.js:582:12)
    at next (/Users/raacoon/Desktop/Project/invitation2/node_modules/router/index.js:291:5)
    at cors (/Users/raacoon/Desktop/Project/invitation2/node_modules/cors/lib/index.js:188:7)
[2026-03-28T17:49:55.656Z] POST /api/content/stories
PayloadTooLargeError: request entity too large
    at readStream (/Users/raacoon/Desktop/Project/invitation2/node_modules/raw-body/index.js:163:17)
    at getRawBody (/Users/raacoon/Desktop/Project/invitation2/node_modules/raw-body/index.js:116:12)
    at read (/Users/raacoon/Desktop/Project/invitation2/node_modules/body-parser/lib/read.js:114:3)
    at jsonParser (/Users/raacoon/Desktop/Project/invitation2/node_modules/body-parser/lib/types/json.js:90:5)
    at Layer.handleRequest (/Users/raacoon/Desktop/Project/invitation2/node_modules/router/lib/layer.js:152:17)
    at trimPrefix (/Users/raacoon/Desktop/Project/invitation2/node_modules/router/index.js:342:13)
    at /Users/raacoon/Desktop/Project/invitation2/node_modules/router/index.js:297:9
    at processParams (/Users/raacoon/Desktop/Project/invitation2/node_modules/router/index.js:582:12)
    at next (/Users/raacoon/Desktop/Project/invitation2/node_modules/router/index.js:291:5)
    at cors (/Users/raacoon/Desktop/Project/invitation2/node_modules/cors/lib/index.js:188:7)
[2026-03-28T17:49:55.854Z] POST /api/content/stories
PayloadTooLargeError: request entity too large
    at readStream (/Users/raacoon/Desktop/Project/invitation2/node_modules/raw-body/index.js:163:17)
    at getRawBody (/Users/raacoon/Desktop/Project/invitation2/node_modules/raw-body/index.js:116:12)
    at read (/Users/raacoon/Desktop/Project/invitation2/node_modules/body-parser/lib/read.js:114:3)
    at jsonParser (/Users/raacoon/Desktop/Project/invitation2/node_modules/body-parser/lib/types/json.js:90:5)
    at Layer.handleRequest (/Users/raacoon/Desktop/Project/invitation2/node_modules/router/lib/layer.js:152:17)
    at trimPrefix (/Users/raacoon/Desktop/Project/invitation2/node_modules/router/index.js:342:13)
    at /Users/raacoon/Desktop/Project/invitation2/node_modules/router/index.js:297:9
    at processParams (/Users/raacoon/Desktop/Project/invitation2/node_modules/router/index.js:582:12)
    at next (/Users/raacoon/Desktop/Project/invitation2/node_modules/router/index.js:291:5)
    at cors (/Users/raacoon/Desktop/Project/invitation2/node_modules/cors/lib/index.js:188:7)
[2026-03-28T17:50:06.721Z] GET /api/content/stories
[2026-03-28T17:50:06.727Z] GET /api/content/events
[2026-03-28T17:50:06.728Z] GET /api/content/gallery
[2026-03-28T17:50:06.729Z] GET /api/content/home_data
[2026-03-28T17:50:06.730Z] GET /api/content/contact_data
[2026-03-28T17:50:06.731Z] GET /api/content/moments
[2026-03-28T17:50:06.981Z] GET /api/content/family_people
[2026-03-28T17:50:06.982Z] GET /api/content/family_families
[2026-03-28T17:50:06.983Z] GET /api/content/groom_family_links
[2026-03-28T17:50:06.985Z] GET /api/content/groom_family_families
[2026-03-28T17:50:06.990Z] GET /api/content/groom_family_people
[2026-03-28T17:50:06.991Z] GET /api/content/family_links
[2026-03-28T17:50:06.997Z] GET /api/rsvps
[2026-03-28T17:50:33.093Z] GET /api/content/events
[2026-03-28T17:50:33.098Z] GET /api/content/gallery
[2026-03-28T17:50:33.098Z] GET /api/content/moments
[2026-03-28T17:50:33.098Z] GET /api/content/contact_data
[2026-03-28T17:50:33.109Z] GET /api/content/home_data
[2026-03-28T17:50:33.157Z] GET /api/content/family_people
[2026-03-28T17:50:33.164Z] GET /api/content/family_families
[2026-03-28T17:50:33.169Z] GET /api/content/family_links
[2026-03-28T17:50:33.172Z] GET /api/content/groom_family_people
[2026-03-28T17:50:33.179Z] GET /api/content/groom_family_families
[2026-03-28T17:50:33.180Z] GET /api/content/groom_family_links
[2026-03-28T17:50:33.182Z] GET /api/rsvps
[2026-03-28T17:50:33.184Z] GET /api/content/stories
[2026-03-28T17:51:48.024Z] GET /api/content/events
[2026-03-28T17:51:48.028Z] GET /api/content/gallery
[2026-03-28T17:51:48.030Z] GET /api/content/home_data
[2026-03-28T17:51:48.032Z] GET /api/content/stories
[2026-03-28T17:51:48.040Z] GET /api/content/contact_data
[2026-03-28T17:51:48.041Z] GET /api/content/family_families
[2026-03-28T17:51:48.047Z] GET /api/content/family_people
[2026-03-28T17:51:48.049Z] GET /api/content/moments
[2026-03-28T17:51:48.053Z] GET /api/content/family_links
[2026-03-28T17:51:48.057Z] GET /api/content/groom_family_people
[2026-03-28T17:51:48.063Z] GET /api/rsvps
[2026-03-28T17:51:48.065Z] GET /api/content/groom_family_families
[2026-03-28T17:51:48.067Z] GET /api/content/groom_family_links
[2026-03-28T17:51:48.070Z] GET /api/content/events
[2026-03-28T17:51:48.071Z] GET /api/content/gallery
[2026-03-28T17:51:48.073Z] GET /api/content/home_data
[2026-03-28T17:51:48.076Z] GET /api/content/stories
[2026-03-28T17:51:48.085Z] GET /api/content/contact_data
[2026-03-28T17:51:48.086Z] GET /api/content/family_families
[2026-03-28T17:51:48.088Z] GET /api/content/family_people
[2026-03-28T17:51:48.090Z] GET /api/content/moments
[2026-03-28T17:51:48.092Z] GET /api/content/family_links
[2026-03-28T17:51:48.096Z] GET /api/content/groom_family_people
[2026-03-28T17:51:48.097Z] GET /api/rsvps
[2026-03-28T17:51:48.097Z] GET /api/content/groom_family_families
[2026-03-28T17:51:48.097Z] GET /api/content/groom_family_links
[2026-03-28T17:51:48.451Z] GET /api/content/events
[2026-03-28T17:51:48.453Z] GET /api/content/gallery
[2026-03-28T17:51:48.455Z] GET /api/content/moments
[2026-03-28T17:51:48.456Z] GET /api/content/home_data
[2026-03-28T17:51:48.458Z] GET /api/content/stories
[2026-03-28T17:51:48.458Z] GET /api/content/contact_data
[2026-03-28T17:51:48.463Z] GET /api/content/family_families
[2026-03-28T17:51:48.464Z] GET /api/content/family_links
[2026-03-28T17:51:48.465Z] GET /api/content/groom_family_people
[2026-03-28T17:51:48.467Z] GET /api/content/groom_family_families
[2026-03-28T17:51:48.468Z] GET /api/content/groom_family_links
[2026-03-28T17:51:48.468Z] GET /api/rsvps
[2026-03-28T17:51:48.469Z] GET /api/content/family_people
[2026-03-28T17:51:48.472Z] GET /api/content/events
[2026-03-28T17:51:48.472Z] GET /api/content/gallery
[2026-03-28T17:51:48.473Z] GET /api/content/home_data
[2026-03-28T17:51:48.473Z] GET /api/content/moments
[2026-03-28T17:51:48.476Z] GET /api/content/contact_data
[2026-03-28T17:51:48.479Z] GET /api/content/stories
[2026-03-28T17:51:48.480Z] GET /api/content/family_families
[2026-03-28T17:51:48.480Z] GET /api/content/family_links
[2026-03-28T17:51:48.483Z] GET /api/content/groom_family_families
[2026-03-28T17:51:48.483Z] GET /api/content/groom_family_people
[2026-03-28T17:51:48.483Z] GET /api/content/groom_family_links
[2026-03-28T17:51:48.485Z] GET /api/content/family_people
[2026-03-28T17:51:48.486Z] GET /api/rsvps
[2026-03-28T17:51:48.744Z] GET /api/content/events
[2026-03-28T17:51:48.745Z] GET /api/content/gallery
[2026-03-28T17:51:48.746Z] GET /api/content/moments
[2026-03-28T17:51:48.747Z] GET /api/content/home_data
[2026-03-28T17:51:48.748Z] GET /api/content/stories
[2026-03-28T17:51:48.750Z] GET /api/content/contact_data
[2026-03-28T17:51:48.751Z] GET /api/content/family_links
[2026-03-28T17:51:48.752Z] GET /api/content/groom_family_people
[2026-03-28T17:51:48.753Z] GET /api/content/groom_family_families
[2026-03-28T17:51:48.754Z] GET /api/content/groom_family_links
[2026-03-28T17:51:48.755Z] GET /api/content/family_families
[2026-03-28T17:51:48.757Z] GET /api/rsvps
[2026-03-28T17:51:48.759Z] GET /api/content/family_people
[2026-03-28T17:51:48.761Z] GET /api/content/events
[2026-03-28T17:51:48.763Z] GET /api/content/gallery
[2026-03-28T17:51:48.764Z] GET /api/content/moments
[2026-03-28T17:51:48.766Z] GET /api/content/home_data
[2026-03-28T17:51:48.768Z] GET /api/content/stories
[2026-03-28T17:51:48.771Z] GET /api/content/contact_data
[2026-03-28T17:51:48.772Z] GET /api/content/family_links
[2026-03-28T17:51:48.773Z] GET /api/content/groom_family_people
[2026-03-28T17:51:48.773Z] GET /api/content/groom_family_families
[2026-03-28T17:51:48.773Z] GET /api/content/groom_family_links
[2026-03-28T17:51:48.774Z] GET /api/content/family_families
[2026-03-28T17:51:48.777Z] GET /api/rsvps
[2026-03-28T17:51:48.777Z] GET /api/content/family_people
[2026-03-28T17:51:51.397Z] POST /api/content/stories
[2026-03-28T17:51:53.784Z] POST /api/content/stories
[2026-03-28T17:51:55.715Z] POST /api/content/stories
[2026-03-28T17:51:58.714Z] POST /api/content/stories
[2026-03-28T17:52:09.923Z] GET /api/content/stories
[2026-03-28T17:52:09.924Z] GET /api/content/events
[2026-03-28T17:52:09.927Z] GET /api/content/gallery
[2026-03-28T17:52:09.929Z] GET /api/content/moments
[2026-03-28T17:52:09.933Z] GET /api/content/home_data
[2026-03-28T17:52:09.935Z] GET /api/content/contact_data
[2026-03-28T17:52:09.953Z] GET /api/content/family_people
[2026-03-28T17:52:09.955Z] GET /api/content/family_families
[2026-03-28T17:52:09.956Z] GET /api/content/family_links
[2026-03-28T17:52:09.978Z] GET /api/content/groom_family_people
[2026-03-28T17:52:09.984Z] GET /api/content/groom_family_families
[2026-03-28T17:52:09.988Z] GET /api/content/groom_family_links
[2026-03-28T17:52:09.989Z] GET /api/rsvps
[2026-03-28T17:52:09.995Z] GET /api/content/stories
[2026-03-28T17:52:09.995Z] GET /api/content/events
[2026-03-28T17:52:09.996Z] GET /api/content/gallery
[2026-03-28T17:52:09.998Z] GET /api/content/family_people
[2026-03-28T17:52:09.999Z] GET /api/content/contact_data
[2026-03-28T17:52:09.999Z] GET /api/content/family_families
[2026-03-28T17:52:10.000Z] GET /api/content/family_links
[2026-03-28T17:52:10.010Z] GET /api/content/groom_family_people
[2026-03-28T17:52:10.014Z] GET /api/content/moments
[2026-03-28T17:52:10.016Z] GET /api/content/home_data
[2026-03-28T17:52:10.020Z] GET /api/content/groom_family_families
[2026-03-28T17:52:10.027Z] GET /api/content/groom_family_links
[2026-03-28T17:52:10.059Z] GET /api/rsvps
[2026-03-28T17:52:10.671Z] GET /api/content/events
[2026-03-28T17:52:10.673Z] GET /api/content/gallery
[2026-03-28T17:52:10.673Z] GET /api/content/moments
[2026-03-28T17:52:10.674Z] GET /api/content/home_data
[2026-03-28T17:52:10.676Z] GET /api/content/stories
[2026-03-28T17:52:10.688Z] GET /api/content/contact_data
[2026-03-28T17:52:10.700Z] GET /api/content/family_people
[2026-03-28T17:52:10.701Z] GET /api/content/family_families
[2026-03-28T17:52:10.702Z] GET /api/content/family_links
[2026-03-28T17:52:10.705Z] GET /api/content/groom_family_people
[2026-03-28T17:52:10.706Z] GET /api/content/groom_family_families
[2026-03-28T17:52:10.706Z] GET /api/content/groom_family_links
[2026-03-28T17:52:10.710Z] GET /api/rsvps
[2026-03-28T17:52:10.712Z] GET /api/content/events
[2026-03-28T17:52:10.714Z] GET /api/content/home_data
[2026-03-28T17:52:10.715Z] GET /api/content/gallery
[2026-03-28T17:52:10.716Z] GET /api/content/moments
[2026-03-28T17:52:10.716Z] GET /api/content/stories
[2026-03-28T17:52:10.718Z] GET /api/content/contact_data
[2026-03-28T17:52:10.733Z] GET /api/content/family_people
[2026-03-28T17:52:10.737Z] GET /api/content/family_families
[2026-03-28T17:52:10.738Z] GET /api/content/groom_family_people
[2026-03-28T17:52:10.739Z] GET /api/content/family_links
[2026-03-28T17:52:10.740Z] GET /api/content/groom_family_links
[2026-03-28T17:52:10.741Z] GET /api/content/groom_family_families
[2026-03-28T17:52:10.743Z] GET /api/rsvps
[2026-03-28T17:52:10.856Z] GET /api/content/events
[2026-03-28T17:52:10.857Z] GET /api/content/moments
[2026-03-28T17:52:10.857Z] GET /api/content/home_data
[2026-03-28T17:52:10.858Z] GET /api/content/stories
[2026-03-28T17:52:10.859Z] GET /api/content/contact_data
[2026-03-28T17:52:10.860Z] GET /api/content/gallery
[2026-03-28T17:52:10.865Z] GET /api/content/family_people
[2026-03-28T17:52:10.867Z] GET /api/content/family_families
[2026-03-28T17:52:10.869Z] GET /api/content/family_links
[2026-03-28T17:52:10.870Z] GET /api/content/groom_family_people
[2026-03-28T17:52:10.871Z] GET /api/content/groom_family_families
[2026-03-28T17:52:10.872Z] GET /api/content/groom_family_links
[2026-03-28T17:52:10.873Z] GET /api/rsvps
[2026-03-28T17:52:10.875Z] GET /api/content/events
[2026-03-28T17:52:10.875Z] GET /api/content/moments
[2026-03-28T17:52:10.876Z] GET /api/content/home_data
[2026-03-28T17:52:10.879Z] GET /api/content/stories
[2026-03-28T17:52:10.881Z] GET /api/content/gallery
[2026-03-28T17:52:10.884Z] GET /api/content/contact_data
[2026-03-28T17:52:10.885Z] GET /api/content/family_people
[2026-03-28T17:52:10.886Z] GET /api/content/family_families
[2026-03-28T17:52:10.887Z] GET /api/content/family_links
[2026-03-28T17:52:10.888Z] GET /api/content/groom_family_people
[2026-03-28T17:52:10.888Z] GET /api/content/groom_family_families
[2026-03-28T17:52:10.889Z] GET /api/content/groom_family_links
[2026-03-28T17:52:10.889Z] GET /api/rsvps
[2026-03-28T17:52:11.021Z] GET /api/content/events
[2026-03-28T17:52:11.022Z] GET /api/content/gallery
[2026-03-28T17:52:11.023Z] GET /api/content/moments
[2026-03-28T17:52:11.024Z] GET /api/content/home_data
[2026-03-28T17:52:11.028Z] GET /api/content/stories
[2026-03-28T17:52:11.030Z] GET /api/content/contact_data
[2026-03-28T17:52:11.033Z] GET /api/content/family_people
[2026-03-28T17:52:11.033Z] GET /api/content/family_families
[2026-03-28T17:52:11.034Z] GET /api/content/family_links
[2026-03-28T17:52:11.035Z] GET /api/content/groom_family_people
[2026-03-28T17:52:11.037Z] GET /api/content/groom_family_families
[2026-03-28T17:52:11.038Z] GET /api/content/groom_family_links
[2026-03-28T17:52:11.039Z] GET /api/rsvps
[2026-03-28T17:52:11.040Z] GET /api/content/gallery
[2026-03-28T17:52:11.041Z] GET /api/content/events
[2026-03-28T17:52:11.042Z] GET /api/content/moments
[2026-03-28T17:52:11.043Z] GET /api/content/home_data
[2026-03-28T17:52:11.044Z] GET /api/content/stories
[2026-03-28T17:52:11.046Z] GET /api/content/contact_data
[2026-03-28T17:52:11.048Z] GET /api/content/family_people
[2026-03-28T17:52:11.049Z] GET /api/content/family_families
[2026-03-28T17:52:11.049Z] GET /api/content/family_links
[2026-03-28T17:52:11.049Z] GET /api/content/groom_family_people
[2026-03-28T17:52:11.050Z] GET /api/content/groom_family_families
[2026-03-28T17:52:11.050Z] GET /api/content/groom_family_links
[2026-03-28T17:52:11.052Z] GET /api/rsvps
[2026-03-28T17:52:11.207Z] GET /api/content/events
[2026-03-28T17:52:11.207Z] GET /api/content/gallery
[2026-03-28T17:52:11.208Z] GET /api/content/moments
[2026-03-28T17:52:11.208Z] GET /api/content/home_data
[2026-03-28T17:52:11.208Z] GET /api/content/stories
[2026-03-28T17:52:11.209Z] GET /api/content/contact_data
[2026-03-28T17:52:11.215Z] GET /api/content/family_people
[2026-03-28T17:52:11.216Z] GET /api/content/family_links
[2026-03-28T17:52:11.219Z] GET /api/content/groom_family_people
[2026-03-28T17:52:11.220Z] GET /api/content/groom_family_families
[2026-03-28T17:52:11.221Z] GET /api/content/groom_family_links
[2026-03-28T17:52:11.224Z] GET /api/rsvps
[2026-03-28T17:52:11.225Z] GET /api/content/family_families
[2026-03-28T17:52:11.226Z] GET /api/content/events
[2026-03-28T17:52:11.228Z] GET /api/content/gallery
[2026-03-28T17:52:11.229Z] GET /api/content/moments
[2026-03-28T17:52:11.233Z] GET /api/content/home_data
[2026-03-28T17:52:11.235Z] GET /api/content/stories
[2026-03-28T17:52:11.237Z] GET /api/content/contact_data
[2026-03-28T17:52:11.238Z] GET /api/content/family_people
[2026-03-28T17:52:11.239Z] GET /api/content/family_links
[2026-03-28T17:52:11.239Z] GET /api/content/groom_family_people
[2026-03-28T17:52:11.239Z] GET /api/content/groom_family_families
[2026-03-28T17:52:11.243Z] GET /api/content/groom_family_links
[2026-03-28T17:52:11.243Z] GET /api/content/family_families
[2026-03-28T17:52:11.243Z] GET /api/rsvps
[2026-03-28T17:55:10.139Z] GET /api/content/moments
[2026-03-28T17:55:10.141Z] GET /api/content/home_data
[2026-03-28T17:55:10.142Z] GET /api/content/events
[2026-03-28T17:55:10.144Z] GET /api/content/contact_data
[2026-03-28T17:55:10.146Z] GET /api/content/family_families
[2026-03-28T17:55:10.157Z] GET /api/content/gallery
[2026-03-28T17:55:10.159Z] GET /api/content/stories
[2026-03-28T17:55:10.160Z] GET /api/content/family_people
[2026-03-28T17:55:10.160Z] GET /api/content/family_links
[2026-03-28T17:55:10.161Z] GET /api/content/groom_family_people
[2026-03-28T17:55:10.162Z] GET /api/content/groom_family_families
[2026-03-28T17:55:10.162Z] GET /api/content/groom_family_links
[2026-03-28T17:55:10.174Z] GET /api/rsvps
[2026-03-28T17:55:10.178Z] GET /api/content/moments
[2026-03-28T17:55:10.178Z] GET /api/content/home_data
[2026-03-28T17:55:10.179Z] GET /api/content/events
[2026-03-28T17:55:10.183Z] GET /api/content/contact_data
[2026-03-28T17:55:10.188Z] GET /api/content/family_families
[2026-03-28T17:55:10.189Z] GET /api/content/gallery
[2026-03-28T17:55:10.189Z] GET /api/content/family_people
[2026-03-28T17:55:10.191Z] GET /api/content/stories
[2026-03-28T17:55:10.192Z] GET /api/content/family_links
[2026-03-28T17:55:10.194Z] GET /api/content/groom_family_people
[2026-03-28T17:55:10.195Z] GET /api/content/groom_family_families
[2026-03-28T17:55:10.196Z] GET /api/content/groom_family_links
[2026-03-28T17:55:10.235Z] GET /api/rsvps
[2026-03-28T17:55:11.588Z] GET /api/content/events
[2026-03-28T17:55:11.588Z] GET /api/content/gallery
[2026-03-28T17:55:11.589Z] GET /api/content/moments
[2026-03-28T17:55:11.589Z] GET /api/content/home_data
[2026-03-28T17:55:11.589Z] GET /api/content/stories
[2026-03-28T17:55:11.597Z] GET /api/content/contact_data
[2026-03-28T17:55:11.602Z] GET /api/content/family_people
[2026-03-28T17:55:11.602Z] GET /api/content/family_families
[2026-03-28T17:55:11.603Z] GET /api/content/family_links
[2026-03-28T17:55:11.604Z] GET /api/content/groom_family_people
[2026-03-28T17:55:11.606Z] GET /api/content/groom_family_families
[2026-03-28T17:55:11.606Z] GET /api/content/groom_family_links
[2026-03-28T17:55:11.609Z] GET /api/rsvps
[2026-03-28T17:55:11.617Z] GET /api/content/events
[2026-03-28T17:55:11.621Z] GET /api/content/gallery
[2026-03-28T17:55:11.621Z] GET /api/content/home_data
[2026-03-28T17:55:11.622Z] GET /api/content/stories
[2026-03-28T17:55:11.623Z] GET /api/content/moments
[2026-03-28T17:55:11.624Z] GET /api/content/contact_data
[2026-03-28T17:55:11.626Z] GET /api/content/family_people
[2026-03-28T17:55:11.627Z] GET /api/content/family_families
[2026-03-28T17:55:11.628Z] GET /api/content/family_links
[2026-03-28T17:55:11.629Z] GET /api/content/groom_family_people
[2026-03-28T17:55:11.629Z] GET /api/content/groom_family_families
[2026-03-28T17:55:11.630Z] GET /api/content/groom_family_links
[2026-03-28T17:55:11.631Z] GET /api/rsvps
[2026-03-28T17:55:11.965Z] GET /api/content/events
[2026-03-28T17:55:11.966Z] GET /api/content/gallery
[2026-03-28T17:55:11.968Z] GET /api/content/moments
[2026-03-28T17:55:11.969Z] GET /api/content/home_data
[2026-03-28T17:55:11.971Z] GET /api/content/stories
[2026-03-28T17:55:11.973Z] GET /api/content/contact_data
[2026-03-28T17:55:11.975Z] GET /api/content/family_people
[2026-03-28T17:55:11.979Z] GET /api/content/family_families
[2026-03-28T17:55:11.980Z] GET /api/content/family_links
[2026-03-28T17:55:11.981Z] GET /api/content/groom_family_people
[2026-03-28T17:55:11.981Z] GET /api/content/groom_family_families
[2026-03-28T17:55:11.985Z] GET /api/content/groom_family_links
[2026-03-28T17:55:11.987Z] GET /api/rsvps
[2026-03-28T17:55:11.988Z] GET /api/content/events
[2026-03-28T17:55:11.988Z] GET /api/content/gallery
[2026-03-28T17:55:11.989Z] GET /api/content/moments
[2026-03-28T17:55:11.990Z] GET /api/content/home_data
[2026-03-28T17:55:11.992Z] GET /api/content/stories
[2026-03-28T17:55:11.994Z] GET /api/content/family_people
[2026-03-28T17:55:11.996Z] GET /api/content/contact_data
[2026-03-28T17:55:11.996Z] GET /api/content/family_families
[2026-03-28T17:55:11.998Z] GET /api/content/family_links
[2026-03-28T17:55:11.999Z] GET /api/content/groom_family_families
[2026-03-28T17:55:12.000Z] GET /api/content/groom_family_people
[2026-03-28T17:55:12.001Z] GET /api/content/groom_family_links
[2026-03-28T17:55:12.002Z] GET /api/rsvps
[2026-03-28T17:55:12.152Z] GET /api/content/events
[2026-03-28T17:55:12.153Z] GET /api/content/gallery
[2026-03-28T17:55:12.153Z] GET /api/content/home_data
[2026-03-28T17:55:12.154Z] GET /api/content/moments
[2026-03-28T17:55:12.156Z] GET /api/content/stories
[2026-03-28T17:55:12.159Z] GET /api/content/contact_data
[2026-03-28T17:55:12.162Z] GET /api/content/family_people
[2026-03-28T17:55:12.163Z] GET /api/content/family_families
[2026-03-28T17:55:12.163Z] GET /api/content/family_links
[2026-03-28T17:55:12.165Z] GET /api/content/groom_family_people
[2026-03-28T17:55:12.165Z] GET /api/content/groom_family_families
[2026-03-28T17:55:12.166Z] GET /api/content/groom_family_links
[2026-03-28T17:55:12.168Z] GET /api/rsvps
[2026-03-28T17:55:12.170Z] GET /api/content/events
[2026-03-28T17:55:12.173Z] GET /api/content/gallery
[2026-03-28T17:55:12.174Z] GET /api/content/home_data
[2026-03-28T17:55:12.175Z] GET /api/content/moments
[2026-03-28T17:55:12.177Z] GET /api/content/stories
[2026-03-28T17:55:12.179Z] GET /api/content/contact_data
[2026-03-28T17:55:12.180Z] GET /api/content/family_families
[2026-03-28T17:55:12.182Z] GET /api/content/family_people
[2026-03-28T17:55:12.184Z] GET /api/content/family_links
[2026-03-28T17:55:12.185Z] GET /api/content/groom_family_people
[2026-03-28T17:55:12.185Z] GET /api/content/groom_family_families
[2026-03-28T17:55:12.186Z] GET /api/content/groom_family_links
[2026-03-28T17:55:12.187Z] GET /api/rsvps
[2026-03-28T17:55:12.337Z] GET /api/content/events
[2026-03-28T17:55:12.338Z] GET /api/content/gallery
[2026-03-28T17:55:12.338Z] GET /api/content/moments
[2026-03-28T17:55:12.338Z] GET /api/content/home_data
[2026-03-28T17:55:12.339Z] GET /api/content/stories
[2026-03-28T17:55:12.339Z] GET /api/content/contact_data
[2026-03-28T17:55:12.344Z] GET /api/content/family_people
[2026-03-28T17:55:12.346Z] GET /api/content/family_families
[2026-03-28T17:55:12.350Z] GET /api/content/family_links
[2026-03-28T17:55:12.350Z] GET /api/content/groom_family_people
[2026-03-28T17:55:12.351Z] GET /api/content/groom_family_families
[2026-03-28T17:55:12.352Z] GET /api/content/groom_family_links
[2026-03-28T17:55:12.353Z] GET /api/rsvps
[2026-03-28T17:55:12.355Z] GET /api/content/events
[2026-03-28T17:55:12.356Z] GET /api/content/gallery
[2026-03-28T17:55:12.358Z] GET /api/content/moments
[2026-03-28T17:55:12.360Z] GET /api/content/home_data
[2026-03-28T17:55:12.360Z] GET /api/content/stories
[2026-03-28T17:55:12.363Z] GET /api/content/contact_data
[2026-03-28T17:55:12.364Z] GET /api/content/family_people
[2026-03-28T17:55:12.365Z] GET /api/content/family_families
[2026-03-28T17:55:12.366Z] GET /api/content/family_links
[2026-03-28T17:55:12.366Z] GET /api/content/groom_family_people
[2026-03-28T17:55:12.367Z] GET /api/content/groom_family_families
[2026-03-28T17:55:12.368Z] GET /api/content/groom_family_links
[2026-03-28T17:55:12.369Z] GET /api/rsvps
[2026-03-28T17:55:12.718Z] GET /api/content/events
[2026-03-28T17:55:12.719Z] GET /api/content/gallery
[2026-03-28T17:55:12.719Z] GET /api/content/moments
[2026-03-28T17:55:12.720Z] GET /api/content/home_data
[2026-03-28T17:55:12.720Z] GET /api/content/stories
[2026-03-28T17:55:12.720Z] GET /api/content/contact_data
[2026-03-28T17:55:12.726Z] GET /api/content/family_people
[2026-03-28T17:55:12.730Z] GET /api/content/family_families
[2026-03-28T17:55:12.730Z] GET /api/content/family_links
[2026-03-28T17:55:12.731Z] GET /api/content/groom_family_people
[2026-03-28T17:55:12.734Z] GET /api/content/groom_family_families
[2026-03-28T17:55:12.735Z] GET /api/rsvps
[2026-03-28T17:55:12.735Z] GET /api/content/groom_family_links
[2026-03-28T17:55:12.737Z] GET /api/content/events
[2026-03-28T17:55:12.737Z] GET /api/content/gallery
[2026-03-28T17:55:12.738Z] GET /api/content/moments
[2026-03-28T17:55:12.743Z] GET /api/content/stories
[2026-03-28T17:55:12.746Z] GET /api/content/home_data
[2026-03-28T17:55:12.748Z] GET /api/content/contact_data
[2026-03-28T17:55:12.752Z] GET /api/content/family_families
[2026-03-28T17:55:12.753Z] GET /api/content/family_people
[2026-03-28T17:55:12.753Z] GET /api/content/family_links
[2026-03-28T17:55:12.754Z] GET /api/content/groom_family_families
[2026-03-28T17:55:12.755Z] GET /api/content/groom_family_people
[2026-03-28T17:55:12.756Z] GET /api/content/groom_family_links
[2026-03-28T17:55:12.760Z] GET /api/rsvps
[2026-03-28T17:55:12.905Z] GET /api/content/events
[2026-03-28T17:55:12.905Z] GET /api/content/gallery
[2026-03-28T17:55:12.906Z] GET /api/content/moments
[2026-03-28T17:55:12.906Z] GET /api/content/home_data
[2026-03-28T17:55:12.907Z] GET /api/content/stories
[2026-03-28T17:55:12.908Z] GET /api/content/contact_data
[2026-03-28T17:55:12.914Z] GET /api/content/family_people
[2026-03-28T17:55:12.915Z] GET /api/content/family_families
[2026-03-28T17:55:12.916Z] GET /api/content/family_links
[2026-03-28T17:55:12.918Z] GET /api/content/groom_family_people
[2026-03-28T17:55:12.918Z] GET /api/content/groom_family_families
[2026-03-28T17:55:12.919Z] GET /api/content/groom_family_links
[2026-03-28T17:55:12.921Z] GET /api/rsvps
[2026-03-28T17:55:12.921Z] GET /api/content/events
[2026-03-28T17:55:12.922Z] GET /api/content/gallery
[2026-03-28T17:55:12.924Z] GET /api/content/moments
[2026-03-28T17:55:12.925Z] GET /api/content/home_data
[2026-03-28T17:55:12.927Z] GET /api/content/stories
[2026-03-28T17:55:12.929Z] GET /api/content/contact_data
[2026-03-28T17:55:12.930Z] GET /api/content/family_people
[2026-03-28T17:55:12.931Z] GET /api/content/family_families
[2026-03-28T17:55:12.932Z] GET /api/content/family_links
[2026-03-28T17:55:12.933Z] GET /api/content/groom_family_people
[2026-03-28T17:55:12.934Z] GET /api/content/groom_family_families
[2026-03-28T17:55:12.936Z] GET /api/content/groom_family_links
[2026-03-28T17:55:12.936Z] GET /api/rsvps
[2026-03-28T17:55:13.105Z] GET /api/content/events
[2026-03-28T17:55:13.106Z] GET /api/content/moments
[2026-03-28T17:55:13.106Z] GET /api/content/gallery
[2026-03-28T17:55:13.106Z] GET /api/content/stories
[2026-03-28T17:55:13.107Z] GET /api/content/home_data
[2026-03-28T17:55:13.107Z] GET /api/content/contact_data
[2026-03-28T17:55:13.111Z] GET /api/content/family_people
[2026-03-28T17:55:13.114Z] GET /api/content/family_families
[2026-03-28T17:55:13.115Z] GET /api/content/family_links
[2026-03-28T17:55:13.115Z] GET /api/content/groom_family_people
[2026-03-28T17:55:13.116Z] GET /api/content/groom_family_families
[2026-03-28T17:55:13.118Z] GET /api/content/groom_family_links
[2026-03-28T17:55:13.118Z] GET /api/rsvps
[2026-03-28T17:55:13.124Z] GET /api/content/events
[2026-03-28T17:55:13.125Z] GET /api/content/moments
[2026-03-28T17:55:13.126Z] GET /api/content/gallery
[2026-03-28T17:55:13.128Z] GET /api/content/stories
[2026-03-28T17:55:13.129Z] GET /api/content/contact_data
[2026-03-28T17:55:13.129Z] GET /api/content/home_data
[2026-03-28T17:55:13.130Z] GET /api/content/family_people
[2026-03-28T17:55:13.132Z] GET /api/content/family_families
[2026-03-28T17:55:13.134Z] GET /api/content/family_links
[2026-03-28T17:55:13.135Z] GET /api/content/groom_family_people
[2026-03-28T17:55:13.136Z] GET /api/content/groom_family_families
[2026-03-28T17:55:13.137Z] GET /api/content/groom_family_links
[2026-03-28T17:55:13.138Z] GET /api/rsvps
[2026-03-28T17:55:17.549Z] GET /api/content/events
[2026-03-28T17:55:17.550Z] GET /api/content/gallery
[2026-03-28T17:55:17.551Z] GET /api/content/moments
[2026-03-28T17:55:17.551Z] GET /api/content/stories
[2026-03-28T17:55:17.553Z] GET /api/content/home_data
[2026-03-28T17:55:17.554Z] GET /api/content/contact_data
[2026-03-28T17:55:17.560Z] GET /api/content/family_people
[2026-03-28T17:55:17.562Z] GET /api/content/family_families
[2026-03-28T17:55:17.563Z] GET /api/content/family_links
[2026-03-28T17:55:17.566Z] GET /api/content/groom_family_families
[2026-03-28T17:55:17.566Z] GET /api/content/groom_family_people
[2026-03-28T17:55:17.567Z] GET /api/content/groom_family_links
[2026-03-28T17:55:17.568Z] GET /api/rsvps
[2026-03-28T17:55:17.570Z] GET /api/content/events
[2026-03-28T17:55:17.570Z] GET /api/content/gallery
[2026-03-28T17:55:17.572Z] GET /api/content/moments
[2026-03-28T17:55:17.573Z] GET /api/content/stories
[2026-03-28T17:55:17.573Z] GET /api/content/home_data
[2026-03-28T17:55:17.576Z] GET /api/content/family_people
[2026-03-28T17:55:17.577Z] GET /api/content/family_families
[2026-03-28T17:55:17.578Z] GET /api/content/contact_data
[2026-03-28T17:55:17.578Z] GET /api/content/family_links
[2026-03-28T17:55:17.579Z] GET /api/content/groom_family_people
[2026-03-28T17:55:17.580Z] GET /api/content/groom_family_families
[2026-03-28T17:55:17.580Z] GET /api/content/groom_family_links
[2026-03-28T17:55:17.581Z] GET /api/rsvps
[2026-03-28T17:55:39.374Z] GET /api/content/events
[2026-03-28T17:55:39.376Z] GET /api/content/gallery
[2026-03-28T17:55:39.377Z] GET /api/content/home_data
[2026-03-28T17:55:39.377Z] GET /api/content/moments
[2026-03-28T17:55:39.380Z] GET /api/content/stories
[2026-03-28T17:55:39.382Z] GET /api/content/contact_data
[2026-03-28T17:55:39.383Z] GET /api/content/family_families
[2026-03-28T17:55:39.384Z] GET /api/content/family_people
[2026-03-28T17:55:39.385Z] GET /api/content/family_links
[2026-03-28T17:55:39.387Z] GET /api/content/groom_family_people
[2026-03-28T17:55:39.390Z] GET /api/content/groom_family_links
[2026-03-28T17:55:39.391Z] GET /api/content/groom_family_families
[2026-03-28T17:55:39.392Z] GET /api/rsvps
[2026-03-28T17:55:39.393Z] GET /api/content/events
[2026-03-28T17:55:39.395Z] GET /api/content/gallery
[2026-03-28T17:55:39.397Z] GET /api/content/home_data
[2026-03-28T17:55:39.402Z] GET /api/content/moments
[2026-03-28T17:55:39.402Z] GET /api/content/stories
[2026-03-28T17:55:39.404Z] GET /api/content/contact_data
[2026-03-28T17:55:39.404Z] GET /api/content/family_families
[2026-03-28T17:55:39.405Z] GET /api/content/family_people
[2026-03-28T17:55:39.406Z] GET /api/content/family_links
[2026-03-28T17:55:39.408Z] GET /api/content/groom_family_people
[2026-03-28T17:55:39.409Z] GET /api/content/groom_family_links
[2026-03-28T17:55:39.409Z] GET /api/content/groom_family_families
[2026-03-28T17:55:39.410Z] GET /api/rsvps
[2026-03-28T17:57:11.603Z] GET /api/content/gallery
[2026-03-28T17:57:11.614Z] GET /api/content/contact_data
[2026-03-28T17:57:11.635Z] GET /api/content/events
[2026-03-28T17:57:11.656Z] GET /api/content/moments
[2026-03-28T17:57:11.667Z] GET /api/content/family_people
[2026-03-28T17:57:11.696Z] GET /api/content/home_data
[2026-03-28T17:57:11.701Z] GET /api/content/family_families
[2026-03-28T17:57:11.702Z] GET /api/content/family_links
[2026-03-28T17:57:11.757Z] GET /api/content/stories
[2026-03-28T17:57:11.758Z] GET /api/content/groom_family_people
[2026-03-28T17:57:11.763Z] GET /api/content/groom_family_families
[2026-03-28T17:57:11.764Z] GET /api/rsvps
[2026-03-28T17:57:11.765Z] GET /api/content/groom_family_links
[2026-03-28T17:57:11.768Z] GET /api/content/gallery
[2026-03-28T17:57:11.771Z] GET /api/content/family_links
[2026-03-28T17:57:11.772Z] GET /api/content/groom_family_links
[2026-03-28T17:57:11.800Z] GET /api/content/events
[2026-03-28T17:57:11.801Z] GET /api/content/moments
[2026-03-28T17:57:11.808Z] GET /api/content/home_data
[2026-03-28T17:57:11.809Z] GET /api/content/gallery
[2026-03-28T17:57:11.810Z] GET /api/content/contact_data
[2026-03-28T17:57:11.811Z] GET /api/content/stories
[2026-03-28T17:57:11.856Z] GET /api/content/family_people
[2026-03-28T17:57:11.857Z] GET /api/content/family_families
[2026-03-28T17:57:11.857Z] GET /api/content/family_links
[2026-03-28T17:57:11.857Z] GET /api/content/groom_family_people
[2026-03-28T17:57:11.980Z] GET /api/content/groom_family_families
[2026-03-28T17:57:11.981Z] GET /api/content/groom_family_links
[2026-03-28T17:57:11.991Z] GET /api/rsvps
[2026-03-28T17:57:11.997Z] GET /api/content/events
[2026-03-28T17:57:12.002Z] GET /api/content/gallery
[2026-03-28T17:57:12.003Z] GET /api/content/stories
[2026-03-28T17:57:12.010Z] GET /api/content/contact_data
[2026-03-28T17:57:12.024Z] GET /api/content/family_people
[2026-03-28T17:57:12.032Z] GET /api/content/moments
[2026-03-28T17:57:12.035Z] GET /api/content/family_links
[2026-03-28T17:57:12.037Z] GET /api/content/groom_family_people
[2026-03-28T17:57:12.062Z] GET /api/content/events
[2026-03-28T17:57:12.063Z] GET /api/content/gallery
[2026-03-28T17:57:12.063Z] GET /api/content/moments
[2026-03-28T17:57:12.064Z] GET /api/content/home_data
[2026-03-28T17:57:12.064Z] GET /api/content/stories
[2026-03-28T17:57:12.064Z] GET /api/content/contact_data
[2026-03-28T17:57:12.068Z] GET /api/content/family_people
[2026-03-28T17:57:12.069Z] GET /api/content/family_families
[2026-03-28T17:57:12.075Z] GET /api/content/groom_family_people
[2026-03-28T17:57:12.077Z] GET /api/content/family_links
[2026-03-28T17:57:12.078Z] GET /api/content/groom_family_families
[2026-03-28T17:57:12.080Z] GET /api/content/groom_family_links
[2026-03-28T17:57:12.091Z] GET /api/rsvps
[2026-03-28T17:57:12.093Z] GET /api/content/stories
[2026-03-28T17:57:12.093Z] GET /api/content/contact_data
[2026-03-28T17:57:12.096Z] GET /api/content/moments
[2026-03-28T17:57:12.097Z] GET /api/content/gallery
[2026-03-28T17:57:12.101Z] GET /api/content/home_data
[2026-03-28T17:57:12.118Z] GET /api/content/events
[2026-03-28T17:57:12.120Z] GET /api/content/family_people
[2026-03-28T17:57:12.122Z] GET /api/content/family_families
[2026-03-28T17:57:12.123Z] GET /api/content/groom_family_families
[2026-03-28T17:57:12.126Z] GET /api/content/family_links
[2026-03-28T17:57:12.127Z] GET /api/content/groom_family_people
[2026-03-28T17:57:12.128Z] GET /api/content/groom_family_links
[2026-03-28T17:57:12.129Z] GET /api/rsvps
[2026-03-28T17:57:12.188Z] GET /api/content/gallery
[2026-03-28T17:57:12.189Z] GET /api/content/events
[2026-03-28T17:57:12.189Z] GET /api/content/moments
[2026-03-28T17:57:12.190Z] GET /api/content/home_data
[2026-03-28T17:57:12.190Z] GET /api/content/stories
[2026-03-28T17:57:12.190Z] GET /api/content/contact_data
[2026-03-28T17:57:12.198Z] GET /api/content/family_people
[2026-03-28T17:57:12.199Z] GET /api/content/family_families
[2026-03-28T17:57:12.200Z] GET /api/content/family_links
[2026-03-28T17:57:12.200Z] GET /api/content/groom_family_people
[2026-03-28T17:57:12.201Z] GET /api/content/groom_family_families
[2026-03-28T17:57:12.201Z] GET /api/rsvps
[2026-03-28T17:57:12.215Z] GET /api/content/groom_family_links
[2026-03-28T17:57:12.218Z] GET /api/content/events
[2026-03-28T17:57:12.219Z] GET /api/content/gallery
[2026-03-28T17:57:12.220Z] GET /api/content/moments
[2026-03-28T17:57:12.221Z] GET /api/content/home_data
[2026-03-28T17:57:12.235Z] GET /api/content/contact_data
[2026-03-28T17:57:12.240Z] GET /api/content/stories
[2026-03-28T17:57:12.241Z] GET /api/content/groom_family_families
[2026-03-28T17:57:12.242Z] GET /api/content/family_links
[2026-03-28T17:57:12.242Z] GET /api/content/family_people
[2026-03-28T17:57:12.242Z] GET /api/content/groom_family_people
[2026-03-28T17:57:12.255Z] GET /api/content/family_families
[2026-03-28T17:57:12.256Z] GET /api/rsvps
[2026-03-28T17:57:12.259Z] GET /api/content/groom_family_links
[2026-03-28T17:57:12.394Z] GET /api/content/events
[2026-03-28T17:57:12.394Z] GET /api/content/gallery
[2026-03-28T17:57:12.395Z] GET /api/content/moments
[2026-03-28T17:57:12.397Z] GET /api/content/home_data
[2026-03-28T17:57:12.399Z] GET /api/content/stories
[2026-03-28T17:57:12.399Z] GET /api/content/contact_data
[2026-03-28T17:57:12.400Z] GET /api/content/family_people
[2026-03-28T17:57:12.401Z] GET /api/content/family_families
[2026-03-28T17:57:12.404Z] GET /api/content/family_links
[2026-03-28T17:57:12.405Z] GET /api/content/groom_family_people
[2026-03-28T17:57:12.409Z] GET /api/rsvps
[2026-03-28T17:57:12.410Z] GET /api/content/groom_family_links
[2026-03-28T17:57:12.421Z] GET /api/content/groom_family_families
[2026-03-28T17:57:12.423Z] GET /api/content/events
[2026-03-28T17:57:12.424Z] GET /api/content/gallery
[2026-03-28T17:57:12.425Z] GET /api/content/moments
[2026-03-28T17:57:12.431Z] GET /api/content/family_people
[2026-03-28T17:57:12.440Z] GET /api/content/family_families
[2026-03-28T17:57:12.442Z] GET /api/content/groom_family_people
[2026-03-28T17:57:12.444Z] GET /api/content/home_data
[2026-03-28T17:57:12.445Z] GET /api/content/contact_data
[2026-03-28T17:57:12.452Z] GET /api/content/stories
[2026-03-28T17:57:12.453Z] GET /api/content/family_links
[2026-03-28T17:57:12.462Z] GET /api/content/groom_family_links
[2026-03-28T17:57:12.462Z] GET /api/content/groom_family_families
[2026-03-28T17:57:12.463Z] GET /api/rsvps
[2026-03-28T17:57:12.664Z] GET /api/content/gallery
[2026-03-28T17:57:12.665Z] GET /api/content/events
[2026-03-28T17:57:12.665Z] GET /api/content/home_data
[2026-03-28T17:57:12.666Z] GET /api/content/moments
[2026-03-28T17:57:12.689Z] GET /api/content/stories
[2026-03-28T17:57:12.689Z] GET /api/content/contact_data
[2026-03-28T17:57:12.712Z] GET /api/content/family_people
[2026-03-28T17:57:12.721Z] GET /api/content/family_families
[2026-03-28T17:57:12.723Z] GET /api/content/family_links
[2026-03-28T17:57:12.723Z] GET /api/content/groom_family_people
[2026-03-28T17:57:12.726Z] GET /api/content/groom_family_families
[2026-03-28T17:57:12.726Z] GET /api/content/groom_family_links
[2026-03-28T17:57:12.727Z] GET /api/rsvps
[2026-03-28T17:57:12.728Z] GET /api/content/events
[2026-03-28T17:57:12.729Z] GET /api/content/gallery
[2026-03-28T17:57:12.729Z] GET /api/content/contact_data
[2026-03-28T17:57:12.729Z] GET /api/content/stories
[2026-03-28T17:57:12.730Z] GET /api/content/home_data
[2026-03-28T17:57:12.732Z] GET /api/content/moments
[2026-03-28T17:57:12.732Z] GET /api/content/family_people
[2026-03-28T17:57:12.733Z] GET /api/content/family_families
[2026-03-28T17:57:12.753Z] GET /api/content/family_links
[2026-03-28T17:57:12.754Z] GET /api/content/groom_family_people
[2026-03-28T17:57:12.754Z] GET /api/content/groom_family_families
[2026-03-28T17:57:12.758Z] GET /api/content/groom_family_links
[2026-03-28T17:57:12.762Z] GET /api/rsvps
[2026-03-28T17:57:13.032Z] GET /api/content/events
[2026-03-28T17:57:13.033Z] GET /api/content/moments
[2026-03-28T17:57:13.034Z] GET /api/content/home_data
[2026-03-28T17:57:13.037Z] GET /api/content/stories
[2026-03-28T17:57:13.038Z] GET /api/content/contact_data
[2026-03-28T17:57:13.038Z] GET /api/content/gallery
[2026-03-28T17:57:13.044Z] GET /api/content/family_families
[2026-03-28T17:57:13.045Z] GET /api/content/groom_family_people
[2026-03-28T17:57:13.088Z] GET /api/content/family_links
[2026-03-28T17:57:13.089Z] GET /api/content/groom_family_families
[2026-03-28T17:57:13.090Z] GET /api/content/family_people
[2026-03-28T17:57:13.090Z] GET /api/content/groom_family_links
[2026-03-28T17:57:13.090Z] GET /api/rsvps
[2026-03-28T17:57:13.096Z] GET /api/content/events
[2026-03-28T17:57:13.098Z] GET /api/content/contact_data
[2026-03-28T17:57:13.098Z] GET /api/content/home_data
[2026-03-28T17:57:13.099Z] GET /api/content/family_links
[2026-03-28T17:57:13.100Z] GET /api/rsvps
[2026-03-28T17:57:13.134Z] GET /api/content/events
[2026-03-28T17:57:13.136Z] GET /api/content/moments
[2026-03-28T17:57:13.136Z] GET /api/content/gallery
[2026-03-28T17:57:13.137Z] GET /api/content/home_data
[2026-03-28T17:57:13.138Z] GET /api/content/stories
[2026-03-28T17:57:13.138Z] GET /api/content/contact_data
[2026-03-28T17:57:13.147Z] GET /api/content/family_people
[2026-03-28T17:57:13.148Z] GET /api/content/family_families
[2026-03-28T17:57:13.149Z] GET /api/content/family_links
[2026-03-28T17:57:13.149Z] GET /api/content/groom_family_people
[2026-03-28T17:57:13.149Z] GET /api/content/groom_family_families
[2026-03-28T17:57:13.157Z] GET /api/content/groom_family_links
[2026-03-28T17:57:13.164Z] GET /api/rsvps
[2026-03-28T17:57:13.168Z] GET /api/content/moments
[2026-03-28T17:57:13.169Z] GET /api/content/gallery
[2026-03-28T17:57:13.169Z] GET /api/content/stories
[2026-03-28T17:57:13.169Z] GET /api/content/home_data
[2026-03-28T17:57:13.178Z] GET /api/content/contact_data
[2026-03-28T17:57:13.189Z] GET /api/content/events
[2026-03-28T17:57:13.189Z] GET /api/content/groom_family_families
[2026-03-28T17:57:13.190Z] GET /api/content/groom_family_people
[2026-03-28T17:57:13.190Z] GET /api/content/family_links
[2026-03-28T17:57:13.198Z] GET /api/content/family_families
[2026-03-28T17:57:13.221Z] GET /api/content/family_people
[2026-03-28T17:57:13.221Z] GET /api/content/groom_family_links
[2026-03-28T17:57:13.222Z] GET /api/rsvps
[2026-03-28T17:59:12.177Z] GET /api/content/moments
[2026-03-28T17:59:12.184Z] GET /api/content/home_data
[2026-03-28T17:59:12.185Z] GET /api/content/gallery
[2026-03-28T17:59:12.196Z] GET /api/content/contact_data
[2026-03-28T17:59:12.199Z] GET /api/content/events
[2026-03-28T17:59:12.201Z] GET /api/content/family_people
[2026-03-28T17:59:12.202Z] GET /api/content/stories
[2026-03-28T17:59:12.203Z] GET /api/content/family_families
[2026-03-28T17:59:12.204Z] GET /api/content/family_links
[2026-03-28T17:59:12.216Z] GET /api/content/groom_family_people
[2026-03-28T17:59:12.219Z] GET /api/content/groom_family_families
[2026-03-28T17:59:12.219Z] GET /api/content/groom_family_links
[2026-03-28T17:59:12.220Z] GET /api/rsvps
[2026-03-28T17:59:12.222Z] GET /api/content/moments
[2026-03-28T17:59:12.225Z] GET /api/content/home_data
[2026-03-28T17:59:12.228Z] GET /api/content/gallery
[2026-03-28T17:59:12.232Z] GET /api/content/contact_data
[2026-03-28T17:59:12.234Z] GET /api/content/events
[2026-03-28T17:59:12.237Z] GET /api/content/family_people
[2026-03-28T17:59:12.238Z] GET /api/content/family_families
[2026-03-28T17:59:12.239Z] GET /api/content/stories
[2026-03-28T17:59:12.248Z] GET /api/content/family_links
[2026-03-28T17:59:12.249Z] GET /api/content/groom_family_people
[2026-03-28T17:59:12.250Z] GET /api/content/groom_family_families
[2026-03-28T17:59:12.250Z] GET /api/content/groom_family_links
[2026-03-28T17:59:12.251Z] GET /api/rsvps
[2026-03-28T17:59:42.575Z] GET /api/content/events
[2026-03-28T17:59:42.578Z] GET /api/content/gallery
[2026-03-28T17:59:42.596Z] GET /api/content/moments
[2026-03-28T17:59:42.600Z] GET /api/content/home_data
[2026-03-28T17:59:42.603Z] GET /api/content/contact_data
[2026-03-28T17:59:42.608Z] GET /api/content/family_people
[2026-03-28T17:59:42.610Z] GET /api/content/stories
[2026-03-28T17:59:42.611Z] GET /api/content/family_families
[2026-03-28T17:59:42.613Z] GET /api/content/family_links
[2026-03-28T17:59:42.615Z] GET /api/content/groom_family_people
[2026-03-28T17:59:42.616Z] GET /api/content/groom_family_families
[2026-03-28T17:59:42.618Z] GET /api/content/groom_family_links
[2026-03-28T17:59:42.620Z] GET /api/rsvps
[2026-03-28T17:59:49.591Z] POST /api/content/stories
[2026-03-28T17:59:54.163Z] POST /api/content/stories
[2026-03-28T17:59:59.437Z] POST /api/content/stories
[2026-03-28T17:59:59.549Z] POST /api/content/stories
[2026-03-28T17:59:59.581Z] POST /api/content/stories
[2026-03-28T17:59:59.798Z] POST /api/content/stories
[2026-03-28T17:59:59.916Z] POST /api/content/stories
[2026-03-28T18:00:00.869Z] POST /api/content/stories
[2026-03-28T18:00:01.250Z] POST /api/content/stories
[2026-03-28T18:00:01.415Z] POST /api/content/stories
[2026-03-28T18:00:01.759Z] POST /api/content/stories
[2026-03-28T18:00:02.068Z] POST /api/content/stories
[2026-03-28T18:00:04.405Z] POST /api/content/stories
[2026-03-28T18:00:04.486Z] POST /api/content/stories
[2026-03-28T18:00:05.653Z] POST /api/content/stories
[2026-03-28T18:00:05.791Z] POST /api/content/stories
[2026-03-28T18:00:05.819Z] POST /api/content/stories
[2026-03-28T18:00:06.051Z] POST /api/content/stories
[2026-03-28T18:00:06.188Z] POST /api/content/stories
[2026-03-28T18:00:06.367Z] POST /api/content/stories
[2026-03-28T18:00:06.476Z] POST /api/content/stories
[2026-03-28T18:00:08.551Z] POST /api/content/stories
[2026-03-28T18:00:08.676Z] POST /api/content/stories
[2026-03-28T18:00:08.725Z] POST /api/content/stories
[2026-03-28T18:00:08.888Z] POST /api/content/stories
[2026-03-28T18:00:09.007Z] POST /api/content/stories
[2026-03-28T18:00:09.180Z] POST /api/content/stories
[2026-03-28T18:00:09.295Z] POST /api/content/stories
[2026-03-28T18:00:09.470Z] POST /api/content/stories
[2026-03-28T18:00:09.478Z] POST /api/content/stories
[2026-03-28T18:00:09.568Z] POST /api/content/stories
[2026-03-28T18:00:09.731Z] POST /api/content/stories
[2026-03-28T18:00:09.763Z] POST /api/content/stories
[2026-03-28T18:00:09.814Z] POST /api/content/stories
[2026-03-28T18:00:55.506Z] GET /api/rsvps
[2026-03-28T18:00:55.510Z] GET /api/users
[2026-03-28T18:00:55.511Z] GET /api/guests
[2026-03-28T18:00:55.538Z] GET /api/users
[2026-03-28T18:00:55.539Z] GET /api/rsvps
[2026-03-28T18:00:55.539Z] GET /api/guests
[2026-03-28T18:01:00.502Z] GET /api/users
[2026-03-28T18:01:00.503Z] GET /api/guests
[2026-03-28T18:01:00.504Z] GET /api/rsvps
[2026-03-28T18:01:23.385Z] GET /api/users
[2026-03-28T18:01:23.391Z] GET /api/guests
[2026-03-28T18:01:23.392Z] GET /api/rsvps
[2026-03-28T18:01:23.411Z] GET /api/users
[2026-03-28T18:01:23.412Z] GET /api/guests
[2026-03-28T18:01:23.417Z] GET /api/rsvps
[2026-03-28T18:01:28.378Z] GET /api/users
[2026-03-28T18:01:28.379Z] GET /api/guests
[2026-03-28T18:01:28.380Z] GET /api/rsvps
[2026-03-28T18:01:33.377Z] GET /api/users
[2026-03-28T18:01:33.378Z] GET /api/guests
[2026-03-28T18:01:33.380Z] GET /api/rsvps
[2026-03-28T18:01:38.369Z] POST /api/guests
[2026-03-28T18:01:38.374Z] GET /api/users
[2026-03-28T18:01:38.374Z] GET /api/guests
[2026-03-28T18:01:38.375Z] GET /api/rsvps
[2026-03-28T18:01:38.388Z] GET /api/guests
[2026-03-28T18:01:38.389Z] GET /api/users
[2026-03-28T18:01:38.390Z] GET /api/rsvps
[2026-03-28T18:01:41.828Z] POST /api/users
[2026-03-28T18:01:41.838Z] GET /api/users
[2026-03-28T18:01:41.839Z] GET /api/guests
[2026-03-28T18:01:41.840Z] GET /api/rsvps
[2026-03-28T18:01:43.376Z] GET /api/users
[2026-03-28T18:01:43.378Z] GET /api/guests
[2026-03-28T18:01:43.380Z] GET /api/rsvps
[2026-03-28T18:01:48.376Z] GET /api/rsvps
[2026-03-28T18:01:48.377Z] GET /api/users
[2026-03-28T18:01:48.379Z] GET /api/guests
[2026-03-28T18:01:53.750Z] POST /api/login
[2026-03-28T18:02:00.344Z] POST /api/login
[2026-03-28T18:02:00.371Z] GET /api/users
[2026-03-28T18:02:00.372Z] GET /api/guests
[2026-03-28T18:02:00.373Z] GET /api/rsvps
[2026-03-28T18:02:00.382Z] GET /api/users
[2026-03-28T18:02:00.391Z] GET /api/guests
[2026-03-28T18:02:00.392Z] GET /api/rsvps
[2026-03-28T18:02:06.248Z] POST /api/login
[2026-03-28T18:02:28.766Z] POST /api/rsvp
[2026-03-28T18:10:00.620Z] POST /api/login
[2026-03-28T18:10:01.035Z] GET /api/users
[2026-03-28T18:10:01.037Z] GET /api/guests
[2026-03-28T18:10:01.043Z] GET /api/rsvps
[2026-03-28T18:10:01.046Z] GET /api/users
[2026-03-28T18:10:01.133Z] GET /api/guests
[2026-03-28T18:10:01.156Z] GET /api/rsvps
[2026-03-28T18:13:32.687Z] POST /api/content/stories
[2026-03-28T18:13:34.529Z] POST /api/content/stories
[2026-03-28T18:13:41.362Z] POST /api/content/events
[2026-03-28T18:13:45.797Z] GET /api/users
[2026-03-28T18:13:45.798Z] GET /api/guests
[2026-03-28T18:13:45.800Z] GET /api/rsvps
[2026-03-28T18:13:45.819Z] GET /api/users
[2026-03-28T18:13:45.829Z] GET /api/guests
[2026-03-28T18:13:45.830Z] GET /api/rsvps
[2026-03-28T18:13:47.360Z] GET /api/users
[2026-03-28T18:13:47.361Z] GET /api/guests
[2026-03-28T18:13:47.363Z] GET /api/rsvps
[2026-03-28T18:13:47.368Z] GET /api/users
[2026-03-28T18:13:47.370Z] GET /api/guests
[2026-03-28T18:13:47.372Z] GET /api/rsvps
[2026-03-28T18:13:52.193Z] GET /api/users
[2026-03-28T18:13:52.194Z] GET /api/guests
[2026-03-28T18:13:52.196Z] GET /api/rsvps
[2026-03-28T18:13:52.200Z] GET /api/users
[2026-03-28T18:13:52.202Z] GET /api/guests
[2026-03-28T18:13:52.207Z] GET /api/rsvps
[2026-03-28T18:13:57.185Z] GET /api/users
[2026-03-28T18:13:57.187Z] GET /api/guests
[2026-03-28T18:13:57.188Z] GET /api/rsvps
[2026-03-28T18:13:57.719Z] POST /api/guests
[2026-03-28T18:13:57.736Z] GET /api/guests
[2026-03-28T18:13:57.737Z] GET /api/users
[2026-03-28T18:13:57.738Z] GET /api/rsvps
[2026-03-28T18:13:59.027Z] POST /api/users
[2026-03-28T18:13:59.037Z] GET /api/users
[2026-03-28T18:13:59.038Z] GET /api/guests
[2026-03-28T18:13:59.040Z] GET /api/rsvps
[2026-03-28T18:14:02.185Z] GET /api/guests
[2026-03-28T18:14:02.186Z] GET /api/users
[2026-03-28T18:14:02.186Z] GET /api/rsvps
[2026-03-28T18:14:04.778Z] POST /api/login
[2026-03-28T18:14:46.664Z] POST /api/rsvp
[2026-03-28T18:15:07.868Z] POST /api/content/moments
PayloadTooLargeError: request entity too large
    at readStream (/Users/raacoon/Desktop/Project/invitation2/node_modules/raw-body/index.js:163:17)
    at getRawBody (/Users/raacoon/Desktop/Project/invitation2/node_modules/raw-body/index.js:116:12)
    at read (/Users/raacoon/Desktop/Project/invitation2/node_modules/body-parser/lib/read.js:114:3)
    at jsonParser (/Users/raacoon/Desktop/Project/invitation2/node_modules/body-parser/lib/types/json.js:90:5)
    at Layer.handleRequest (/Users/raacoon/Desktop/Project/invitation2/node_modules/router/lib/layer.js:152:17)
    at trimPrefix (/Users/raacoon/Desktop/Project/invitation2/node_modules/router/index.js:342:13)
    at /Users/raacoon/Desktop/Project/invitation2/node_modules/router/index.js:297:9
    at processParams (/Users/raacoon/Desktop/Project/invitation2/node_modules/router/index.js:582:12)
    at next (/Users/raacoon/Desktop/Project/invitation2/node_modules/router/index.js:291:5)
    at cors (/Users/raacoon/Desktop/Project/invitation2/node_modules/cors/lib/index.js:188:7)
[2026-03-28T18:15:21.105Z] GET /api/content/events
[2026-03-28T18:15:21.107Z] GET /api/content/stories
[2026-03-28T18:15:21.108Z] GET /api/content/moments
[2026-03-28T18:15:21.108Z] GET /api/content/home_data
[2026-03-28T18:15:21.109Z] GET /api/content/contact_data
[2026-03-28T18:15:21.114Z] GET /api/content/gallery
[2026-03-28T18:15:21.132Z] GET /api/content/family_people
[2026-03-28T18:15:21.133Z] GET /api/content/groom_family_families
[2026-03-28T18:15:21.134Z] GET /api/content/family_families
[2026-03-28T18:15:21.136Z] GET /api/content/groom_family_links
[2026-03-28T18:15:21.137Z] GET /api/content/family_links
[2026-03-28T18:15:21.138Z] GET /api/content/groom_family_people
[2026-03-28T18:15:21.139Z] GET /api/rsvps
[2026-03-28T18:15:21.141Z] GET /api/content/events
[2026-03-28T18:15:21.143Z] GET /api/content/stories
[2026-03-28T18:15:21.144Z] GET /api/content/moments
[2026-03-28T18:15:21.146Z] GET /api/content/home_data
[2026-03-28T18:15:21.149Z] GET /api/content/contact_data
[2026-03-28T18:15:21.152Z] GET /api/content/gallery
[2026-03-28T18:15:21.154Z] GET /api/content/family_people
[2026-03-28T18:15:21.156Z] GET /api/content/groom_family_families
[2026-03-28T18:15:21.156Z] GET /api/content/family_families
[2026-03-28T18:15:21.157Z] GET /api/content/groom_family_links
[2026-03-28T18:15:21.157Z] GET /api/content/family_links
[2026-03-28T18:15:21.158Z] GET /api/content/groom_family_people
[2026-03-28T18:15:21.159Z] GET /api/rsvps
[2026-03-28T18:16:23.926Z] GET /api/content/home_data
[2026-03-28T18:16:23.930Z] GET /api/content/events
[2026-03-28T18:16:23.931Z] GET /api/content/gallery
[2026-03-28T18:16:23.931Z] GET /api/content/moments
[2026-03-28T18:16:23.934Z] GET /api/content/contact_data
[2026-03-28T18:16:23.938Z] GET /api/content/stories
[2026-03-28T18:16:23.939Z] GET /api/content/family_people
[2026-03-28T18:16:23.940Z] GET /api/content/family_families
[2026-03-28T18:16:23.941Z] GET /api/content/family_links
[2026-03-28T18:16:23.942Z] GET /api/content/groom_family_people
[2026-03-28T18:16:23.943Z] GET /api/content/groom_family_families
[2026-03-28T18:16:23.944Z] GET /api/content/groom_family_links
[2026-03-28T18:16:23.945Z] GET /api/rsvps
[2026-03-28T18:16:23.946Z] GET /api/content/home_data
[2026-03-28T18:16:23.946Z] GET /api/content/gallery
[2026-03-28T18:16:23.946Z] GET /api/content/events
[2026-03-28T18:16:23.946Z] GET /api/content/moments
[2026-03-28T18:16:23.947Z] GET /api/content/contact_data
[2026-03-28T18:16:23.956Z] GET /api/content/stories
[2026-03-28T18:16:23.956Z] GET /api/content/family_people
[2026-03-28T18:16:23.956Z] GET /api/content/family_families
[2026-03-28T18:16:23.956Z] GET /api/content/family_links
[2026-03-28T18:16:23.957Z] GET /api/content/groom_family_people
[2026-03-28T18:16:23.957Z] GET /api/content/groom_family_families
[2026-03-28T18:16:23.959Z] GET /api/content/groom_family_links
[2026-03-28T18:16:23.959Z] GET /api/rsvps
[2026-03-28T18:16:33.576Z] POST /api/login
[2026-03-28T18:16:33.709Z] GET /api/rsvps
[2026-03-28T18:16:33.713Z] GET /api/users
[2026-03-28T18:16:33.718Z] GET /api/guests
[2026-03-28T18:16:33.809Z] GET /api/users
[2026-03-28T18:16:33.890Z] GET /api/guests
[2026-03-28T18:16:33.891Z] GET /api/rsvps
[2026-03-28T18:16:39.163Z] POST /api/content/moments
[2026-03-28T18:17:18.573Z] GET /api/guests
[2026-03-28T18:17:18.582Z] GET /api/users
[2026-03-28T18:17:18.583Z] GET /api/rsvps
[2026-03-28T18:17:18.716Z] GET /api/users
[2026-03-28T18:17:18.717Z] GET /api/guests
[2026-03-28T18:17:18.735Z] GET /api/rsvps
[2026-03-28T18:17:36.134Z] POST /api/content/gallery
PayloadTooLargeError: request entity too large
    at readStream (/Users/raacoon/Desktop/Project/invitation2/node_modules/raw-body/index.js:163:17)
    at getRawBody (/Users/raacoon/Desktop/Project/invitation2/node_modules/raw-body/index.js:116:12)
    at read (/Users/raacoon/Desktop/Project/invitation2/node_modules/body-parser/lib/read.js:114:3)
    at jsonParser (/Users/raacoon/Desktop/Project/invitation2/node_modules/body-parser/lib/types/json.js:90:5)
    at Layer.handleRequest (/Users/raacoon/Desktop/Project/invitation2/node_modules/router/lib/layer.js:152:17)
    at trimPrefix (/Users/raacoon/Desktop/Project/invitation2/node_modules/router/index.js:342:13)
    at /Users/raacoon/Desktop/Project/invitation2/node_modules/router/index.js:297:9
    at processParams (/Users/raacoon/Desktop/Project/invitation2/node_modules/router/index.js:582:12)
    at next (/Users/raacoon/Desktop/Project/invitation2/node_modules/router/index.js:291:5)
    at cors (/Users/raacoon/Desktop/Project/invitation2/node_modules/cors/lib/index.js:188:7)
[2026-03-28T18:17:42.047Z] POST /api/content/gallery
PayloadTooLargeError: request entity too large
    at readStream (/Users/raacoon/Desktop/Project/invitation2/node_modules/raw-body/index.js:163:17)
    at getRawBody (/Users/raacoon/Desktop/Project/invitation2/node_modules/raw-body/index.js:116:12)
    at read (/Users/raacoon/Desktop/Project/invitation2/node_modules/body-parser/lib/read.js:114:3)
    at jsonParser (/Users/raacoon/Desktop/Project/invitation2/node_modules/body-parser/lib/types/json.js:90:5)
    at Layer.handleRequest (/Users/raacoon/Desktop/Project/invitation2/node_modules/router/lib/layer.js:152:17)
    at trimPrefix (/Users/raacoon/Desktop/Project/invitation2/node_modules/router/index.js:342:13)
    at /Users/raacoon/Desktop/Project/invitation2/node_modules/router/index.js:297:9
    at processParams (/Users/raacoon/Desktop/Project/invitation2/node_modules/router/index.js:582:12)
    at next (/Users/raacoon/Desktop/Project/invitation2/node_modules/router/index.js:291:5)
    at cors (/Users/raacoon/Desktop/Project/invitation2/node_modules/cors/lib/index.js:188:7)
[2026-03-28T18:17:44.817Z] GET /api/content/moments
[2026-03-28T18:17:44.821Z] GET /api/content/events
[2026-03-28T18:17:44.821Z] GET /api/content/gallery
[2026-03-28T18:17:44.822Z] GET /api/content/family_links
[2026-03-28T18:17:44.823Z] GET /api/content/stories
[2026-03-28T18:17:44.823Z] GET /api/content/groom_family_people
[2026-03-28T18:17:45.289Z] GET /api/content/contact_data
[2026-03-28T18:17:45.306Z] GET /api/content/family_people
[2026-03-28T18:17:45.306Z] GET /api/content/groom_family_links
[2026-03-28T18:17:45.307Z] GET /api/content/groom_family_families
[2026-03-28T18:17:45.308Z] GET /api/content/home_data
[2026-03-28T18:17:45.313Z] GET /api/content/family_families
[2026-03-28T18:17:45.322Z] GET /api/rsvps
[2026-03-28T18:17:45.331Z] GET /api/content/gallery
[2026-03-28T18:17:45.367Z] GET /api/content/events
[2026-03-28T18:17:45.368Z] GET /api/content/groom_family_people
[2026-03-28T18:17:45.376Z] GET /api/content/family_links
[2026-03-28T18:17:45.377Z] GET /api/content/stories
[2026-03-28T18:17:45.379Z] GET /api/content/moments
[2026-03-28T18:17:45.381Z] GET /api/content/contact_data
[2026-03-28T18:17:45.384Z] GET /api/content/home_data
[2026-03-28T18:17:45.385Z] GET /api/content/groom_family_families
[2026-03-28T18:17:45.386Z] GET /api/content/groom_family_links
[2026-03-28T18:17:45.402Z] GET /api/content/family_families
[2026-03-28T18:17:45.403Z] GET /api/content/family_people
[2026-03-28T18:17:46.150Z] GET /api/rsvps
[2026-03-28T18:17:56.211Z] GET /api/users
[2026-03-28T18:17:56.214Z] GET /api/guests
[2026-03-28T18:17:56.219Z] GET /api/rsvps
[2026-03-28T18:17:56.663Z] GET /api/users
[2026-03-28T18:17:56.663Z] GET /api/guests
[2026-03-28T18:17:56.684Z] GET /api/rsvps
[2026-03-28T18:17:59.020Z] GET /api/users
[2026-03-28T18:17:59.021Z] GET /api/guests
[2026-03-28T18:17:59.023Z] GET /api/rsvps
[2026-03-28T18:17:59.034Z] GET /api/users
[2026-03-28T18:17:59.035Z] GET /api/guests
[2026-03-28T18:17:59.037Z] GET /api/rsvps
[2026-03-28T18:21:30.259Z] POST /api/content/contact_data
[2026-03-28T18:21:42.360Z] POST /api/content/contact_data
[2026-03-28T18:22:07.210Z] POST /api/content/contact_data
[2026-03-28T18:23:40.422Z] POST /api/content/contact_data
[2026-03-28T18:23:45.645Z] POST /api/content/contact_data
[2026-03-28T18:23:50.945Z] POST /api/content/contact_data
[2026-03-28T18:23:52.514Z] POST /api/content/contact_data
[2026-03-28T18:24:03.328Z] POST /api/content/contact_data
[2026-03-28T18:25:53.705Z] GET /api/guests
[2026-03-28T18:25:53.713Z] GET /api/users
[2026-03-28T18:25:53.715Z] GET /api/rsvps
[2026-03-28T18:25:53.745Z] GET /api/users
[2026-03-28T18:25:53.747Z] GET /api/guests
[2026-03-28T18:25:53.874Z] GET /api/rsvps
[2026-03-28T18:25:58.685Z] GET /api/users
[2026-03-28T18:25:58.686Z] GET /api/guests
[2026-03-28T18:25:58.688Z] GET /api/rsvps
[2026-03-28T18:27:19.630Z] POST /api/content/contact_data
